#usda 1.0
(
    defaultPrim = "Root"
    doc = """Generated from Composed Stage of root layer 
"""
    metersPerUnit = 1
    upAxis = "Y"
)

def Xform "Root"
{
    def "Materials"
    {
        def Material "CeilingSpill"
        {
            asset inputs:Texture = @textures/Black.png@ (
                customData = {
                    dictionary realitykit = {
                        float2 positionInSubgraph = (-996.7243, 476.19012)
                        int stackingOrderInSubgraph = 4713
                    }
                }
            )
            token outputs:mtlx:surface.connect = </Root/Materials/CeilingSpill/UnlitSurface.outputs:out>
            token outputs:realitykit:vertex
            float2 ui:nodegraph:realitykit:subgraphOutputs:pos = (341.25, 106.5)

            def Shader "Multiply"
            {
                uniform token info:id = "ND_multiply_color3"
                color3f inputs:in1.connect = </Root/Materials/CeilingSpill/Constant.outputs:out>
                color3f inputs:in2.connect = </Root/Materials/CeilingSpill/Combine3_1.outputs:out>
                color3f outputs:out
                float2 ui:nodegraph:node:pos = (-557.81885, 158.30847)
                int ui:nodegraph:node:stackingOrder = 4713
            }

            def Shader "Swizzle_1"
            {
                uniform token info:id = "ND_swizzle_color4_color3"
                string inputs:channels = "rgb"
                color4f inputs:in.connect = </Root/Materials/CeilingSpill/RealitykitReflectionDiffuse_1.outputs:out>
                color3f outputs:out
                float2 ui:nodegraph:node:pos = (-589.7189, -79.19628)
                int ui:nodegraph:node:stackingOrder = 4713
            }

            def Shader "RealitykitReflectionSpecular"
            {
                uniform token info:id = "ND_realitykit_light_spill_specular"
                float2 inputs:antialiasingStrength
                float3 inputs:normal.connect = </Root/Materials/CeilingSpill/Normal_1.outputs:out>
                float3 inputs:reflection_origin
                float3 inputs:unreflected_direction.connect = </Root/Materials/CeilingSpill/ViewDirection_1.outputs:out>
                color4f outputs:out
                float2 ui:nodegraph:node:pos = (-1265.8586, 172.63564)
                int ui:nodegraph:node:stackingOrder = 4713
            }

            def Shader "Normal_1"
            {
                uniform token info:id = "ND_normal_vector3"
                string inputs:space = "world"
                float3 outputs:out
                float2 ui:nodegraph:node:pos = (-1520.3969, 219.3036)
                int ui:nodegraph:node:stackingOrder = 4713
            }

            def Shader "Image"
            {
                uniform token info:id = "ND_image_color3"
                color3f inputs:default
                asset inputs:file.connect = </Root/Materials/CeilingSpill.inputs:Texture>
                string inputs:filtertype
                float2 inputs:texcoord.connect = </Root/Materials/CeilingSpill/UsdPrimvarReader_5.outputs:out>
                string inputs:uaddressmode
                string inputs:vaddressmode
                color3f outputs:out
                float2 ui:nodegraph:node:pos = (-716.46423, 512.229)
                int ui:nodegraph:node:stackingOrder = 4713
            }

            def Shader "UsdPrimvarReader_5"
            {
                uniform token info:id = "ND_UsdPrimvarReader_vector2"
                float2 inputs:fallback
                string inputs:varname = "UVChannel_1"
                float2 outputs:out
                float2 ui:nodegraph:node:pos = (-1020.0098, 586.65924)
                int ui:nodegraph:node:stackingOrder = 4713
                string[] ui:nodegraph:realitykit:node:attributesShowingChildren = ["inputs:varname"]
            }

            def Shader "Constant"
            {
                uniform token info:id = "ND_constant_color3"
                color3f inputs:value = (0, 0, 0) (
                    colorSpace = "lin_srgb"
                )
                color3f outputs:out
                float2 ui:nodegraph:node:pos = (-755.0701, 118.9159)
                int ui:nodegraph:node:stackingOrder = 4718
            }

            def Shader "ViewDirection_1"
            {
                uniform token info:id = "ND_realitykit_viewdirection_vector3"
                float3 outputs:out
                float2 ui:nodegraph:node:pos = (-1564.654, 151.66467)
                int ui:nodegraph:node:stackingOrder = 4713
            }

            def Shader "UsdPrimvarReader_3"
            {
                uniform token info:id = "ND_UsdPrimvarReader_vector2"
                float2 inputs:fallback
                string inputs:varname = "attenuationUVs"
                float2 outputs:out
                float2 ui:nodegraph:node:pos = (-1205.6144, -86.79345)
                int ui:nodegraph:node:stackingOrder = 4713
            }

            def Shader "RealitykitReflectionDiffuse_1"
            {
                uniform token info:id = "ND_realitykit_light_spill_diffuse"
                asset inputs:attenuationMap = @textures/DefaultAttenuationMap.exr@
                float2 inputs:attenuationUV.connect = </Root/Materials/CeilingSpill/UsdPrimvarReader_3.outputs:out>
                float2 inputs:emitterUV.connect = </Root/Materials/CeilingSpill/UsdPrimvarReader_4.outputs:out>
                color4f outputs:out
                float2 ui:nodegraph:node:pos = (-867.3927, -137.85753)
                int ui:nodegraph:node:stackingOrder = 4715
            }

            def Shader "Add_2"
            {
                uniform token info:id = "ND_add_color3"
                color3f inputs:in1.connect = </Root/Materials/CeilingSpill/RibMultiply.outputs:out>
                color3f inputs:in2.connect = </Root/Materials/CeilingSpill/Plus.outputs:out>
                color3f outputs:out
                float2 ui:nodegraph:node:pos = (-152.03864, 76.672005)
                int ui:nodegraph:node:stackingOrder = 4713
            }

            def Shader "RibImage"
            {
                uniform token info:id = "ND_image_color3"
                color3f inputs:default = (1, 1, 1)
                asset inputs:file = @textures/RibMask.png@
                float2 inputs:texcoord.connect = </Root/Materials/CeilingSpill/UsdPrimvarReader_5.outputs:out>
                string inputs:uaddressmode = "periodic"
                string inputs:vaddressmode = "periodic"
                color3f outputs:out
            }

            def Shader "RibMultiply"
            {
                uniform token info:id = "ND_multiply_color3"
                color3f inputs:in1.connect = </Root/Materials/CeilingSpill/Multiply_2.outputs:out>
                color3f inputs:in2.connect = </Root/Materials/CeilingSpill/RibImage.outputs:out>
                color3f outputs:out
            }

            def Shader "UnlitSurface"
            {
                uniform token info:id = "ND_realitykit_unlit_surfaceshader"
                bool inputs:applyPostProcessToneMap = 0
                color3f inputs:color.connect = </Root/Materials/CeilingSpill/Add_2.outputs:out>
                bool inputs:hasPremultipliedAlpha
                float inputs:opacity
                float inputs:opacityThreshold
                token outputs:out
                float2 ui:nodegraph:node:pos = (36.607483, 99.819954)
                int ui:nodegraph:node:stackingOrder = 4713
                string[] ui:nodegraph:realitykit:node:attributesShowingChildren = ["inputs:opacityThreshold"]
            }

            def Shader "Combine3_1"
            {
                uniform token info:id = "ND_combine3_color3"
                float inputs:in1.connect = </Root/Materials/CeilingSpill/Separate4_1.outputs:outr>
                float inputs:in2.connect = </Root/Materials/CeilingSpill/Separate4_1.outputs:outg>
                float inputs:in3.connect = </Root/Materials/CeilingSpill/Separate4_1.outputs:outb>
                color3f outputs:out
                float2 ui:nodegraph:node:pos = (-753.2741, 202.13002)
                int ui:nodegraph:node:stackingOrder = 4713
            }

            def Shader "Constant_2"
            {
                uniform token info:id = "ND_constant_color3"
                color3f inputs:value = (2.2, 2.2, 2.2) (
                    colorSpace = "lin_srgb"
                )
                color3f outputs:out
                float2 ui:nodegraph:node:pos = (-596.8414, -2.2888107)
                int ui:nodegraph:node:stackingOrder = 4717
            }

            def Shader "Multiply_2"
            {
                uniform token info:id = "ND_multiply_color3"
                color3f inputs:in1.connect = </Root/Materials/CeilingSpill/Swizzle_1.outputs:out>
                color3f inputs:in2.connect = </Root/Materials/CeilingSpill/Constant_2.outputs:out>
                color3f outputs:out
                float2 ui:nodegraph:node:pos = (-402.79825, -43.70446)
                int ui:nodegraph:node:stackingOrder = 4713
            }

            def Shader "Plus"
            {
                uniform token info:id = "ND_plus_color3"
                color3f inputs:bg.connect = </Root/Materials/CeilingSpill/Image.outputs:out>
                color3f inputs:fg.connect = </Root/Materials/CeilingSpill/Multiply.outputs:out>
                float inputs:mix.connect = </Root/Materials/CeilingSpill/Separate4_1.outputs:outa>
                color3f outputs:out
                float2 ui:nodegraph:node:pos = (-355.96445, 221.08522)
                int ui:nodegraph:node:stackingOrder = 4713
            }

            def Shader "Separate4_1"
            {
                uniform token info:id = "ND_separate4_color4"
                color4f inputs:in.connect = </Root/Materials/CeilingSpill/RealitykitReflectionSpecular.outputs:out>
                float outputs:outa
                float outputs:outb
                float outputs:outg
                float outputs:outr
                float2 ui:nodegraph:node:pos = (-984.3259, 226.73366)
                int ui:nodegraph:node:stackingOrder = 4713
            }

            def Shader "UsdPrimvarReader_4"
            {
                uniform token info:id = "ND_UsdPrimvarReader_vector2"
                float2 inputs:fallback
                string inputs:varname = "emitterUVs"
                float2 outputs:out
                float2 ui:nodegraph:node:pos = (-1205.4513, -247.09924)
                int ui:nodegraph:node:stackingOrder = 4713
                string[] ui:nodegraph:realitykit:node:attributesShowingChildren = ["inputs:fallback"]
            }
        }

        def Material "FloorSpill"
        {
            asset inputs:Texture = @textures/Black.png@ (
                customData = {
                    dictionary realitykit = {
                        float2 positionInSubgraph = (-996.7243, 476.19012)
                        int stackingOrderInSubgraph = 4713
                    }
                }
            )
            token outputs:mtlx:surface.connect = </Root/Materials/FloorSpill/UnlitSurface.outputs:out>
            token outputs:realitykit:vertex
            float2 ui:nodegraph:realitykit:subgraphOutputs:pos = (341.25, 106.5)

            def Shader "Multiply"
            {
                uniform token info:id = "ND_multiply_color3"
                color3f inputs:in1.connect = </Root/Materials/FloorSpill/Constant.outputs:out>
                color3f inputs:in2.connect = </Root/Materials/FloorSpill/Combine3_1.outputs:out>
                color3f outputs:out
                float2 ui:nodegraph:node:pos = (-557.81885, 158.30847)
                int ui:nodegraph:node:stackingOrder = 4713
            }

            def Shader "Swizzle_1"
            {
                uniform token info:id = "ND_swizzle_color4_color3"
                string inputs:channels = "rgb"
                color4f inputs:in.connect = </Root/Materials/FloorSpill/RealitykitReflectionDiffuse_1.outputs:out>
                color3f outputs:out
                float2 ui:nodegraph:node:pos = (-589.7189, -79.19628)
                int ui:nodegraph:node:stackingOrder = 4713
            }

            def Shader "RealitykitReflectionSpecular"
            {
                uniform token info:id = "ND_realitykit_light_spill_specular"
                float2 inputs:antialiasingStrength
                float3 inputs:normal.connect = </Root/Materials/FloorSpill/Normal_1.outputs:out>
                float3 inputs:reflection_origin
                float3 inputs:unreflected_direction.connect = </Root/Materials/FloorSpill/ViewDirection_1.outputs:out>
                color4f outputs:out
                float2 ui:nodegraph:node:pos = (-1265.8586, 172.63564)
                int ui:nodegraph:node:stackingOrder = 4713
            }

            def Shader "Normal_1"
            {
                uniform token info:id = "ND_normal_vector3"
                string inputs:space = "world"
                float3 outputs:out
                float2 ui:nodegraph:node:pos = (-1520.3969, 219.3036)
                int ui:nodegraph:node:stackingOrder = 4713
            }

            def Shader "Image"
            {
                uniform token info:id = "ND_image_color3"
                color3f inputs:default
                asset inputs:file.connect = </Root/Materials/FloorSpill.inputs:Texture>
                string inputs:filtertype
                float2 inputs:texcoord.connect = </Root/Materials/FloorSpill/UsdPrimvarReader_5.outputs:out>
                string inputs:uaddressmode
                string inputs:vaddressmode
                color3f outputs:out
                float2 ui:nodegraph:node:pos = (-716.46423, 512.229)
                int ui:nodegraph:node:stackingOrder = 4713
            }

            def Shader "UsdPrimvarReader_5"
            {
                uniform token info:id = "ND_UsdPrimvarReader_vector2"
                float2 inputs:fallback
                string inputs:varname = "UVChannel_1"
                float2 outputs:out
                float2 ui:nodegraph:node:pos = (-1020.0098, 586.65924)
                int ui:nodegraph:node:stackingOrder = 4713
                string[] ui:nodegraph:realitykit:node:attributesShowingChildren = ["inputs:varname"]
            }

            def Shader "Constant"
            {
                uniform token info:id = "ND_constant_color3"
                color3f inputs:value = (0, 0, 0) (
                    colorSpace = "lin_srgb"
                )
                color3f outputs:out
                float2 ui:nodegraph:node:pos = (-755.0701, 118.9159)
                int ui:nodegraph:node:stackingOrder = 4718
            }

            def Shader "ViewDirection_1"
            {
                uniform token info:id = "ND_realitykit_viewdirection_vector3"
                float3 outputs:out
                float2 ui:nodegraph:node:pos = (-1564.654, 151.66467)
                int ui:nodegraph:node:stackingOrder = 4713
            }

            def Shader "UsdPrimvarReader_3"
            {
                uniform token info:id = "ND_UsdPrimvarReader_vector2"
                float2 inputs:fallback
                string inputs:varname = "attenuationUVs"
                float2 outputs:out
                float2 ui:nodegraph:node:pos = (-1205.6144, -86.79345)
                int ui:nodegraph:node:stackingOrder = 4713
            }

            def Shader "RealitykitReflectionDiffuse_1"
            {
                uniform token info:id = "ND_realitykit_light_spill_diffuse"
                asset inputs:attenuationMap = @textures/DefaultAttenuationMap.exr@
                float2 inputs:attenuationUV.connect = </Root/Materials/FloorSpill/UsdPrimvarReader_3.outputs:out>
                float2 inputs:emitterUV.connect = </Root/Materials/FloorSpill/UsdPrimvarReader_4.outputs:out>
                color4f outputs:out
                float2 ui:nodegraph:node:pos = (-867.3927, -137.85753)
                int ui:nodegraph:node:stackingOrder = 4715
            }

            def Shader "Add_2"
            {
                uniform token info:id = "ND_add_color3"
                color3f inputs:in1.connect = </Root/Materials/FloorSpill/RibMultiply.outputs:out>
                color3f inputs:in2.connect = </Root/Materials/FloorSpill/Plus.outputs:out>
                color3f outputs:out
                float2 ui:nodegraph:node:pos = (-152.03864, 76.672005)
                int ui:nodegraph:node:stackingOrder = 4713
            }

            def Shader "RibImage"
            {
                uniform token info:id = "ND_image_color3"
                color3f inputs:default = (1, 1, 1)
                asset inputs:file = @textures/RibMask.png@
                float2 inputs:texcoord.connect = </Root/Materials/FloorSpill/UsdPrimvarReader_5.outputs:out>
                string inputs:uaddressmode = "periodic"
                string inputs:vaddressmode = "periodic"
                color3f outputs:out
            }

            def Shader "RibMultiply"
            {
                uniform token info:id = "ND_multiply_color3"
                color3f inputs:in1.connect = </Root/Materials/FloorSpill/Multiply_2.outputs:out>
                color3f inputs:in2.connect = </Root/Materials/FloorSpill/RibImage.outputs:out>
                color3f outputs:out
            }

            def Shader "UnlitSurface"
            {
                uniform token info:id = "ND_realitykit_unlit_surfaceshader"
                bool inputs:applyPostProcessToneMap = 0
                color3f inputs:color.connect = </Root/Materials/FloorSpill/Add_2.outputs:out>
                bool inputs:hasPremultipliedAlpha
                float inputs:opacity
                float inputs:opacityThreshold
                token outputs:out
                float2 ui:nodegraph:node:pos = (36.607483, 99.819954)
                int ui:nodegraph:node:stackingOrder = 4713
                string[] ui:nodegraph:realitykit:node:attributesShowingChildren = ["inputs:opacityThreshold"]
            }

            def Shader "Combine3_1"
            {
                uniform token info:id = "ND_combine3_color3"
                float inputs:in1.connect = </Root/Materials/FloorSpill/Separate4_1.outputs:outr>
                float inputs:in2.connect = </Root/Materials/FloorSpill/Separate4_1.outputs:outg>
                float inputs:in3.connect = </Root/Materials/FloorSpill/Separate4_1.outputs:outb>
                color3f outputs:out
                float2 ui:nodegraph:node:pos = (-753.2741, 202.13002)
                int ui:nodegraph:node:stackingOrder = 4713
            }

            def Shader "Constant_2"
            {
                uniform token info:id = "ND_constant_color3"
                color3f inputs:value = (3.5, 3.5, 3.5) (
                    colorSpace = "lin_srgb"
                )
                color3f outputs:out
                float2 ui:nodegraph:node:pos = (-596.8414, -2.2888107)
                int ui:nodegraph:node:stackingOrder = 4717
            }

            def Shader "Multiply_2"
            {
                uniform token info:id = "ND_multiply_color3"
                color3f inputs:in1.connect = </Root/Materials/FloorSpill/Swizzle_1.outputs:out>
                color3f inputs:in2.connect = </Root/Materials/FloorSpill/Constant_2.outputs:out>
                color3f outputs:out
                float2 ui:nodegraph:node:pos = (-402.79825, -43.70446)
                int ui:nodegraph:node:stackingOrder = 4713
            }

            def Shader "Plus"
            {
                uniform token info:id = "ND_plus_color3"
                color3f inputs:bg.connect = </Root/Materials/FloorSpill/Image.outputs:out>
                color3f inputs:fg.connect = </Root/Materials/FloorSpill/Multiply.outputs:out>
                float inputs:mix.connect = </Root/Materials/FloorSpill/Separate4_1.outputs:outa>
                color3f outputs:out
                float2 ui:nodegraph:node:pos = (-355.96445, 221.08522)
                int ui:nodegraph:node:stackingOrder = 4713
            }

            def Shader "Separate4_1"
            {
                uniform token info:id = "ND_separate4_color4"
                color4f inputs:in.connect = </Root/Materials/FloorSpill/RealitykitReflectionSpecular.outputs:out>
                float outputs:outa
                float outputs:outb
                float outputs:outg
                float outputs:outr
                float2 ui:nodegraph:node:pos = (-984.3259, 226.73366)
                int ui:nodegraph:node:stackingOrder = 4713
            }

            def Shader "UsdPrimvarReader_4"
            {
                uniform token info:id = "ND_UsdPrimvarReader_vector2"
                float2 inputs:fallback
                string inputs:varname = "emitterUVs"
                float2 outputs:out
                float2 ui:nodegraph:node:pos = (-1205.4513, -247.09924)
                int ui:nodegraph:node:stackingOrder = 4713
                string[] ui:nodegraph:realitykit:node:attributesShowingChildren = ["inputs:fallback"]
            }
        }
    }

    def Xform "SystemProxyMesh"
    {
        def Mesh "Lightspill_Ceiling" (
            apiSchemas = ["MaterialBindingAPI"]
        )
        {
            uniform bool doubleSided = 1
            int[] faceVertexCounts = [4, 4, 4, 4, 4, 4, 4, 4, 4, 4, 4, 4, 4, 4, 4, 4, 4, 4, 4, 4, 4, 4, 4, 4, 4, 4, 4, 4, 4, 4, 4, 4, 4, 4, 4, 4, 4, 4, 4, 4, 4, 4, 4, 4, 4, 4, 4, 4, 4, 4, 4, 4, 4, 4, 4, 4, 4, 4, 4, 4, 4, 4, 4, 4, 4, 4, 4, 4, 4, 4, 4, 4, 4, 4, 4, 4, 4, 4, 4, 4, 4, 4, 4, 4, 4, 4, 4, 4, 4, 4, 4, 4, 4, 4, 4, 4, 4, 4, 4, 4, 4, 4, 4, 4, 4, 4, 4, 4, 4, 4, 4, 4, 4, 4, 4, 4, 4, 4, 4, 4, 4, 4, 4, 4, 4, 4, 4, 4, 4, 4, 4, 4, 4, 4, 4, 4, 4, 4, 4, 4, 4, 4, 4, 4, 4, 4, 4, 4, 4, 4, 4, 4, 4, 4, 4, 4, 4, 4, 4, 4, 4, 4, 4, 4, 4, 4, 4, 4, 4, 4, 4, 4, 4, 4, 4, 4, 4, 4, 4, 4, 4, 4, 4, 4, 4, 4, 4, 4, 4, 4, 4, 4, 4, 4, 4, 4, 4, 4, 4, 4, 4, 4, 4, 4, 4, 4, 4, 4, 4, 4, 4, 4, 4, 4, 4, 4, 4, 4, 4, 4, 4, 4, 4, 4, 4, 4, 4, 4, 4, 4, 4, 4, 4, 4, 4, 4, 4, 4, 4, 4, 4, 4, 4, 4, 4, 4, 4, 4, 4, 4, 4, 4, 4, 4, 4, 4, 4, 4, 4, 4, 4, 4, 4, 4, 4, 4, 4, 4, 4, 4, 4, 4, 4, 4, 4, 4, 4, 4, 4, 4, 4, 4, 4, 4, 4, 4, 4, 4, 4, 4, 4, 4, 4, 4, 4, 4, 4, 4, 4, 4, 4, 4, 4, 4, 4, 4, 4, 4, 4, 4, 4, 4, 4, 4, 4, 4, 4, 4, 4, 4, 4, 4, 4, 4, 4, 4, 4, 4, 4, 4, 4, 4, 4, 4, 4, 4, 4, 4, 4, 4, 4, 4, 4, 4, 4, 4, 4, 4, 4, 4, 4, 4, 4, 4, 4, 4, 4, 4, 4, 4, 4, 4, 4, 4, 4, 4, 4, 4, 4, 4, 4, 4, 4, 4, 4, 4, 4, 4, 4, 4, 4, 4, 4, 4, 4, 4, 4, 4, 4, 4, 4, 4, 4, 4, 4, 4, 4, 4, 4, 4, 4, 4, 4, 4, 4, 4, 4, 4, 4, 4, 4, 4, 4, 4, 4, 4, 4, 4, 4, 4, 4, 4, 4, 4, 4, 4, 4, 4, 4, 4, 4, 4, 4, 4, 4, 4, 4, 4, 4, 4, 4, 4, 4, 4, 4, 4, 4, 4, 4, 4, 4, 4, 4, 4, 4, 4, 4, 4, 4, 4, 4, 4, 4, 4, 4, 4, 4, 4, 4, 4, 4, 4, 4, 4, 4, 4, 4, 4, 4, 4, 4, 4, 4, 4, 4, 4, 4, 4, 4, 4, 4, 4, 4, 4, 4, 4, 4, 4, 4, 4, 4, 4, 4, 4, 4, 4, 4, 4, 4, 4, 4, 4, 4, 4, 4, 4, 4, 4, 4, 4, 4, 4, 4, 4, 4, 4, 4, 4, 4, 4, 4, 4, 4, 4, 4, 4, 4, 4, 4, 4, 4, 4, 4, 4, 4, 4, 4, 4, 4, 4, 4, 4, 4, 4, 4, 4, 4, 4, 4, 4, 4, 4, 4, 4, 4, 4, 4, 4, 4, 4, 4, 4, 4, 4, 4, 4, 4, 4, 4, 4, 4, 4, 4, 4, 4, 4, 4, 4, 4, 4, 4, 4, 4, 4, 4, 4, 4, 4, 4, 4, 4, 4, 4, 4, 4, 4, 4, 4, 4, 4, 4, 4, 4, 4, 4, 4, 4, 4, 4, 4, 4, 4, 4, 4, 4, 4, 4, 4, 4, 4, 4, 4, 4, 4, 4, 4, 4, 4, 4, 4, 4, 4, 4, 4, 4, 4, 4, 4, 4, 4, 4, 4, 4, 4, 4, 4, 4, 4, 4, 4, 4, 4, 4, 4, 4, 4, 4, 4, 4, 4, 4, 4, 4, 4, 4, 4, 4, 4, 4, 4, 4, 4, 4, 4, 4, 4, 4, 4, 4, 4, 4, 4, 4, 4, 4, 4, 4, 4, 4, 4, 4, 4, 4, 4, 4, 4, 4, 4, 4, 4, 4, 4, 4, 4, 4, 4, 4, 4, 4, 4, 4, 4, 4, 4, 4, 4, 4, 4, 4, 4, 4, 4, 4, 4, 4, 4, 4, 4, 4, 4, 4, 4, 4, 4, 4, 4, 4, 4, 4, 4, 4, 4, 4, 4, 4, 4, 4, 4, 4, 4, 4, 4, 4, 4, 4, 4, 4, 4, 4, 4, 4, 4, 4, 4, 4, 4, 4, 4, 4, 4, 4, 4, 4, 4, 4, 4, 4, 4, 4, 4, 4, 4, 4, 4, 4, 4, 4, 4, 4, 4, 4, 4, 4, 4, 4, 4, 4, 4, 4, 4, 4, 4, 4, 4, 4, 4, 4, 4, 4, 4, 4, 4, 4, 4, 4, 4, 4, 4, 4, 4, 4, 4, 4, 4, 4, 4, 4, 4, 4, 4, 4, 4, 4, 4, 4, 4, 4, 4, 4, 4, 4, 4, 4, 4, 4, 4, 4, 4, 4, 4, 4, 4, 4, 4, 4, 4, 4, 4, 4, 4, 4, 4, 4, 4, 4, 4, 4, 4, 4, 4, 4, 4, 4, 4, 4, 4, 4, 4, 4, 4, 4, 4, 4, 4, 4, 4, 4, 4, 4, 4, 4, 4, 4, 4, 4, 4, 4, 4, 4, 4, 4, 4, 4, 4, 4, 4, 4, 4, 4, 4, 4, 4, 4, 4, 4, 4, 4, 4, 4, 4, 4, 4, 4, 4, 4, 4, 4, 4, 4, 4, 4, 4, 4, 4, 4, 4, 4, 4, 4, 4, 4, 4, 4, 4, 4, 4, 4, 4, 4, 4, 4, 4, 4, 4, 4, 4, 4, 4, 4, 4, 4, 4, 4, 4, 4, 4, 4, 4, 4, 4, 4, 4, 4, 4, 4, 4, 4, 4, 4, 4, 4, 4, 4, 4, 4, 4, 4, 4, 4, 4, 4, 4, 4, 4, 4, 4, 4, 4, 4, 4, 4, 4, 4, 4, 4, 4, 4, 4, 4, 4, 4, 4, 4, 4, 4, 4, 4, 4, 4, 4, 4, 4, 4, 4, 4, 4, 4, 4, 4, 4, 4, 4, 4, 4, 4, 4, 4, 4, 4, 4, 4, 4, 4, 4, 4, 4, 4, 4, 4, 4, 4, 4, 4, 4, 4, 4, 4, 4, 4, 4, 4, 4, 4, 4, 4, 4, 4, 4, 4, 4, 4, 4, 4, 4, 4, 4, 4, 4, 4, 4, 4, 4, 4, 4, 4, 4, 4, 4, 4, 4, 4, 4, 4, 4, 4, 4, 4, 4, 4, 4, 4, 4, 4, 4, 4, 4, 4, 4, 4, 4, 4, 4, 4, 4, 4, 4, 4, 4, 4, 4, 4, 4, 4, 4, 4, 4, 4, 4, 4, 4, 4, 4, 4, 4, 4, 4, 4, 4, 4, 4, 4, 4, 4, 4, 4, 4, 4, 4, 4, 4, 4, 4, 4, 4, 4, 4, 4, 4, 4, 4, 4, 4, 4, 4, 4, 4, 4, 4, 4, 4, 4, 4, 4, 4, 4, 4, 4, 4, 4, 4, 4, 4, 4, 4, 4, 4, 4, 4, 4, 4, 4, 4, 4, 4, 4, 4, 4, 4, 4, 4, 4, 4, 4, 4, 4, 4, 4, 4, 4, 4, 4, 4, 4, 4, 4, 4, 4, 4, 4, 4, 4, 4, 4, 4, 4, 4, 4, 4, 4, 4, 4, 4, 4, 4, 4, 4, 4, 4, 4, 4, 4, 4, 4, 4, 4, 4, 4, 4, 4, 4, 4, 4, 4, 4, 4, 4, 4, 4, 4, 4, 4, 4, 4, 4, 4, 4, 4, 4, 4, 4, 4, 4, 4, 4, 4, 4, 4, 4, 4, 4, 4, 4, 4, 4, 4, 4, 4, 4, 4, 4, 4, 4, 4, 4, 4, 4, 4, 4, 4, 4, 4, 4, 4, 4, 4, 4, 4, 4, 4, 4, 4, 4, 4, 4, 4, 4, 4, 4, 4, 4, 4, 4, 4, 4, 4, 4, 4, 4, 4, 4, 4, 4, 4, 4, 4, 4, 4, 4, 4, 4, 4, 4, 4, 4, 4, 4, 4, 4, 4, 4, 4, 4, 4, 4, 4, 4, 4, 4, 4, 4, 4, 4, 4, 4, 4, 4, 4, 4, 4, 4, 4, 4, 4, 4, 4, 4, 4, 4, 4, 4, 4, 4, 4, 4, 4, 4, 4, 4, 4, 4, 4, 4, 4, 4, 4, 4, 4, 4, 4, 4, 4, 4, 4, 4, 4, 4, 4, 4, 4, 4, 4, 4, 4, 4, 4, 4, 4, 4, 4, 4, 4, 4, 4, 4, 4, 4, 4, 4, 4, 4, 4, 4, 4, 4, 4, 4, 4, 4, 4, 4, 4, 4, 4, 4, 4, 4, 4, 4, 4, 4, 4, 4, 4, 4, 4, 4, 4, 4, 4, 4, 4, 4, 4, 4, 4, 4, 4, 4, 4, 4, 4, 4, 4, 4, 4, 4, 4, 4, 4, 4, 4, 4, 4, 4, 4, 4, 4, 4, 4, 4, 4, 4, 4, 4, 4, 4, 4, 4, 4, 4, 4, 4, 4, 4, 4, 4, 4, 4, 4, 4, 4, 4, 4, 4, 4, 4, 4, 4, 4, 4, 4, 4, 4, 4, 4, 4, 4, 4, 4, 4, 4, 4, 4, 4, 4, 4, 4, 4, 4, 4, 4, 4, 4, 4, 4, 4, 4, 4, 4, 4, 4, 4, 4, 4, 4, 4, 4, 4, 4, 4, 4, 4, 4, 4, 4, 4, 4, 4, 4, 4, 4, 4, 4, 4, 4, 4, 4, 4, 4, 4, 4, 4, 4, 4, 4, 4, 4, 4, 4, 4]
            int[] faceVertexIndices = [0, 1, 42, 41, 1, 2, 43, 42, 2, 3, 44, 43, 3, 4, 45, 44, 4, 5, 46, 45, 5, 6, 47, 46, 6, 7, 48, 47, 7, 8, 49, 48, 8, 9, 50, 49, 9, 10, 51, 50, 10, 11, 52, 51, 11, 12, 53, 52, 12, 13, 54, 53, 13, 14, 55, 54, 14, 15, 56, 55, 15, 16, 57, 56, 16, 17, 58, 57, 17, 18, 59, 58, 18, 19, 60, 59, 19, 20, 61, 60, 20, 21, 62, 61, 21, 22, 63, 62, 22, 23, 64, 63, 23, 24, 65, 64, 24, 25, 66, 65, 25, 26, 67, 66, 26, 27, 68, 67, 27, 28, 69, 68, 28, 29, 70, 69, 29, 30, 71, 70, 30, 31, 72, 71, 31, 32, 73, 72, 32, 33, 74, 73, 33, 34, 75, 74, 34, 35, 76, 75, 35, 36, 77, 76, 36, 37, 78, 77, 37, 38, 79, 78, 38, 39, 80, 79, 39, 40, 81, 80, 41, 42, 83, 82, 42, 43, 84, 83, 43, 44, 85, 84, 44, 45, 86, 85, 45, 46, 87, 86, 46, 47, 88, 87, 47, 48, 89, 88, 48, 49, 90, 89, 49, 50, 91, 90, 50, 51, 92, 91, 51, 52, 93, 92, 52, 53, 94, 93, 53, 54, 95, 94, 54, 55, 96, 95, 55, 56, 97, 96, 56, 57, 98, 97, 57, 58, 99, 98, 58, 59, 100, 99, 59, 60, 101, 100, 60, 61, 102, 101, 61, 62, 103, 102, 62, 63, 104, 103, 63, 64, 105, 104, 64, 65, 106, 105, 65, 66, 107, 106, 66, 67, 108, 107, 67, 68, 109, 108, 68, 69, 110, 109, 69, 70, 111, 110, 70, 71, 112, 111, 71, 72, 113, 112, 72, 73, 114, 113, 73, 74, 115, 114, 74, 75, 116, 115, 75, 76, 117, 116, 76, 77, 118, 117, 77, 78, 119, 118, 78, 79, 120, 119, 79, 80, 121, 120, 80, 81, 122, 121, 82, 83, 124, 123, 83, 84, 125, 124, 84, 85, 126, 125, 85, 86, 127, 126, 86, 87, 128, 127, 87, 88, 129, 128, 88, 89, 130, 129, 89, 90, 131, 130, 90, 91, 132, 131, 91, 92, 133, 132, 92, 93, 134, 133, 93, 94, 135, 134, 94, 95, 136, 135, 95, 96, 137, 136, 96, 97, 138, 137, 97, 98, 139, 138, 98, 99, 140, 139, 99, 100, 141, 140, 100, 101, 142, 141, 101, 102, 143, 142, 102, 103, 144, 143, 103, 104, 145, 144, 104, 105, 146, 145, 105, 106, 147, 146, 106, 107, 148, 147, 107, 108, 149, 148, 108, 109, 150, 149, 109, 110, 151, 150, 110, 111, 152, 151, 111, 112, 153, 152, 112, 113, 154, 153, 113, 114, 155, 154, 114, 115, 156, 155, 115, 116, 157, 156, 116, 117, 158, 157, 117, 118, 159, 158, 118, 119, 160, 159, 119, 120, 161, 160, 120, 121, 162, 161, 121, 122, 163, 162, 123, 124, 165, 164, 124, 125, 166, 165, 125, 126, 167, 166, 126, 127, 168, 167, 127, 128, 169, 168, 128, 129, 170, 169, 129, 130, 171, 170, 130, 131, 172, 171, 131, 132, 173, 172, 132, 133, 174, 173, 133, 134, 175, 174, 134, 135, 176, 175, 135, 136, 177, 176, 136, 137, 178, 177, 137, 138, 179, 178, 138, 139, 180, 179, 139, 140, 181, 180, 140, 141, 182, 181, 141, 142, 183, 182, 142, 143, 184, 183, 143, 144, 185, 184, 144, 145, 186, 185, 145, 146, 187, 186, 146, 147, 188, 187, 147, 148, 189, 188, 148, 149, 190, 189, 149, 150, 191, 190, 150, 151, 192, 191, 151, 152, 193, 192, 152, 153, 194, 193, 153, 154, 195, 194, 154, 155, 196, 195, 155, 156, 197, 196, 156, 157, 198, 197, 157, 158, 199, 198, 158, 159, 200, 199, 159, 160, 201, 200, 160, 161, 202, 201, 161, 162, 203, 202, 162, 163, 204, 203, 164, 165, 206, 205, 165, 166, 207, 206, 166, 167, 208, 207, 167, 168, 209, 208, 168, 169, 210, 209, 169, 170, 211, 210, 170, 171, 212, 211, 171, 172, 213, 212, 172, 173, 214, 213, 173, 174, 215, 214, 174, 175, 216, 215, 175, 176, 217, 216, 176, 177, 218, 217, 177, 178, 219, 218, 178, 179, 220, 219, 179, 180, 221, 220, 180, 181, 222, 221, 181, 182, 223, 222, 182, 183, 224, 223, 183, 184, 225, 224, 184, 185, 226, 225, 185, 186, 227, 226, 186, 187, 228, 227, 187, 188, 229, 228, 188, 189, 230, 229, 189, 190, 231, 230, 190, 191, 232, 231, 191, 192, 233, 232, 192, 193, 234, 233, 193, 194, 235, 234, 194, 195, 236, 235, 195, 196, 237, 236, 196, 197, 238, 237, 197, 198, 239, 238, 198, 199, 240, 239, 199, 200, 241, 240, 200, 201, 242, 241, 201, 202, 243, 242, 202, 203, 244, 243, 203, 204, 245, 244, 205, 206, 247, 246, 206, 207, 248, 247, 207, 208, 249, 248, 208, 209, 250, 249, 209, 210, 251, 250, 210, 211, 252, 251, 211, 212, 253, 252, 212, 213, 254, 253, 213, 214, 255, 254, 214, 215, 256, 255, 215, 216, 257, 256, 216, 217, 258, 257, 217, 218, 259, 258, 218, 219, 260, 259, 219, 220, 261, 260, 220, 221, 262, 261, 221, 222, 263, 262, 222, 223, 264, 263, 223, 224, 265, 264, 224, 225, 266, 265, 225, 226, 267, 266, 226, 227, 268, 267, 227, 228, 269, 268, 228, 229, 270, 269, 229, 230, 271, 270, 230, 231, 272, 271, 231, 232, 273, 272, 232, 233, 274, 273, 233, 234, 275, 274, 234, 235, 276, 275, 235, 236, 277, 276, 236, 237, 278, 277, 237, 238, 279, 278, 238, 239, 280, 279, 239, 240, 281, 280, 240, 241, 282, 281, 241, 242, 283, 282, 242, 243, 284, 283, 243, 244, 285, 284, 244, 245, 286, 285, 246, 247, 288, 287, 247, 248, 289, 288, 248, 249, 290, 289, 249, 250, 291, 290, 250, 251, 292, 291, 251, 252, 293, 292, 252, 253, 294, 293, 253, 254, 295, 294, 254, 255, 296, 295, 255, 256, 297, 296, 256, 257, 298, 297, 257, 258, 299, 298, 258, 259, 300, 299, 259, 260, 301, 300, 260, 261, 302, 301, 261, 262, 303, 302, 262, 263, 304, 303, 263, 264, 305, 304, 264, 265, 306, 305, 265, 266, 307, 306, 266, 267, 308, 307, 267, 268, 309, 308, 268, 269, 310, 309, 269, 270, 311, 310, 270, 271, 312, 311, 271, 272, 313, 312, 272, 273, 314, 313, 273, 274, 315, 314, 274, 275, 316, 315, 275, 276, 317, 316, 276, 277, 318, 317, 277, 278, 319, 318, 278, 279, 320, 319, 279, 280, 321, 320, 280, 281, 322, 321, 281, 282, 323, 322, 282, 283, 324, 323, 283, 284, 325, 324, 284, 285, 326, 325, 285, 286, 327, 326, 287, 288, 329, 328, 288, 289, 330, 329, 289, 290, 331, 330, 290, 291, 332, 331, 291, 292, 333, 332, 292, 293, 334, 333, 293, 294, 335, 334, 294, 295, 336, 335, 295, 296, 337, 336, 296, 297, 338, 337, 297, 298, 339, 338, 298, 299, 340, 339, 299, 300, 341, 340, 300, 301, 342, 341, 301, 302, 343, 342, 302, 303, 344, 343, 303, 304, 345, 344, 304, 305, 346, 345, 305, 306, 347, 346, 306, 307, 348, 347, 307, 308, 349, 348, 308, 309, 350, 349, 309, 310, 351, 350, 310, 311, 352, 351, 311, 312, 353, 352, 312, 313, 354, 353, 313, 314, 355, 354, 314, 315, 356, 355, 315, 316, 357, 356, 316, 317, 358, 357, 317, 318, 359, 358, 318, 319, 360, 359, 319, 320, 361, 360, 320, 321, 362, 361, 321, 322, 363, 362, 322, 323, 364, 363, 323, 324, 365, 364, 324, 325, 366, 365, 325, 326, 367, 366, 326, 327, 368, 367, 328, 329, 370, 369, 329, 330, 371, 370, 330, 331, 372, 371, 331, 332, 373, 372, 332, 333, 374, 373, 333, 334, 375, 374, 334, 335, 376, 375, 335, 336, 377, 376, 336, 337, 378, 377, 337, 338, 379, 378, 338, 339, 380, 379, 339, 340, 381, 380, 340, 341, 382, 381, 341, 342, 383, 382, 342, 343, 384, 383, 343, 344, 385, 384, 344, 345, 386, 385, 345, 346, 387, 386, 346, 347, 388, 387, 347, 348, 389, 388, 348, 349, 390, 389, 349, 350, 391, 390, 350, 351, 392, 391, 351, 352, 393, 392, 352, 353, 394, 393, 353, 354, 395, 394, 354, 355, 396, 395, 355, 356, 397, 396, 356, 357, 398, 397, 357, 358, 399, 398, 358, 359, 400, 399, 359, 360, 401, 400, 360, 361, 402, 401, 361, 362, 403, 402, 362, 363, 404, 403, 363, 364, 405, 404, 364, 365, 406, 405, 365, 366, 407, 406, 366, 367, 408, 407, 367, 368, 409, 408, 369, 370, 411, 410, 370, 371, 412, 411, 371, 372, 413, 412, 372, 373, 414, 413, 373, 374, 415, 414, 374, 375, 416, 415, 375, 376, 417, 416, 376, 377, 418, 417, 377, 378, 419, 418, 378, 379, 420, 419, 379, 380, 421, 420, 380, 381, 422, 421, 381, 382, 423, 422, 382, 383, 424, 423, 383, 384, 425, 424, 384, 385, 426, 425, 385, 386, 427, 426, 386, 387, 428, 427, 387, 388, 429, 428, 388, 389, 430, 429, 389, 390, 431, 430, 390, 391, 432, 431, 391, 392, 433, 432, 392, 393, 434, 433, 393, 394, 435, 434, 394, 395, 436, 435, 395, 396, 437, 436, 396, 397, 438, 437, 397, 398, 439, 438, 398, 399, 440, 439, 399, 400, 441, 440, 400, 401, 442, 441, 401, 402, 443, 442, 402, 403, 444, 443, 403, 404, 445, 444, 404, 405, 446, 445, 405, 406, 447, 446, 406, 407, 448, 447, 407, 408, 449, 448, 408, 409, 450, 449, 410, 411, 452, 451, 411, 412, 453, 452, 412, 413, 454, 453, 413, 414, 455, 454, 414, 415, 456, 455, 415, 416, 457, 456, 416, 417, 458, 457, 417, 418, 459, 458, 418, 419, 460, 459, 419, 420, 461, 460, 420, 421, 462, 461, 421, 422, 463, 462, 422, 423, 464, 463, 423, 424, 465, 464, 424, 425, 466, 465, 425, 426, 467, 466, 426, 427, 468, 467, 427, 428, 469, 468, 428, 429, 470, 469, 429, 430, 471, 470, 430, 431, 472, 471, 431, 432, 473, 472, 432, 433, 474, 473, 433, 434, 475, 474, 434, 435, 476, 475, 435, 436, 477, 476, 436, 437, 478, 477, 437, 438, 479, 478, 438, 439, 480, 479, 439, 440, 481, 480, 440, 441, 482, 481, 441, 442, 483, 482, 442, 443, 484, 483, 443, 444, 485, 484, 444, 445, 486, 485, 445, 446, 487, 486, 446, 447, 488, 487, 447, 448, 489, 488, 448, 449, 490, 489, 449, 450, 491, 490, 451, 452, 493, 492, 452, 453, 494, 493, 453, 454, 495, 494, 454, 455, 496, 495, 455, 456, 497, 496, 456, 457, 498, 497, 457, 458, 499, 498, 458, 459, 500, 499, 459, 460, 501, 500, 460, 461, 502, 501, 461, 462, 503, 502, 462, 463, 504, 503, 463, 464, 505, 504, 464, 465, 506, 505, 465, 466, 507, 506, 466, 467, 508, 507, 467, 468, 509, 508, 468, 469, 510, 509, 469, 470, 511, 510, 470, 471, 512, 511, 471, 472, 513, 512, 472, 473, 514, 513, 473, 474, 515, 514, 474, 475, 516, 515, 475, 476, 517, 516, 476, 477, 518, 517, 477, 478, 519, 518, 478, 479, 520, 519, 479, 480, 521, 520, 480, 481, 522, 521, 481, 482, 523, 522, 482, 483, 524, 523, 483, 484, 525, 524, 484, 485, 526, 525, 485, 486, 527, 526, 486, 487, 528, 527, 487, 488, 529, 528, 488, 489, 530, 529, 489, 490, 531, 530, 490, 491, 532, 531, 492, 493, 534, 533, 493, 494, 535, 534, 494, 495, 536, 535, 495, 496, 537, 536, 496, 497, 538, 537, 497, 498, 539, 538, 498, 499, 540, 539, 499, 500, 541, 540, 500, 501, 542, 541, 501, 502, 543, 542, 502, 503, 544, 543, 503, 504, 545, 544, 504, 505, 546, 545, 505, 506, 547, 546, 506, 507, 548, 547, 507, 508, 549, 548, 508, 509, 550, 549, 509, 510, 551, 550, 510, 511, 552, 551, 511, 512, 553, 552, 512, 513, 554, 553, 513, 514, 555, 554, 514, 515, 556, 555, 515, 516, 557, 556, 516, 517, 558, 557, 517, 518, 559, 558, 518, 519, 560, 559, 519, 520, 561, 560, 520, 521, 562, 561, 521, 522, 563, 562, 522, 523, 564, 563, 523, 524, 565, 564, 524, 525, 566, 565, 525, 526, 567, 566, 526, 527, 568, 567, 527, 528, 569, 568, 528, 529, 570, 569, 529, 530, 571, 570, 530, 531, 572, 571, 531, 532, 573, 572, 533, 534, 575, 574, 534, 535, 576, 575, 535, 536, 577, 576, 536, 537, 578, 577, 537, 538, 579, 578, 538, 539, 580, 579, 539, 540, 581, 580, 540, 541, 582, 581, 541, 542, 583, 582, 542, 543, 584, 583, 543, 544, 585, 584, 544, 545, 586, 585, 545, 546, 587, 586, 546, 547, 588, 587, 547, 548, 589, 588, 548, 549, 590, 589, 549, 550, 591, 590, 550, 551, 592, 591, 551, 552, 593, 592, 552, 553, 594, 593, 553, 554, 595, 594, 554, 555, 596, 595, 555, 556, 597, 596, 556, 557, 598, 597, 557, 558, 599, 598, 558, 559, 600, 599, 559, 560, 601, 600, 560, 561, 602, 601, 561, 562, 603, 602, 562, 563, 604, 603, 563, 564, 605, 604, 564, 565, 606, 605, 565, 566, 607, 606, 566, 567, 608, 607, 567, 568, 609, 608, 568, 569, 610, 609, 569, 570, 611, 610, 570, 571, 612, 611, 571, 572, 613, 612, 572, 573, 614, 613, 574, 575, 616, 615, 575, 576, 617, 616, 576, 577, 618, 617, 577, 578, 619, 618, 578, 579, 620, 619, 579, 580, 621, 620, 580, 581, 622, 621, 581, 582, 623, 622, 582, 583, 624, 623, 583, 584, 625, 624, 584, 585, 626, 625, 585, 586, 627, 626, 586, 587, 628, 627, 587, 588, 629, 628, 588, 589, 630, 629, 589, 590, 631, 630, 590, 591, 632, 631, 591, 592, 633, 632, 592, 593, 634, 633, 593, 594, 635, 634, 594, 595, 636, 635, 595, 596, 637, 636, 596, 597, 638, 637, 597, 598, 639, 638, 598, 599, 640, 639, 599, 600, 641, 640, 600, 601, 642, 641, 601, 602, 643, 642, 602, 603, 644, 643, 603, 604, 645, 644, 604, 605, 646, 645, 605, 606, 647, 646, 606, 607, 648, 647, 607, 608, 649, 648, 608, 609, 650, 649, 609, 610, 651, 650, 610, 611, 652, 651, 611, 612, 653, 652, 612, 613, 654, 653, 613, 614, 655, 654, 615, 616, 657, 656, 616, 617, 658, 657, 617, 618, 659, 658, 618, 619, 660, 659, 619, 620, 661, 660, 620, 621, 662, 661, 621, 622, 663, 662, 622, 623, 664, 663, 623, 624, 665, 664, 624, 625, 666, 665, 625, 626, 667, 666, 626, 627, 668, 667, 627, 628, 669, 668, 628, 629, 670, 669, 629, 630, 671, 670, 630, 631, 672, 671, 631, 632, 673, 672, 632, 633, 674, 673, 633, 634, 675, 674, 634, 635, 676, 675, 635, 636, 677, 676, 636, 637, 678, 677, 637, 638, 679, 678, 638, 639, 680, 679, 639, 640, 681, 680, 640, 641, 682, 681, 641, 642, 683, 682, 642, 643, 684, 683, 643, 644, 685, 684, 644, 645, 686, 685, 645, 646, 687, 686, 646, 647, 688, 687, 647, 648, 689, 688, 648, 649, 690, 689, 649, 650, 691, 690, 650, 651, 692, 691, 651, 652, 693, 692, 652, 653, 694, 693, 653, 654, 695, 694, 654, 655, 696, 695, 656, 657, 698, 697, 657, 658, 699, 698, 658, 659, 700, 699, 659, 660, 701, 700, 660, 661, 702, 701, 661, 662, 703, 702, 662, 663, 704, 703, 663, 664, 705, 704, 664, 665, 706, 705, 665, 666, 707, 706, 666, 667, 708, 707, 667, 668, 709, 708, 668, 669, 710, 709, 669, 670, 711, 710, 670, 671, 712, 711, 671, 672, 713, 712, 672, 673, 714, 713, 673, 674, 715, 714, 674, 675, 716, 715, 675, 676, 717, 716, 676, 677, 718, 717, 677, 678, 719, 718, 678, 679, 720, 719, 679, 680, 721, 720, 680, 681, 722, 721, 681, 682, 723, 722, 682, 683, 724, 723, 683, 684, 725, 724, 684, 685, 726, 725, 685, 686, 727, 726, 686, 687, 728, 727, 687, 688, 729, 728, 688, 689, 730, 729, 689, 690, 731, 730, 690, 691, 732, 731, 691, 692, 733, 732, 692, 693, 734, 733, 693, 694, 735, 734, 694, 695, 736, 735, 695, 696, 737, 736, 697, 698, 739, 738, 698, 699, 740, 739, 699, 700, 741, 740, 700, 701, 742, 741, 701, 702, 743, 742, 702, 703, 744, 743, 703, 704, 745, 744, 704, 705, 746, 745, 705, 706, 747, 746, 706, 707, 748, 747, 707, 708, 749, 748, 708, 709, 750, 749, 709, 710, 751, 750, 710, 711, 752, 751, 711, 712, 753, 752, 712, 713, 754, 753, 713, 714, 755, 754, 714, 715, 756, 755, 715, 716, 757, 756, 716, 717, 758, 757, 717, 718, 759, 758, 718, 719, 760, 759, 719, 720, 761, 760, 720, 721, 762, 761, 721, 722, 763, 762, 722, 723, 764, 763, 723, 724, 765, 764, 724, 725, 766, 765, 725, 726, 767, 766, 726, 727, 768, 767, 727, 728, 769, 768, 728, 729, 770, 769, 729, 730, 771, 770, 730, 731, 772, 771, 731, 732, 773, 772, 732, 733, 774, 773, 733, 734, 775, 774, 734, 735, 776, 775, 735, 736, 777, 776, 736, 737, 778, 777, 738, 739, 780, 779, 739, 740, 781, 780, 740, 741, 782, 781, 741, 742, 783, 782, 742, 743, 784, 783, 743, 744, 785, 784, 744, 745, 786, 785, 745, 746, 787, 786, 746, 747, 788, 787, 747, 748, 789, 788, 748, 749, 790, 789, 749, 750, 791, 790, 750, 751, 792, 791, 751, 752, 793, 792, 752, 753, 794, 793, 753, 754, 795, 794, 754, 755, 796, 795, 755, 756, 797, 796, 756, 757, 798, 797, 757, 758, 799, 798, 758, 759, 800, 799, 759, 760, 801, 800, 760, 761, 802, 801, 761, 762, 803, 802, 762, 763, 804, 803, 763, 764, 805, 804, 764, 765, 806, 805, 765, 766, 807, 806, 766, 767, 808, 807, 767, 768, 809, 808, 768, 769, 810, 809, 769, 770, 811, 810, 770, 771, 812, 811, 771, 772, 813, 812, 772, 773, 814, 813, 773, 774, 815, 814, 774, 775, 816, 815, 775, 776, 817, 816, 776, 777, 818, 817, 777, 778, 819, 818, 779, 780, 821, 820, 780, 781, 822, 821, 781, 782, 823, 822, 782, 783, 824, 823, 783, 784, 825, 824, 784, 785, 826, 825, 785, 786, 827, 826, 786, 787, 828, 827, 787, 788, 829, 828, 788, 789, 830, 829, 789, 790, 831, 830, 790, 791, 832, 831, 791, 792, 833, 832, 792, 793, 834, 833, 793, 794, 835, 834, 794, 795, 836, 835, 795, 796, 837, 836, 796, 797, 838, 837, 797, 798, 839, 838, 798, 799, 840, 839, 799, 800, 841, 840, 800, 801, 842, 841, 801, 802, 843, 842, 802, 803, 844, 843, 803, 804, 845, 844, 804, 805, 846, 845, 805, 806, 847, 846, 806, 807, 848, 847, 807, 808, 849, 848, 808, 809, 850, 849, 809, 810, 851, 850, 810, 811, 852, 851, 811, 812, 853, 852, 812, 813, 854, 853, 813, 814, 855, 854, 814, 815, 856, 855, 815, 816, 857, 856, 816, 817, 858, 857, 817, 818, 859, 858, 818, 819, 860, 859, 820, 821, 862, 861, 821, 822, 863, 862, 822, 823, 864, 863, 823, 824, 865, 864, 824, 825, 866, 865, 825, 826, 867, 866, 826, 827, 868, 867, 827, 828, 869, 868, 828, 829, 870, 869, 829, 830, 871, 870, 830, 831, 872, 871, 831, 832, 873, 872, 832, 833, 874, 873, 833, 834, 875, 874, 834, 835, 876, 875, 835, 836, 877, 876, 836, 837, 878, 877, 837, 838, 879, 878, 838, 839, 880, 879, 839, 840, 881, 880, 840, 841, 882, 881, 841, 842, 883, 882, 842, 843, 884, 883, 843, 844, 885, 884, 844, 845, 886, 885, 845, 846, 887, 886, 846, 847, 888, 887, 847, 848, 889, 888, 848, 849, 890, 889, 849, 850, 891, 890, 850, 851, 892, 891, 851, 852, 893, 892, 852, 853, 894, 893, 853, 854, 895, 894, 854, 855, 896, 895, 855, 856, 897, 896, 856, 857, 898, 897, 857, 858, 899, 898, 858, 859, 900, 899, 859, 860, 901, 900, 861, 862, 903, 902, 862, 863, 904, 903, 863, 864, 905, 904, 864, 865, 906, 905, 865, 866, 907, 906, 866, 867, 908, 907, 867, 868, 909, 908, 868, 869, 910, 909, 869, 870, 911, 910, 870, 871, 912, 911, 871, 872, 913, 912, 872, 873, 914, 913, 873, 874, 915, 914, 874, 875, 916, 915, 875, 876, 917, 916, 876, 877, 918, 917, 877, 878, 919, 918, 878, 879, 920, 919, 879, 880, 921, 920, 880, 881, 922, 921, 881, 882, 923, 922, 882, 883, 924, 923, 883, 884, 925, 924, 884, 885, 926, 925, 885, 886, 927, 926, 886, 887, 928, 927, 887, 888, 929, 928, 888, 889, 930, 929, 889, 890, 931, 930, 890, 891, 932, 931, 891, 892, 933, 932, 892, 893, 934, 933, 893, 894, 935, 934, 894, 895, 936, 935, 895, 896, 937, 936, 896, 897, 938, 937, 897, 898, 939, 938, 898, 899, 940, 939, 899, 900, 941, 940, 900, 901, 942, 941, 902, 903, 944, 943, 903, 904, 945, 944, 904, 905, 946, 945, 905, 906, 947, 946, 906, 907, 948, 947, 907, 908, 949, 948, 908, 909, 950, 949, 909, 910, 951, 950, 910, 911, 952, 951, 911, 912, 953, 952, 912, 913, 954, 953, 913, 914, 955, 954, 914, 915, 956, 955, 915, 916, 957, 956, 916, 917, 958, 957, 917, 918, 959, 958, 918, 919, 960, 959, 919, 920, 961, 960, 920, 921, 962, 961, 921, 922, 963, 962, 922, 923, 964, 963, 923, 924, 965, 964, 924, 925, 966, 965, 925, 926, 967, 966, 926, 927, 968, 967, 927, 928, 969, 968, 928, 929, 970, 969, 929, 930, 971, 970, 930, 931, 972, 971, 931, 932, 973, 972, 932, 933, 974, 973, 933, 934, 975, 974, 934, 935, 976, 975, 935, 936, 977, 976, 936, 937, 978, 977, 937, 938, 979, 978, 938, 939, 980, 979, 939, 940, 981, 980, 940, 941, 982, 981, 941, 942, 983, 982, 943, 944, 985, 984, 944, 945, 986, 985, 945, 946, 987, 986, 946, 947, 988, 987, 947, 948, 989, 988, 948, 949, 990, 989, 949, 950, 991, 990, 950, 951, 992, 991, 951, 952, 993, 992, 952, 953, 994, 993, 953, 954, 995, 994, 954, 955, 996, 995, 955, 956, 997, 996, 956, 957, 998, 997, 957, 958, 999, 998, 958, 959, 1000, 999, 959, 960, 1001, 1000, 960, 961, 1002, 1001, 961, 962, 1003, 1002, 962, 963, 1004, 1003, 963, 964, 1005, 1004, 964, 965, 1006, 1005, 965, 966, 1007, 1006, 966, 967, 1008, 1007, 967, 968, 1009, 1008, 968, 969, 1010, 1009, 969, 970, 1011, 1010, 970, 971, 1012, 1011, 971, 972, 1013, 1012, 972, 973, 1014, 1013, 973, 974, 1015, 1014, 974, 975, 1016, 1015, 975, 976, 1017, 1016, 976, 977, 1018, 1017, 977, 978, 1019, 1018, 978, 979, 1020, 1019, 979, 980, 1021, 1020, 980, 981, 1022, 1021, 981, 982, 1023, 1022, 982, 983, 1024, 1023, 984, 985, 1026, 1025, 985, 986, 1027, 1026, 986, 987, 1028, 1027, 987, 988, 1029, 1028, 988, 989, 1030, 1029, 989, 990, 1031, 1030, 990, 991, 1032, 1031, 991, 992, 1033, 1032, 992, 993, 1034, 1033, 993, 994, 1035, 1034, 994, 995, 1036, 1035, 995, 996, 1037, 1036, 996, 997, 1038, 1037, 997, 998, 1039, 1038, 998, 999, 1040, 1039, 999, 1000, 1041, 1040, 1000, 1001, 1042, 1041, 1001, 1002, 1043, 1042, 1002, 1003, 1044, 1043, 1003, 1004, 1045, 1044, 1004, 1005, 1046, 1045, 1005, 1006, 1047, 1046, 1006, 1007, 1048, 1047, 1007, 1008, 1049, 1048, 1008, 1009, 1050, 1049, 1009, 1010, 1051, 1050, 1010, 1011, 1052, 1051, 1011, 1012, 1053, 1052, 1012, 1013, 1054, 1053, 1013, 1014, 1055, 1054, 1014, 1015, 1056, 1055, 1015, 1016, 1057, 1056, 1016, 1017, 1058, 1057, 1017, 1018, 1059, 1058, 1018, 1019, 1060, 1059, 1019, 1020, 1061, 1060, 1020, 1021, 1062, 1061, 1021, 1022, 1063, 1062, 1022, 1023, 1064, 1063, 1023, 1024, 1065, 1064, 1025, 1026, 1067, 1066, 1026, 1027, 1068, 1067, 1027, 1028, 1069, 1068, 1028, 1029, 1070, 1069, 1029, 1030, 1071, 1070, 1030, 1031, 1072, 1071, 1031, 1032, 1073, 1072, 1032, 1033, 1074, 1073, 1033, 1034, 1075, 1074, 1034, 1035, 1076, 1075, 1035, 1036, 1077, 1076, 1036, 1037, 1078, 1077, 1037, 1038, 1079, 1078, 1038, 1039, 1080, 1079, 1039, 1040, 1081, 1080, 1040, 1041, 1082, 1081, 1041, 1042, 1083, 1082, 1042, 1043, 1084, 1083, 1043, 1044, 1085, 1084, 1044, 1045, 1086, 1085, 1045, 1046, 1087, 1086, 1046, 1047, 1088, 1087, 1047, 1048, 1089, 1088, 1048, 1049, 1090, 1089, 1049, 1050, 1091, 1090, 1050, 1051, 1092, 1091, 1051, 1052, 1093, 1092, 1052, 1053, 1094, 1093, 1053, 1054, 1095, 1094, 1054, 1055, 1096, 1095, 1055, 1056, 1097, 1096, 1056, 1057, 1098, 1097, 1057, 1058, 1099, 1098, 1058, 1059, 1100, 1099, 1059, 1060, 1101, 1100, 1060, 1061, 1102, 1101, 1061, 1062, 1103, 1102, 1062, 1063, 1104, 1103, 1063, 1064, 1105, 1104, 1064, 1065, 1106, 1105, 1066, 1067, 1108, 1107, 1067, 1068, 1109, 1108, 1068, 1069, 1110, 1109, 1069, 1070, 1111, 1110, 1070, 1071, 1112, 1111, 1071, 1072, 1113, 1112, 1072, 1073, 1114, 1113, 1073, 1074, 1115, 1114, 1074, 1075, 1116, 1115, 1075, 1076, 1117, 1116, 1076, 1077, 1118, 1117, 1077, 1078, 1119, 1118, 1078, 1079, 1120, 1119, 1079, 1080, 1121, 1120, 1080, 1081, 1122, 1121, 1081, 1082, 1123, 1122, 1082, 1083, 1124, 1123, 1083, 1084, 1125, 1124, 1084, 1085, 1126, 1125, 1085, 1086, 1127, 1126, 1086, 1087, 1128, 1127, 1087, 1088, 1129, 1128, 1088, 1089, 1130, 1129, 1089, 1090, 1131, 1130, 1090, 1091, 1132, 1131, 1091, 1092, 1133, 1132, 1092, 1093, 1134, 1133, 1093, 1094, 1135, 1134, 1094, 1095, 1136, 1135, 1095, 1096, 1137, 1136, 1096, 1097, 1138, 1137, 1097, 1098, 1139, 1138, 1098, 1099, 1140, 1139, 1099, 1100, 1141, 1140, 1100, 1101, 1142, 1141, 1101, 1102, 1143, 1142, 1102, 1103, 1144, 1143, 1103, 1104, 1145, 1144, 1104, 1105, 1146, 1145, 1105, 1106, 1147, 1146, 1107, 1108, 1149, 1148, 1108, 1109, 1150, 1149, 1109, 1110, 1151, 1150, 1110, 1111, 1152, 1151, 1111, 1112, 1153, 1152, 1112, 1113, 1154, 1153, 1113, 1114, 1155, 1154, 1114, 1115, 1156, 1155, 1115, 1116, 1157, 1156, 1116, 1117, 1158, 1157, 1117, 1118, 1159, 1158, 1118, 1119, 1160, 1159, 1119, 1120, 1161, 1160, 1120, 1121, 1162, 1161, 1121, 1122, 1163, 1162, 1122, 1123, 1164, 1163, 1123, 1124, 1165, 1164, 1124, 1125, 1166, 1165, 1125, 1126, 1167, 1166, 1126, 1127, 1168, 1167, 1127, 1128, 1169, 1168, 1128, 1129, 1170, 1169, 1129, 1130, 1171, 1170, 1130, 1131, 1172, 1171, 1131, 1132, 1173, 1172, 1132, 1133, 1174, 1173, 1133, 1134, 1175, 1174, 1134, 1135, 1176, 1175, 1135, 1136, 1177, 1176, 1136, 1137, 1178, 1177, 1137, 1138, 1179, 1178, 1138, 1139, 1180, 1179, 1139, 1140, 1181, 1180, 1140, 1141, 1182, 1181, 1141, 1142, 1183, 1182, 1142, 1143, 1184, 1183, 1143, 1144, 1185, 1184, 1144, 1145, 1186, 1185, 1145, 1146, 1187, 1186, 1146, 1147, 1188, 1187, 1148, 1149, 1190, 1189, 1149, 1150, 1191, 1190, 1150, 1151, 1192, 1191, 1151, 1152, 1193, 1192, 1152, 1153, 1194, 1193, 1153, 1154, 1195, 1194, 1154, 1155, 1196, 1195, 1155, 1156, 1197, 1196, 1156, 1157, 1198, 1197, 1157, 1158, 1199, 1198, 1158, 1159, 1200, 1199, 1159, 1160, 1201, 1200, 1160, 1161, 1202, 1201, 1161, 1162, 1203, 1202, 1162, 1163, 1204, 1203, 1163, 1164, 1205, 1204, 1164, 1165, 1206, 1205, 1165, 1166, 1207, 1206, 1166, 1167, 1208, 1207, 1167, 1168, 1209, 1208, 1168, 1169, 1210, 1209, 1169, 1170, 1211, 1210, 1170, 1171, 1212, 1211, 1171, 1172, 1213, 1212, 1172, 1173, 1214, 1213, 1173, 1174, 1215, 1214, 1174, 1175, 1216, 1215, 1175, 1176, 1217, 1216, 1176, 1177, 1218, 1217, 1177, 1178, 1219, 1218, 1178, 1179, 1220, 1219, 1179, 1180, 1221, 1220, 1180, 1181, 1222, 1221, 1181, 1182, 1223, 1222, 1182, 1183, 1224, 1223, 1183, 1184, 1225, 1224, 1184, 1185, 1226, 1225, 1185, 1186, 1227, 1226, 1186, 1187, 1228, 1227, 1187, 1188, 1229, 1228, 1189, 1190, 1231, 1230, 1190, 1191, 1232, 1231, 1191, 1192, 1233, 1232, 1192, 1193, 1234, 1233, 1193, 1194, 1235, 1234, 1194, 1195, 1236, 1235, 1195, 1196, 1237, 1236, 1196, 1197, 1238, 1237, 1197, 1198, 1239, 1238, 1198, 1199, 1240, 1239, 1199, 1200, 1241, 1240, 1200, 1201, 1242, 1241, 1201, 1202, 1243, 1242, 1202, 1203, 1244, 1243, 1203, 1204, 1245, 1244, 1204, 1205, 1246, 1245, 1205, 1206, 1247, 1246, 1206, 1207, 1248, 1247, 1207, 1208, 1249, 1248, 1208, 1209, 1250, 1249, 1209, 1210, 1251, 1250, 1210, 1211, 1252, 1251, 1211, 1212, 1253, 1252, 1212, 1213, 1254, 1253, 1213, 1214, 1255, 1254, 1214, 1215, 1256, 1255, 1215, 1216, 1257, 1256, 1216, 1217, 1258, 1257, 1217, 1218, 1259, 1258, 1218, 1219, 1260, 1259, 1219, 1220, 1261, 1260, 1220, 1221, 1262, 1261, 1221, 1222, 1263, 1262, 1222, 1223, 1264, 1263, 1223, 1224, 1265, 1264, 1224, 1225, 1266, 1265, 1225, 1226, 1267, 1266, 1226, 1227, 1268, 1267, 1227, 1228, 1269, 1268, 1228, 1229, 1270, 1269, 1230, 1231, 1272, 1271, 1231, 1232, 1273, 1272, 1232, 1233, 1274, 1273, 1233, 1234, 1275, 1274, 1234, 1235, 1276, 1275, 1235, 1236, 1277, 1276, 1236, 1237, 1278, 1277, 1237, 1238, 1279, 1278, 1238, 1239, 1280, 1279, 1239, 1240, 1281, 1280, 1240, 1241, 1282, 1281, 1241, 1242, 1283, 1282, 1242, 1243, 1284, 1283, 1243, 1244, 1285, 1284, 1244, 1245, 1286, 1285, 1245, 1246, 1287, 1286, 1246, 1247, 1288, 1287, 1247, 1248, 1289, 1288, 1248, 1249, 1290, 1289, 1249, 1250, 1291, 1290, 1250, 1251, 1292, 1291, 1251, 1252, 1293, 1292, 1252, 1253, 1294, 1293, 1253, 1254, 1295, 1294, 1254, 1255, 1296, 1295, 1255, 1256, 1297, 1296, 1256, 1257, 1298, 1297, 1257, 1258, 1299, 1298, 1258, 1259, 1300, 1299, 1259, 1260, 1301, 1300, 1260, 1261, 1302, 1301, 1261, 1262, 1303, 1302, 1262, 1263, 1304, 1303, 1263, 1264, 1305, 1304, 1264, 1265, 1306, 1305, 1265, 1266, 1307, 1306, 1266, 1267, 1308, 1307, 1267, 1268, 1309, 1308, 1268, 1269, 1310, 1309, 1269, 1270, 1311, 1310, 1271, 1272, 1313, 1312, 1272, 1273, 1314, 1313, 1273, 1274, 1315, 1314, 1274, 1275, 1316, 1315, 1275, 1276, 1317, 1316, 1276, 1277, 1318, 1317, 1277, 1278, 1319, 1318, 1278, 1279, 1320, 1319, 1279, 1280, 1321, 1320, 1280, 1281, 1322, 1321, 1281, 1282, 1323, 1322, 1282, 1283, 1324, 1323, 1283, 1284, 1325, 1324, 1284, 1285, 1326, 1325, 1285, 1286, 1327, 1326, 1286, 1287, 1328, 1327, 1287, 1288, 1329, 1328, 1288, 1289, 1330, 1329, 1289, 1290, 1331, 1330, 1290, 1291, 1332, 1331, 1291, 1292, 1333, 1332, 1292, 1293, 1334, 1333, 1293, 1294, 1335, 1334, 1294, 1295, 1336, 1335, 1295, 1296, 1337, 1336, 1296, 1297, 1338, 1337, 1297, 1298, 1339, 1338, 1298, 1299, 1340, 1339, 1299, 1300, 1341, 1340, 1300, 1301, 1342, 1341, 1301, 1302, 1343, 1342, 1302, 1303, 1344, 1343, 1303, 1304, 1345, 1344, 1304, 1305, 1346, 1345, 1305, 1306, 1347, 1346, 1306, 1307, 1348, 1347, 1307, 1308, 1349, 1348, 1308, 1309, 1350, 1349, 1309, 1310, 1351, 1350, 1310, 1311, 1352, 1351, 1312, 1313, 1354, 1353, 1313, 1314, 1355, 1354, 1314, 1315, 1356, 1355, 1315, 1316, 1357, 1356, 1316, 1317, 1358, 1357, 1317, 1318, 1359, 1358, 1318, 1319, 1360, 1359, 1319, 1320, 1361, 1360, 1320, 1321, 1362, 1361, 1321, 1322, 1363, 1362, 1322, 1323, 1364, 1363, 1323, 1324, 1365, 1364, 1324, 1325, 1366, 1365, 1325, 1326, 1367, 1366, 1326, 1327, 1368, 1367, 1327, 1328, 1369, 1368, 1328, 1329, 1370, 1369, 1329, 1330, 1371, 1370, 1330, 1331, 1372, 1371, 1331, 1332, 1373, 1372, 1332, 1333, 1374, 1373, 1333, 1334, 1375, 1374, 1334, 1335, 1376, 1375, 1335, 1336, 1377, 1376, 1336, 1337, 1378, 1377, 1337, 1338, 1379, 1378, 1338, 1339, 1380, 1379, 1339, 1340, 1381, 1380, 1340, 1341, 1382, 1381, 1341, 1342, 1383, 1382, 1342, 1343, 1384, 1383, 1343, 1344, 1385, 1384, 1344, 1345, 1386, 1385, 1345, 1346, 1387, 1386, 1346, 1347, 1388, 1387, 1347, 1348, 1389, 1388, 1348, 1349, 1390, 1389, 1349, 1350, 1391, 1390, 1350, 1351, 1392, 1391, 1351, 1352, 1393, 1392, 1353, 1354, 1395, 1394, 1354, 1355, 1396, 1395, 1355, 1356, 1397, 1396, 1356, 1357, 1398, 1397, 1357, 1358, 1399, 1398, 1358, 1359, 1400, 1399, 1359, 1360, 1401, 1400, 1360, 1361, 1402, 1401, 1361, 1362, 1403, 1402, 1362, 1363, 1404, 1403, 1363, 1364, 1405, 1404, 1364, 1365, 1406, 1405, 1365, 1366, 1407, 1406, 1366, 1367, 1408, 1407, 1367, 1368, 1409, 1408, 1368, 1369, 1410, 1409, 1369, 1370, 1411, 1410, 1370, 1371, 1412, 1411, 1371, 1372, 1413, 1412, 1372, 1373, 1414, 1413, 1373, 1374, 1415, 1414, 1374, 1375, 1416, 1415, 1375, 1376, 1417, 1416, 1376, 1377, 1418, 1417, 1377, 1378, 1419, 1418, 1378, 1379, 1420, 1419, 1379, 1380, 1421, 1420, 1380, 1381, 1422, 1421, 1381, 1382, 1423, 1422, 1382, 1383, 1424, 1423, 1383, 1384, 1425, 1424, 1384, 1385, 1426, 1425, 1385, 1386, 1427, 1426, 1386, 1387, 1428, 1427, 1387, 1388, 1429, 1428, 1388, 1389, 1430, 1429, 1389, 1390, 1431, 1430, 1390, 1391, 1432, 1431, 1391, 1392, 1433, 1432, 1392, 1393, 1434, 1433, 1394, 1395, 1436, 1435, 1395, 1396, 1437, 1436, 1396, 1397, 1438, 1437, 1397, 1398, 1439, 1438, 1398, 1399, 1440, 1439, 1399, 1400, 1441, 1440, 1400, 1401, 1442, 1441, 1401, 1402, 1443, 1442, 1402, 1403, 1444, 1443, 1403, 1404, 1445, 1444, 1404, 1405, 1446, 1445, 1405, 1406, 1447, 1446, 1406, 1407, 1448, 1447, 1407, 1408, 1449, 1448, 1408, 1409, 1450, 1449, 1409, 1410, 1451, 1450, 1410, 1411, 1452, 1451, 1411, 1412, 1453, 1452, 1412, 1413, 1454, 1453, 1413, 1414, 1455, 1454, 1414, 1415, 1456, 1455, 1415, 1416, 1457, 1456, 1416, 1417, 1458, 1457, 1417, 1418, 1459, 1458, 1418, 1419, 1460, 1459, 1419, 1420, 1461, 1460, 1420, 1421, 1462, 1461, 1421, 1422, 1463, 1462, 1422, 1423, 1464, 1463, 1423, 1424, 1465, 1464, 1424, 1425, 1466, 1465, 1425, 1426, 1467, 1466, 1426, 1427, 1468, 1467, 1427, 1428, 1469, 1468, 1428, 1429, 1470, 1469, 1429, 1430, 1471, 1470, 1430, 1431, 1472, 1471, 1431, 1432, 1473, 1472, 1432, 1433, 1474, 1473, 1433, 1434, 1475, 1474, 1435, 1436, 1477, 1476, 1436, 1437, 1478, 1477, 1437, 1438, 1479, 1478, 1438, 1439, 1480, 1479, 1439, 1440, 1481, 1480, 1440, 1441, 1482, 1481, 1441, 1442, 1483, 1482, 1442, 1443, 1484, 1483, 1443, 1444, 1485, 1484, 1444, 1445, 1486, 1485, 1445, 1446, 1487, 1486, 1446, 1447, 1488, 1487, 1447, 1448, 1489, 1488, 1448, 1449, 1490, 1489, 1449, 1450, 1491, 1490, 1450, 1451, 1492, 1491, 1451, 1452, 1493, 1492, 1452, 1453, 1494, 1493, 1453, 1454, 1495, 1494, 1454, 1455, 1496, 1495, 1455, 1456, 1497, 1496, 1456, 1457, 1498, 1497, 1457, 1458, 1499, 1498, 1458, 1459, 1500, 1499, 1459, 1460, 1501, 1500, 1460, 1461, 1502, 1501, 1461, 1462, 1503, 1502, 1462, 1463, 1504, 1503, 1463, 1464, 1505, 1504, 1464, 1465, 1506, 1505, 1465, 1466, 1507, 1506, 1466, 1467, 1508, 1507, 1467, 1468, 1509, 1508, 1468, 1469, 1510, 1509, 1469, 1470, 1511, 1510, 1470, 1471, 1512, 1511, 1471, 1472, 1513, 1512, 1472, 1473, 1514, 1513, 1473, 1474, 1515, 1514, 1474, 1475, 1516, 1515, 1476, 1477, 1518, 1517, 1477, 1478, 1519, 1518, 1478, 1479, 1520, 1519, 1479, 1480, 1521, 1520, 1480, 1481, 1522, 1521, 1481, 1482, 1523, 1522, 1482, 1483, 1524, 1523, 1483, 1484, 1525, 1524, 1484, 1485, 1526, 1525, 1485, 1486, 1527, 1526, 1486, 1487, 1528, 1527, 1487, 1488, 1529, 1528, 1488, 1489, 1530, 1529, 1489, 1490, 1531, 1530, 1490, 1491, 1532, 1531, 1491, 1492, 1533, 1532, 1492, 1493, 1534, 1533, 1493, 1494, 1535, 1534, 1494, 1495, 1536, 1535, 1495, 1496, 1537, 1536, 1496, 1497, 1538, 1537, 1497, 1498, 1539, 1538, 1498, 1499, 1540, 1539, 1499, 1500, 1541, 1540, 1500, 1501, 1542, 1541, 1501, 1502, 1543, 1542, 1502, 1503, 1544, 1543, 1503, 1504, 1545, 1544, 1504, 1505, 1546, 1545, 1505, 1506, 1547, 1546, 1506, 1507, 1548, 1547, 1507, 1508, 1549, 1548, 1508, 1509, 1550, 1549, 1509, 1510, 1551, 1550, 1510, 1511, 1552, 1551, 1511, 1512, 1553, 1552, 1512, 1513, 1554, 1553, 1513, 1514, 1555, 1554, 1514, 1515, 1556, 1555, 1515, 1516, 1557, 1556, 1517, 1518, 1559, 1558, 1518, 1519, 1560, 1559, 1519, 1520, 1561, 1560, 1520, 1521, 1562, 1561, 1521, 1522, 1563, 1562, 1522, 1523, 1564, 1563, 1523, 1524, 1565, 1564, 1524, 1525, 1566, 1565, 1525, 1526, 1567, 1566, 1526, 1527, 1568, 1567, 1527, 1528, 1569, 1568, 1528, 1529, 1570, 1569, 1529, 1530, 1571, 1570, 1530, 1531, 1572, 1571, 1531, 1532, 1573, 1572, 1532, 1533, 1574, 1573, 1533, 1534, 1575, 1574, 1534, 1535, 1576, 1575, 1535, 1536, 1577, 1576, 1536, 1537, 1578, 1577, 1537, 1538, 1579, 1578, 1538, 1539, 1580, 1579, 1539, 1540, 1581, 1580, 1540, 1541, 1582, 1581, 1541, 1542, 1583, 1582, 1542, 1543, 1584, 1583, 1543, 1544, 1585, 1584, 1544, 1545, 1586, 1585, 1545, 1546, 1587, 1586, 1546, 1547, 1588, 1587, 1547, 1548, 1589, 1588, 1548, 1549, 1590, 1589, 1549, 1550, 1591, 1590, 1550, 1551, 1592, 1591, 1551, 1552, 1593, 1592, 1552, 1553, 1594, 1593, 1553, 1554, 1595, 1594, 1554, 1555, 1596, 1595, 1555, 1556, 1597, 1596, 1556, 1557, 1598, 1597, 1558, 1559, 1600, 1599, 1559, 1560, 1601, 1600, 1560, 1561, 1602, 1601, 1561, 1562, 1603, 1602, 1562, 1563, 1604, 1603, 1563, 1564, 1605, 1604, 1564, 1565, 1606, 1605, 1565, 1566, 1607, 1606, 1566, 1567, 1608, 1607, 1567, 1568, 1609, 1608, 1568, 1569, 1610, 1609, 1569, 1570, 1611, 1610, 1570, 1571, 1612, 1611, 1571, 1572, 1613, 1612, 1572, 1573, 1614, 1613, 1573, 1574, 1615, 1614, 1574, 1575, 1616, 1615, 1575, 1576, 1617, 1616, 1576, 1577, 1618, 1617, 1577, 1578, 1619, 1618, 1578, 1579, 1620, 1619, 1579, 1580, 1621, 1620, 1580, 1581, 1622, 1621, 1581, 1582, 1623, 1622, 1582, 1583, 1624, 1623, 1583, 1584, 1625, 1624, 1584, 1585, 1626, 1625, 1585, 1586, 1627, 1626, 1586, 1587, 1628, 1627, 1587, 1588, 1629, 1628, 1588, 1589, 1630, 1629, 1589, 1590, 1631, 1630, 1590, 1591, 1632, 1631, 1591, 1592, 1633, 1632, 1592, 1593, 1634, 1633, 1593, 1594, 1635, 1634, 1594, 1595, 1636, 1635, 1595, 1596, 1637, 1636, 1596, 1597, 1638, 1637, 1597, 1598, 1639, 1638, 1599, 1600, 1641, 1640, 1600, 1601, 1642, 1641, 1601, 1602, 1643, 1642, 1602, 1603, 1644, 1643, 1603, 1604, 1645, 1644, 1604, 1605, 1646, 1645, 1605, 1606, 1647, 1646, 1606, 1607, 1648, 1647, 1607, 1608, 1649, 1648, 1608, 1609, 1650, 1649, 1609, 1610, 1651, 1650, 1610, 1611, 1652, 1651, 1611, 1612, 1653, 1652, 1612, 1613, 1654, 1653, 1613, 1614, 1655, 1654, 1614, 1615, 1656, 1655, 1615, 1616, 1657, 1656, 1616, 1617, 1658, 1657, 1617, 1618, 1659, 1658, 1618, 1619, 1660, 1659, 1619, 1620, 1661, 1660, 1620, 1621, 1662, 1661, 1621, 1622, 1663, 1662, 1622, 1623, 1664, 1663, 1623, 1624, 1665, 1664, 1624, 1625, 1666, 1665, 1625, 1626, 1667, 1666, 1626, 1627, 1668, 1667, 1627, 1628, 1669, 1668, 1628, 1629, 1670, 1669, 1629, 1630, 1671, 1670, 1630, 1631, 1672, 1671, 1631, 1632, 1673, 1672, 1632, 1633, 1674, 1673, 1633, 1634, 1675, 1674, 1634, 1635, 1676, 1675, 1635, 1636, 1677, 1676, 1636, 1637, 1678, 1677, 1637, 1638, 1679, 1678, 1638, 1639, 1680, 1679]
            rel material:binding = </Root/Materials/CeilingSpill>
            normal3f[] normals = [(0, -1, 0), (0, -1, 0), (0, -1, 0), (0, -1, 0), (0, -1, 0), (0, -1, 0), (0, -1, 0), (0, -1, 0), (0, -1, 0), (0, -1, 0), (0, -1, 0), (0, -1, 0), (0, -1, 0), (0, -1, 0), (0, -1, 0), (0, -1, 0), (0, -1, 0), (0, -1, 0), (0, -1, 0), (0, -1, 0), (0, -1, 0), (0, -1, 0), (0, -1, 0), (0, -1, 0), (0, -1, 0), (0, -1, 0), (0, -1, 0), (0, -1, 0), (0, -1, 0), (0, -1, 0), (0, -1, 0), (0, -1, 0), (0, -1, 0), (0, -1, 0), (0, -1, 0), (0, -1, 0), (0, -1, 0), (0, -1, 0), (0, -1, 0), (0, -1, 0), (0, -1, 0), (0, -1, 0), (0, -1, 0), (0, -1, 0), (0, -1, 0), (0, -1, 0), (0, -1, 0), (0, -1, 0), (0, -1, 0), (0, -1, 0), (0, -1, 0), (0, -1, 0), (0, -1, 0), (0, -1, 0), (0, -1, 0), (0, -1, 0), (0, -1, 0), (0, -1, 0), (0, -1, 0), (0, -1, 0), (0, -1, 0), (0, -1, 0), (0, -1, 0), (0, -1, 0), (0, -1, 0), (0, -1, 0), (0, -1, 0), (0, -1, 0), (0, -1, 0), (0, -1, 0), (0, -1, 0), (0, -1, 0), (0, -1, 0), (0, -1, 0), (0, -1, 0), (0, -1, 0), (0, -1, 0), (0, -1, 0), (0, -1, 0), (0, -1, 0), (0, -1, 0), (0, -1, 0), (0, -1, 0), (0, -1, 0), (0, -1, 0), (0, -1, 0), (0, -1, 0), (0, -1, 0), (0, -1, 0), (0, -1, 0), (0, -1, 0), (0, -1, 0), (0, -1, 0), (0, -1, 0), (0, -1, 0), (0, -1, 0), (0, -1, 0), (0, -1, 0), (0, -1, 0), (0, -1, 0), (0, -1, 0), (0, -1, 0), (0, -1, 0), (0, -1, 0), (0, -1, 0), (0, -1, 0), (0, -1, 0), (0, -1, 0), (0, -1, 0), (0, -1, 0), (0, -1, 0), (0, -1, 0), (0, -1, 0), (0, -1, 0), (0, -1, 0), (0, -1, 0), (0, -1, 0), (0, -1, 0), (0, -1, 0), (0, -1, 0), (0, -1, 0), (0, -1, 0), (0, -1, 0), (0, -1, 0), (0, -1, 0), (0, -1, 0), (0, -1, 0), (0, -1, 0), (0, -1, 0), (0, -1, 0), (0, -1, 0), (0, -1, 0), (0, -1, 0), (0, -1, 0), (0, -1, 0), (0, -1, 0), (0, -1, 0), (0, -1, 0), (0, -1, 0), (0, -1, 0), (0, -1, 0), (0, -1, 0), (0, -1, 0), (0, -1, 0), (0, -1, 0), (0, -1, 0), (0, -1, 0), (0, -1, 0), (0, -1, 0), (0, -1, 0), (0, -1, 0), (0, -1, 0), (0, -1, 0), (0, -1, 0), (0, -1, 0), (0, -1, 0), (0, -1, 0), (0, -1, 0), (0, -1, 0), (0, -1, 0), (0, -1, 0), (0, -1, 0), (0, -1, 0), (0, -1, 0), (0, -1, 0), (0, -1, 0), (0, -1, 0), (0, -1, 0), (0, -1, 0), (0, -1, 0), (0, -1, 0), (0, -1, 0), (0, -1, 0), (0, -1, 0), (0, -1, 0), (0, -1, 0), (0, -1, 0), (0, -1, 0), (0, -1, 0), (0, -1, 0), (0, -1, 0), (0, -1, 0), (0, -1, 0), (0, -1, 0), (0, -1, 0), (0, -1, 0), (0, -1, 0), (0, -1, 0), (0, -1, 0), (0, -1, 0), (0, -1, 0), (0, -1, 0), (0, -1, 0), (0, -1, 0), (0, -1, 0), (0, -1, 0), (0, -1, 0), (0, -1, 0), (0, -1, 0), (0, -1, 0), (0, -1, 0), (0, -1, 0), (0, -1, 0), (0, -1, 0), (0, -1, 0), (0, -1, 0), (0, -1, 0), (0, -1, 0), (0, -1, 0), (0, -1, 0), (0, -1, 0), (0, -1, 0), (0, -1, 0), (0, -1, 0), (0, -1, 0), (0, -1, 0), (0, -1, 0), (0, -1, 0), (0, -1, 0), (0, -1, 0), (0, -1, 0), (0, -1, 0), (0, -1, 0), (0, -1, 0), (0, -1, 0), (0, -1, 0), (0, -1, 0), (0, -1, 0), (0, -1, 0), (0, -1, 0), (0, -1, 0), (0, -1, 0), (0, -1, 0), (0, -1, 0), (0, -1, 0), (0, -1, 0), (0, -1, 0), (0, -1, 0), (0, -1, 0), (0, -1, 0), (0, -1, 0), (0, -1, 0), (0, -1, 0), (0, -1, 0), (0, -1, 0), (0, -1, 0), (0, -1, 0), (0, -1, 0), (0, -1, 0), (0, -1, 0), (0, -1, 0), (0, -1, 0), (0, -1, 0), (0, -1, 0), (0, -1, 0), (0, -1, 0), (0, -1, 0), (0, -1, 0), (0, -1, 0), (0, -1, 0), (0, -1, 0), (0, -1, 0), (0, -1, 0), (0, -1, 0), (0, -1, 0), (0, -1, 0), (0, -1, 0), (0, -1, 0), (0, -1, 0), (0, -1, 0), (0, -1, 0), (0, -1, 0), (0, -1, 0), (0, -1, 0), (0, -1, 0), (0, -1, 0), (0, -1, 0), (0, -1, 0), (0, -1, 0), (0, -1, 0), (0, -1, 0), (0, -1, 0), (0, -1, 0), (0, -1, 0), (0, -1, 0), (0, -1, 0), (0, -1, 0), (0, -1, 0), (0, -1, 0), (0, -1, 0), (0, -1, 0), (0, -1, 0), (0, -1, 0), (0, -1, 0), (0, -1, 0), (0, -1, 0), (0, -1, 0), (0, -1, 0), (0, -1, 0), (0, -1, 0), (0, -1, 0), (0, -1, 0), (0, -1, 0), (0, -1, 0), (0, -1, 0), (0, -1, 0), (0, -1, 0), (0, -1, 0), (0, -1, 0), (0, -1, 0), (0, -1, 0), (0, -1, 0), (0, -1, 0), (0, -1, 0), (0, -1, 0), (0, -1, 0), (0, -1, 0), (0, -1, 0), (0, -1, 0), (0, -1, 0), (0, -1, 0), (0, -1, 0), (0, -1, 0), (0, -1, 0), (0, -1, 0), (0, -1, 0), (0, -1, 0), (0, -1, 0), (0, -1, 0), (0, -1, 0), (0, -1, 0), (0, -1, 0), (0, -1, 0), (0, -1, 0), (0, -1, 0), (0, -1, 0), (0, -1, 0), (0, -1, 0), (0, -1, 0), (0, -1, 0), (0, -1, 0), (0, -1, 0), (0, -1, 0), (0, -1, 0), (0, -1, 0), (0, -1, 0), (0, -1, 0), (0, -1, 0), (0, -1, 0), (0, -1, 0), (0, -1, 0), (0, -1, 0), (0, -1, 0), (0, -1, 0), (0, -1, 0), (0, -1, 0), (0, -1, 0), (0, -1, 0), (0, -1, 0), (0, -1, 0), (0, -1, 0), (0, -1, 0), (0, -1, 0), (0, -1, 0), (0, -1, 0), (0, -1, 0), (0, -1, 0), (0, -1, 0), (0, -1, 0), (0, -1, 0), (0, -1, 0), (0, -1, 0), (0, -1, 0), (0, -1, 0), (0, -1, 0), (0, -1, 0), (0, -1, 0), (0, -1, 0), (0, -1, 0), (0, -1, 0), (0, -1, 0), (0, -1, 0), (0, -1, 0), (0, -1, 0), (0, -1, 0), (0, -1, 0), (0, -1, 0), (0, -1, 0), (0, -1, 0), (0, -1, 0), (0, -1, 0), (0, -1, 0), (0, -1, 0), (0, -1, 0), (0, -1, 0), (0, -1, 0), (0, -1, 0), (0, -1, 0), (0, -1, 0), (0, -1, 0), (0, -1, 0), (0, -1, 0), (0, -1, 0), (0, -1, 0), (0, -1, 0), (0, -1, 0), (0, -1, 0), (0, -1, 0), (0, -1, 0), (0, -1, 0), (0, -1, 0), (0, -1, 0), (0, -1, 0), (0, -1, 0), (0, -1, 0), (0, -1, 0), (0, -1, 0), (0, -1, 0), (0, -1, 0), (0, -1, 0), (0, -1, 0), (0, -1, 0), (0, -1, 0), (0, -1, 0), (0, -1, 0), (0, -1, 0), (0, -1, 0), (0, -1, 0), (0, -1, 0), (0, -1, 0), (0, -1, 0), (0, -1, 0), (0, -1, 0), (0, -1, 0), (0, -1, 0), (0, -1, 0), (0, -1, 0), (0, -1, 0), (0, -1, 0), (0, -1, 0), (0, -1, 0), (0, -1, 0), (0, -1, 0), (0, -1, 0), (0, -1, 0), (0, -1, 0), (0, -1, 0), (0, -1, 0), (0, -1, 0), (0, -1, 0), (0, -1, 0), (0, -1, 0), (0, -1, 0), (0, -1, 0), (0, -1, 0), (0, -1, 0), (0, -1, 0), (0, -1, 0), (0, -1, 0), (0, -1, 0), (0, -1, 0), (0, -1, 0), (0, -1, 0), (0, -1, 0), (0, -1, 0), (0, -1, 0), (0, -1, 0), (0, -1, 0), (0, -1, 0), (0, -1, 0), (0, -1, 0), (0, -1, 0), (0, -1, 0), (0, -1, 0), (0, -1, 0), (0, -1, 0), (0, -1, 0), (0, -1, 0), (0, -1, 0), (0, -1, 0), (0, -1, 0), (0, -1, 0), (0, -1, 0), (0, -1, 0), (0, -1, 0), (0, -1, 0), (0, -1, 0), (0, -1, 0), (0, -1, 0), (0, -1, 0), (0, -1, 0), (0, -1, 0), (0, -1, 0), (0, -1, 0), (0, -1, 0), (0, -1, 0), (0, -1, 0), (0, -1, 0), (0, -1, 0), (0, -1, 0), (0, -1, 0), (0, -1, 0), (0, -1, 0), (0, -1, 0), (0, -1, 0), (0, -1, 0), (0, -1, 0), (0, -1, 0), (0, -1, 0), (0, -1, 0), (0, -1, 0), (0, -1, 0), (0, -1, 0), (0, -1, 0), (0, -1, 0), (0, -1, 0), (0, -1, 0), (0, -1, 0), (0, -1, 0), (0, -1, 0), (0, -1, 0), (0, -1, 0), (0, -1, 0), (0, -1, 0), (0, -1, 0), (0, -1, 0), (0, -1, 0), (0, -1, 0), (0, -1, 0), (0, -1, 0), (0, -1, 0), (0, -1, 0), (0, -1, 0), (0, -1, 0), (0, -1, 0), (0, -1, 0), (0, -1, 0), (0, -1, 0), (0, -1, 0), (0, -1, 0), (0, -1, 0), (0, -1, 0), (0, -1, 0), (0, -1, 0), (0, -1, 0), (0, -1, 0), (0, -1, 0), (0, -1, 0), (0, -1, 0), (0, -1, 0), (0, -1, 0), (0, -1, 0), (0, -1, 0), (0, -1, 0), (0, -1, 0), (0, -1, 0), (0, -1, 0), (0, -1, 0), (0, -1, 0), (0, -1, 0), (0, -1, 0), (0, -1, 0), (0, -1, 0), (0, -1, 0), (0, -1, 0), (0, -1, 0), (0, -1, 0), (0, -1, 0), (0, -1, 0), (0, -1, 0), (0, -1, 0), (0, -1, 0), (0, -1, 0), (0, -1, 0), (0, -1, 0), (0, -1, 0), (0, -1, 0), (0, -1, 0), (0, -1, 0), (0, -1, 0), (0, -1, 0), (0, -1, 0), (0, -1, 0), (0, -1, 0), (0, -1, 0), (0, -1, 0), (0, -1, 0), (0, -1, 0), (0, -1, 0), (0, -1, 0), (0, -1, 0), (0, -1, 0), (0, -1, 0), (0, -1, 0), (0, -1, 0), (0, -1, 0), (0, -1, 0), (0, -1, 0), (0, -1, 0), (0, -1, 0), (0, -1, 0), (0, -1, 0), (0, -1, 0), (0, -1, 0), (0, -1, 0), (0, -1, 0), (0, -1, 0), (0, -1, 0), (0, -1, 0), (0, -1, 0), (0, -1, 0), (0, -1, 0), (0, -1, 0), (0, -1, 0), (0, -1, 0), (0, -1, 0), (0, -1, 0), (0, -1, 0), (0, -1, 0), (0, -1, 0), (0, -1, 0), (0, -1, 0), (0, -1, 0), (0, -1, 0), (0, -1, 0), (0, -1, 0), (0, -1, 0), (0, -1, 0), (0, -1, 0), (0, -1, 0), (0, -1, 0), (0, -1, 0), (0, -1, 0), (0, -1, 0), (0, -1, 0), (0, -1, 0), (0, -1, 0), (0, -1, 0), (0, -1, 0), (0, -1, 0), (0, -1, 0), (0, -1, 0), (0, -1, 0), (0, -1, 0), (0, -1, 0), (0, -1, 0), (0, -1, 0), (0, -1, 0), (0, -1, 0), (0, -1, 0), (0, -1, 0), (0, -1, 0), (0, -1, 0), (0, -1, 0), (0, -1, 0), (0, -1, 0), (0, -1, 0), (0, -1, 0), (0, -1, 0), (0, -1, 0), (0, -1, 0), (0, -1, 0), (0, -1, 0), (0, -1, 0), (0, -1, 0), (0, -1, 0), (0, -1, 0), (0, -1, 0), (0, -1, 0), (0, -1, 0), (0, -1, 0), (0, -1, 0), (0, -1, 0), (0, -1, 0), (0, -1, 0), (0, -1, 0), (0, -1, 0), (0, -1, 0), (0, -1, 0), (0, -1, 0), (0, -1, 0), (0, -1, 0), (0, -1, 0), (0, -1, 0), (0, -1, 0), (0, -1, 0), (0, -1, 0), (0, -1, 0), (0, -1, 0), (0, -1, 0), (0, -1, 0), (0, -1, 0), (0, -1, 0), (0, -1, 0), (0, -1, 0), (0, -1, 0), (0, -1, 0), (0, -1, 0), (0, -1, 0), (0, -1, 0), (0, -1, 0), (0, -1, 0), (0, -1, 0), (0, -1, 0), (0, -1, 0), (0, -1, 0), (0, -1, 0), (0, -1, 0), (0, -1, 0), (0, -1, 0), (0, -1, 0), (0, -1, 0), (0, -1, 0), (0, -1, 0), (0, -1, 0), (0, -1, 0), (0, -1, 0), (0, -1, 0), (0, -1, 0), (0, -1, 0), (0, -1, 0), (0, -1, 0), (0, -1, 0), (0, -1, 0), (0, -1, 0), (0, -1, 0), (0, -1, 0), (0, -1, 0), (0, -1, 0), (0, -1, 0), (0, -1, 0), (0, -1, 0), (0, -1, 0), (0, -1, 0), (0, -1, 0), (0, -1, 0), (0, -1, 0), (0, -1, 0), (0, -1, 0), (0, -1, 0), (0, -1, 0), (0, -1, 0), (0, -1, 0), (0, -1, 0), (0, -1, 0), (0, -1, 0), (0, -1, 0), (0, -1, 0), (0, -1, 0), (0, -1, 0), (0, -1, 0), (0, -1, 0), (0, -1, 0), (0, -1, 0), (0, -1, 0), (0, -1, 0), (0, -1, 0), (0, -1, 0), (0, -1, 0), (0, -1, 0), (0, -1, 0), (0, -1, 0), (0, -1, 0), (0, -1, 0), (0, -1, 0), (0, -1, 0), (0, -1, 0), (0, -1, 0), (0, -1, 0), (0, -1, 0), (0, -1, 0), (0, -1, 0), (0, -1, 0), (0, -1, 0), (0, -1, 0), (0, -1, 0), (0, -1, 0), (0, -1, 0), (0, -1, 0), (0, -1, 0), (0, -1, 0), (0, -1, 0), (0, -1, 0), (0, -1, 0), (0, -1, 0), (0, -1, 0), (0, -1, 0), (0, -1, 0), (0, -1, 0), (0, -1, 0), (0, -1, 0), (0, -1, 0), (0, -1, 0), (0, -1, 0), (0, -1, 0), (0, -1, 0), (0, -1, 0), (0, -1, 0), (0, -1, 0), (0, -1, 0), (0, -1, 0), (0, -1, 0), (0, -1, 0), (0, -1, 0), (0, -1, 0), (0, -1, 0), (0, -1, 0), (0, -1, 0), (0, -1, 0), (0, -1, 0), (0, -1, 0), (0, -1, 0), (0, -1, 0), (0, -1, 0), (0, -1, 0), (0, -1, 0), (0, -1, 0), (0, -1, 0), (0, -1, 0), (0, -1, 0), (0, -1, 0), (0, -1, 0), (0, -1, 0), (0, -1, 0), (0, -1, 0), (0, -1, 0), (0, -1, 0), (0, -1, 0), (0, -1, 0), (0, -1, 0), (0, -1, 0), (0, -1, 0), (0, -1, 0), (0, -1, 0), (0, -1, 0), (0, -1, 0), (0, -1, 0), (0, -1, 0), (0, -1, 0), (0, -1, 0), (0, -1, 0), (0, -1, 0), (0, -1, 0), (0, -1, 0), (0, -1, 0), (0, -1, 0), (0, -1, 0), (0, -1, 0), (0, -1, 0), (0, -1, 0), (0, -1, 0), (0, -1, 0), (0, -1, 0), (0, -1, 0), (0, -1, 0), (0, -1, 0), (0, -1, 0), (0, -1, 0), (0, -1, 0), (0, -1, 0), (0, -1, 0), (0, -1, 0), (0, -1, 0), (0, -1, 0), (0, -1, 0), (0, -1, 0), (0, -1, 0), (0, -1, 0), (0, -1, 0), (0, -1, 0), (0, -1, 0), (0, -1, 0), (0, -1, 0), (0, -1, 0), (0, -1, 0), (0, -1, 0), (0, -1, 0), (0, -1, 0), (0, -1, 0), (0, -1, 0), (0, -1, 0), (0, -1, 0), (0, -1, 0), (0, -1, 0), (0, -1, 0), (0, -1, 0), (0, -1, 0), (0, -1, 0), (0, -1, 0), (0, -1, 0), (0, -1, 0), (0, -1, 0), (0, -1, 0), (0, -1, 0), (0, -1, 0), (0, -1, 0), (0, -1, 0), (0, -1, 0), (0, -1, 0), (0, -1, 0), (0, -1, 0), (0, -1, 0), (0, -1, 0), (0, -1, 0), (0, -1, 0), (0, -1, 0), (0, -1, 0), (0, -1, 0), (0, -1, 0), (0, -1, 0), (0, -1, 0), (0, -1, 0), (0, -1, 0), (0, -1, 0), (0, -1, 0), (0, -1, 0), (0, -1, 0), (0, -1, 0), (0, -1, 0), (0, -1, 0), (0, -1, 0), (0, -1, 0), (0, -1, 0), (0, -1, 0), (0, -1, 0), (0, -1, 0), (0, -1, 0), (0, -1, 0), (0, -1, 0), (0, -1, 0), (0, -1, 0), (0, -1, 0), (0, -1, 0), (0, -1, 0), (0, -1, 0), (0, -1, 0), (0, -1, 0), (0, -1, 0), (0, -1, 0), (0, -1, 0), (0, -1, 0), (0, -1, 0), (0, -1, 0), (0, -1, 0), (0, -1, 0), (0, -1, 0), (0, -1, 0), (0, -1, 0), (0, -1, 0), (0, -1, 0), (0, -1, 0), (0, -1, 0), (0, -1, 0), (0, -1, 0), (0, -1, 0), (0, -1, 0), (0, -1, 0), (0, -1, 0), (0, -1, 0), (0, -1, 0), (0, -1, 0), (0, -1, 0), (0, -1, 0), (0, -1, 0), (0, -1, 0), (0, -1, 0), (0, -1, 0), (0, -1, 0), (0, -1, 0), (0, -1, 0), (0, -1, 0), (0, -1, 0), (0, -1, 0), (0, -1, 0), (0, -1, 0), (0, -1, 0), (0, -1, 0), (0, -1, 0), (0, -1, 0), (0, -1, 0), (0, -1, 0), (0, -1, 0), (0, -1, 0), (0, -1, 0), (0, -1, 0), (0, -1, 0), (0, -1, 0), (0, -1, 0), (0, -1, 0), (0, -1, 0), (0, -1, 0), (0, -1, 0), (0, -1, 0), (0, -1, 0), (0, -1, 0), (0, -1, 0), (0, -1, 0), (0, -1, 0), (0, -1, 0), (0, -1, 0), (0, -1, 0), (0, -1, 0), (0, -1, 0), (0, -1, 0), (0, -1, 0), (0, -1, 0), (0, -1, 0), (0, -1, 0), (0, -1, 0), (0, -1, 0), (0, -1, 0), (0, -1, 0), (0, -1, 0), (0, -1, 0), (0, -1, 0), (0, -1, 0), (0, -1, 0), (0, -1, 0), (0, -1, 0), (0, -1, 0), (0, -1, 0), (0, -1, 0), (0, -1, 0), (0, -1, 0), (0, -1, 0), (0, -1, 0), (0, -1, 0), (0, -1, 0), (0, -1, 0), (0, -1, 0), (0, -1, 0), (0, -1, 0), (0, -1, 0), (0, -1, 0), (0, -1, 0), (0, -1, 0), (0, -1, 0), (0, -1, 0), (0, -1, 0), (0, -1, 0), (0, -1, 0), (0, -1, 0), (0, -1, 0), (0, -1, 0), (0, -1, 0), (0, -1, 0), (0, -1, 0), (0, -1, 0), (0, -1, 0), (0, -1, 0), (0, -1, 0), (0, -1, 0), (0, -1, 0), (0, -1, 0), (0, -1, 0), (0, -1, 0), (0, -1, 0), (0, -1, 0), (0, -1, 0), (0, -1, 0), (0, -1, 0), (0, -1, 0), (0, -1, 0), (0, -1, 0), (0, -1, 0), (0, -1, 0), (0, -1, 0), (0, -1, 0), (0, -1, 0), (0, -1, 0), (0, -1, 0), (0, -1, 0), (0, -1, 0), (0, -1, 0), (0, -1, 0), (0, -1, 0), (0, -1, 0), (0, -1, 0), (0, -1, 0), (0, -1, 0), (0, -1, 0), (0, -1, 0), (0, -1, 0), (0, -1, 0), (0, -1, 0), (0, -1, 0), (0, -1, 0), (0, -1, 0), (0, -1, 0), (0, -1, 0), (0, -1, 0), (0, -1, 0), (0, -1, 0), (0, -1, 0), (0, -1, 0), (0, -1, 0), (0, -1, 0), (0, -1, 0), (0, -1, 0), (0, -1, 0), (0, -1, 0), (0, -1, 0), (0, -1, 0), (0, -1, 0), (0, -1, 0), (0, -1, 0), (0, -1, 0), (0, -1, 0), (0, -1, 0), (0, -1, 0), (0, -1, 0), (0, -1, 0), (0, -1, 0), (0, -1, 0), (0, -1, 0), (0, -1, 0), (0, -1, 0), (0, -1, 0), (0, -1, 0), (0, -1, 0), (0, -1, 0), (0, -1, 0), (0, -1, 0), (0, -1, 0), (0, -1, 0), (0, -1, 0), (0, -1, 0), (0, -1, 0), (0, -1, 0), (0, -1, 0), (0, -1, 0), (0, -1, 0), (0, -1, 0), (0, -1, 0), (0, -1, 0), (0, -1, 0), (0, -1, 0), (0, -1, 0), (0, -1, 0), (0, -1, 0), (0, -1, 0), (0, -1, 0), (0, -1, 0), (0, -1, 0), (0, -1, 0), (0, -1, 0), (0, -1, 0), (0, -1, 0), (0, -1, 0), (0, -1, 0), (0, -1, 0), (0, -1, 0), (0, -1, 0), (0, -1, 0), (0, -1, 0), (0, -1, 0), (0, -1, 0), (0, -1, 0), (0, -1, 0), (0, -1, 0), (0, -1, 0), (0, -1, 0), (0, -1, 0), (0, -1, 0), (0, -1, 0), (0, -1, 0), (0, -1, 0), (0, -1, 0), (0, -1, 0), (0, -1, 0), (0, -1, 0), (0, -1, 0), (0, -1, 0), (0, -1, 0), (0, -1, 0), (0, -1, 0), (0, -1, 0), (0, -1, 0), (0, -1, 0), (0, -1, 0), (0, -1, 0), (0, -1, 0), (0, -1, 0), (0, -1, 0), (0, -1, 0), (0, -1, 0), (0, -1, 0), (0, -1, 0), (0, -1, 0), (0, -1, 0), (0, -1, 0), (0, -1, 0), (0, -1, 0), (0, -1, 0), (0, -1, 0), (0, -1, 0), (0, -1, 0), (0, -1, 0), (0, -1, 0), (0, -1, 0), (0, -1, 0), (0, -1, 0), (0, -1, 0), (0, -1, 0), (0, -1, 0), (0, -1, 0), (0, -1, 0), (0, -1, 0), (0, -1, 0), (0, -1, 0), (0, -1, 0), (0, -1, 0), (0, -1, 0), (0, -1, 0), (0, -1, 0), (0, -1, 0), (0, -1, 0), (0, -1, 0), (0, -1, 0), (0, -1, 0), (0, -1, 0), (0, -1, 0), (0, -1, 0), (0, -1, 0), (0, -1, 0), (0, -1, 0), (0, -1, 0), (0, -1, 0), (0, -1, 0), (0, -1, 0), (0, -1, 0), (0, -1, 0), (0, -1, 0), (0, -1, 0), (0, -1, 0), (0, -1, 0), (0, -1, 0), (0, -1, 0), (0, -1, 0), (0, -1, 0), (0, -1, 0), (0, -1, 0), (0, -1, 0), (0, -1, 0), (0, -1, 0), (0, -1, 0), (0, -1, 0), (0, -1, 0), (0, -1, 0), (0, -1, 0), (0, -1, 0), (0, -1, 0), (0, -1, 0), (0, -1, 0), (0, -1, 0), (0, -1, 0), (0, -1, 0), (0, -1, 0), (0, -1, 0), (0, -1, 0), (0, -1, 0), (0, -1, 0), (0, -1, 0), (0, -1, 0), (0, -1, 0), (0, -1, 0), (0, -1, 0), (0, -1, 0), (0, -1, 0), (0, -1, 0), (0, -1, 0), (0, -1, 0), (0, -1, 0), (0, -1, 0), (0, -1, 0), (0, -1, 0), (0, -1, 0), (0, -1, 0), (0, -1, 0), (0, -1, 0), (0, -1, 0), (0, -1, 0), (0, -1, 0), (0, -1, 0), (0, -1, 0), (0, -1, 0), (0, -1, 0), (0, -1, 0), (0, -1, 0), (0, -1, 0), (0, -1, 0), (0, -1, 0), (0, -1, 0), (0, -1, 0), (0, -1, 0), (0, -1, 0), (0, -1, 0), (0, -1, 0), (0, -1, 0), (0, -1, 0), (0, -1, 0), (0, -1, 0), (0, -1, 0), (0, -1, 0), (0, -1, 0), (0, -1, 0), (0, -1, 0), (0, -1, 0), (0, -1, 0), (0, -1, 0), (0, -1, 0), (0, -1, 0), (0, -1, 0), (0, -1, 0), (0, -1, 0), (0, -1, 0), (0, -1, 0), (0, -1, 0), (0, -1, 0), (0, -1, 0), (0, -1, 0), (0, -1, 0), (0, -1, 0), (0, -1, 0), (0, -1, 0), (0, -1, 0), (0, -1, 0), (0, -1, 0), (0, -1, 0), (0, -1, 0), (0, -1, 0), (0, -1, 0), (0, -1, 0), (0, -1, 0), (0, -1, 0), (0, -1, 0), (0, -1, 0), (0, -1, 0), (0, -1, 0), (0, -1, 0), (0, -1, 0), (0, -1, 0), (0, -1, 0), (0, -1, 0), (0, -1, 0), (0, -1, 0), (0, -1, 0), (0, -1, 0), (0, -1, 0), (0, -1, 0), (0, -1, 0), (0, -1, 0), (0, -1, 0), (0, -1, 0), (0, -1, 0), (0, -1, 0), (0, -1, 0), (0, -1, 0), (0, -1, 0), (0, -1, 0), (0, -1, 0), (0, -1, 0), (0, -1, 0), (0, -1, 0), (0, -1, 0), (0, -1, 0), (0, -1, 0), (0, -1, 0), (0, -1, 0), (0, -1, 0), (0, -1, 0), (0, -1, 0), (0, -1, 0), (0, -1, 0), (0, -1, 0), (0, -1, 0), (0, -1, 0), (0, -1, 0), (0, -1, 0), (0, -1, 0), (0, -1, 0), (0, -1, 0), (0, -1, 0), (0, -1, 0), (0, -1, 0), (0, -1, 0), (0, -1, 0), (0, -1, 0), (0, -1, 0), (0, -1, 0), (0, -1, 0), (0, -1, 0), (0, -1, 0), (0, -1, 0), (0, -1, 0), (0, -1, 0), (0, -1, 0), (0, -1, 0), (0, -1, 0), (0, -1, 0), (0, -1, 0), (0, -1, 0), (0, -1, 0), (0, -1, 0), (0, -1, 0), (0, -1, 0), (0, -1, 0), (0, -1, 0), (0, -1, 0), (0, -1, 0), (0, -1, 0), (0, -1, 0), (0, -1, 0), (0, -1, 0), (0, -1, 0), (0, -1, 0), (0, -1, 0), (0, -1, 0), (0, -1, 0), (0, -1, 0), (0, -1, 0), (0, -1, 0), (0, -1, 0), (0, -1, 0), (0, -1, 0), (0, -1, 0), (0, -1, 0), (0, -1, 0), (0, -1, 0), (0, -1, 0), (0, -1, 0), (0, -1, 0), (0, -1, 0), (0, -1, 0), (0, -1, 0), (0, -1, 0), (0, -1, 0), (0, -1, 0), (0, -1, 0), (0, -1, 0), (0, -1, 0), (0, -1, 0), (0, -1, 0), (0, -1, 0), (0, -1, 0), (0, -1, 0), (0, -1, 0), (0, -1, 0), (0, -1, 0), (0, -1, 0), (0, -1, 0), (0, -1, 0), (0, -1, 0), (0, -1, 0), (0, -1, 0), (0, -1, 0), (0, -1, 0), (0, -1, 0), (0, -1, 0), (0, -1, 0), (0, -1, 0), (0, -1, 0), (0, -1, 0), (0, -1, 0), (0, -1, 0), (0, -1, 0), (0, -1, 0), (0, -1, 0), (0, -1, 0), (0, -1, 0), (0, -1, 0), (0, -1, 0), (0, -1, 0), (0, -1, 0), (0, -1, 0), (0, -1, 0), (0, -1, 0), (0, -1, 0), (0, -1, 0), (0, -1, 0), (0, -1, 0), (0, -1, 0), (0, -1, 0), (0, -1, 0), (0, -1, 0), (0, -1, 0), (0, -1, 0), (0, -1, 0), (0, -1, 0), (0, -1, 0), (0, -1, 0), (0, -1, 0), (0, -1, 0), (0, -1, 0), (0, -1, 0), (0, -1, 0), (0, -1, 0), (0, -1, 0), (0, -1, 0), (0, -1, 0), (0, -1, 0), (0, -1, 0), (0, -1, 0), (0, -1, 0), (0, -1, 0), (0, -1, 0), (0, -1, 0), (0, -1, 0), (0, -1, 0), (0, -1, 0), (0, -1, 0), (0, -1, 0), (0, -1, 0), (0, -1, 0), (0, -1, 0), (0, -1, 0), (0, -1, 0), (0, -1, 0), (0, -1, 0), (0, -1, 0), (0, -1, 0), (0, -1, 0), (0, -1, 0), (0, -1, 0), (0, -1, 0), (0, -1, 0), (0, -1, 0), (0, -1, 0), (0, -1, 0), (0, -1, 0), (0, -1, 0), (0, -1, 0), (0, -1, 0), (0, -1, 0), (0, -1, 0), (0, -1, 0), (0, -1, 0), (0, -1, 0), (0, -1, 0), (0, -1, 0), (0, -1, 0), (0, -1, 0), (0, -1, 0), (0, -1, 0), (0, -1, 0), (0, -1, 0), (0, -1, 0), (0, -1, 0), (0, -1, 0), (0, -1, 0), (0, -1, 0), (0, -1, 0), (0, -1, 0), (0, -1, 0), (0, -1, 0), (0, -1, 0), (0, -1, 0), (0, -1, 0), (0, -1, 0), (0, -1, 0), (0, -1, 0), (0, -1, 0), (0, -1, 0), (0, -1, 0), (0, -1, 0), (0, -1, 0), (0, -1, 0), (0, -1, 0), (0, -1, 0), (0, -1, 0), (0, -1, 0), (0, -1, 0), (0, -1, 0), (0, -1, 0), (0, -1, 0), (0, -1, 0), (0, -1, 0), (0, -1, 0), (0, -1, 0), (0, -1, 0), (0, -1, 0), (0, -1, 0), (0, -1, 0), (0, -1, 0), (0, -1, 0), (0, -1, 0), (0, -1, 0), (0, -1, 0), (0, -1, 0), (0, -1, 0), (0, -1, 0), (0, -1, 0), (0, -1, 0), (0, -1, 0), (0, -1, 0), (0, -1, 0), (0, -1, 0), (0, -1, 0), (0, -1, 0), (0, -1, 0), (0, -1, 0), (0, -1, 0), (0, -1, 0), (0, -1, 0), (0, -1, 0), (0, -1, 0), (0, -1, 0), (0, -1, 0), (0, -1, 0), (0, -1, 0), (0, -1, 0), (0, -1, 0), (0, -1, 0), (0, -1, 0), (0, -1, 0), (0, -1, 0), (0, -1, 0), (0, -1, 0), (0, -1, 0), (0, -1, 0), (0, -1, 0), (0, -1, 0), (0, -1, 0), (0, -1, 0), (0, -1, 0), (0, -1, 0), (0, -1, 0), (0, -1, 0), (0, -1, 0), (0, -1, 0), (0, -1, 0), (0, -1, 0), (0, -1, 0), (0, -1, 0), (0, -1, 0), (0, -1, 0), (0, -1, 0), (0, -1, 0), (0, -1, 0), (0, -1, 0), (0, -1, 0), (0, -1, 0), (0, -1, 0), (0, -1, 0), (0, -1, 0), (0, -1, 0), (0, -1, 0), (0, -1, 0), (0, -1, 0), (0, -1, 0), (0, -1, 0), (0, -1, 0), (0, -1, 0), (0, -1, 0), (0, -1, 0), (0, -1, 0), (0, -1, 0), (0, -1, 0), (0, -1, 0), (0, -1, 0), (0, -1, 0), (0, -1, 0), (0, -1, 0), (0, -1, 0), (0, -1, 0), (0, -1, 0), (0, -1, 0), (0, -1, 0), (0, -1, 0), (0, -1, 0), (0, -1, 0), (0, -1, 0), (0, -1, 0), (0, -1, 0), (0, -1, 0), (0, -1, 0), (0, -1, 0), (0, -1, 0), (0, -1, 0), (0, -1, 0), (0, -1, 0)] (
                interpolation = "vertex"
            )
            point3f[] points = [(-35, 6.3, -12.200001), (-33.25, 6.3, -12.200001), (-31.5, 6.3, -12.200001), (-29.75, 6.3, -12.200001), (-28, 6.3, -12.200001), (-26.25, 6.3, -12.200001), (-24.5, 6.3, -12.200001), (-22.75, 6.3, -12.200001), (-21, 6.3, -12.200001), (-19.25, 6.3, -12.200001), (-17.5, 6.3, -12.200001), (-15.75, 6.3, -12.200001), (-14, 6.3, -12.200001), (-12.25, 6.3, -12.200001), (-10.5, 6.3, -12.200001), (-8.75, 6.3, -12.200001), (-7, 6.3, -12.200001), (-5.25, 6.3, -12.200001), (-3.5, 6.3, -12.200001), (-1.75, 6.3, -12.200001), (0, 6.3, -12.200001), (1.75, 6.3, -12.200001), (3.5, 6.3, -12.200001), (5.25, 6.3, -12.200001), (7, 6.3, -12.200001), (8.75, 6.3, -12.200001), (10.5, 6.3, -12.200001), (12.25, 6.3, -12.200001), (14, 6.3, -12.200001), (15.75, 6.3, -12.200001), (17.5, 6.3, -12.200001), (19.25, 6.3, -12.200001), (21, 6.3, -12.200001), (22.75, 6.3, -12.200001), (24.5, 6.3, -12.200001), (26.25, 6.3, -12.200001), (28, 6.3, -12.200001), (29.75, 6.3, -12.200001), (31.5, 6.3, -12.200001), (33.25, 6.3, -12.200001), (35, 6.3, -12.200001), (-35, 6.3, -11.620001), (-33.25, 6.3, -11.620001), (-31.5, 6.3, -11.620001), (-29.75, 6.3, -11.620001), (-28, 6.3, -11.620001), (-26.25, 6.3, -11.620001), (-24.5, 6.3, -11.620001), (-22.75, 6.3, -11.620001), (-21, 6.3, -11.620001), (-19.25, 6.3, -11.620001), (-17.5, 6.3, -11.620001), (-15.75, 6.3, -11.620001), (-14, 6.3, -11.620001), (-12.25, 6.3, -11.620001), (-10.5, 6.3, -11.620001), (-8.75, 6.3, -11.620001), (-7, 6.3, -11.620001), (-5.25, 6.3, -11.620001), (-3.5, 6.3, -11.620001), (-1.75, 6.3, -11.620001), (0, 6.3, -11.620001), (1.75, 6.3, -11.620001), (3.5, 6.3, -11.620001), (5.25, 6.3, -11.620001), (7, 6.3, -11.620001), (8.75, 6.3, -11.620001), (10.5, 6.3, -11.620001), (12.25, 6.3, -11.620001), (14, 6.3, -11.620001), (15.75, 6.3, -11.620001), (17.5, 6.3, -11.620001), (19.25, 6.3, -11.620001), (21, 6.3, -11.620001), (22.75, 6.3, -11.620001), (24.5, 6.3, -11.620001), (26.25, 6.3, -11.620001), (28, 6.3, -11.620001), (29.75, 6.3, -11.620001), (31.5, 6.3, -11.620001), (33.25, 6.3, -11.620001), (35, 6.3, -11.620001), (-35, 6.3, -11.04), (-33.25, 6.3, -11.04), (-31.5, 6.3, -11.04), (-29.75, 6.3, -11.04), (-28, 6.3, -11.04), (-26.25, 6.3, -11.04), (-24.5, 6.3, -11.04), (-22.75, 6.3, -11.04), (-21, 6.3, -11.04), (-19.25, 6.3, -11.04), (-17.5, 6.3, -11.04), (-15.75, 6.3, -11.04), (-14, 6.3, -11.04), (-12.25, 6.3, -11.04), (-10.5, 6.3, -11.04), (-8.75, 6.3, -11.04), (-7, 6.3, -11.04), (-5.25, 6.3, -11.04), (-3.5, 6.3, -11.04), (-1.75, 6.3, -11.04), (0, 6.3, -11.04), (1.75, 6.3, -11.04), (3.5, 6.3, -11.04), (5.25, 6.3, -11.04), (7, 6.3, -11.04), (8.75, 6.3, -11.04), (10.5, 6.3, -11.04), (12.25, 6.3, -11.04), (14, 6.3, -11.04), (15.75, 6.3, -11.04), (17.5, 6.3, -11.04), (19.25, 6.3, -11.04), (21, 6.3, -11.04), (22.75, 6.3, -11.04), (24.5, 6.3, -11.04), (26.25, 6.3, -11.04), (28, 6.3, -11.04), (29.75, 6.3, -11.04), (31.5, 6.3, -11.04), (33.25, 6.3, -11.04), (35, 6.3, -11.04), (-35, 6.3, -10.46), (-33.25, 6.3, -10.46), (-31.5, 6.3, -10.46), (-29.75, 6.3, -10.46), (-28, 6.3, -10.46), (-26.25, 6.3, -10.46), (-24.5, 6.3, -10.46), (-22.75, 6.3, -10.46), (-21, 6.3, -10.46), (-19.25, 6.3, -10.46), (-17.5, 6.3, -10.46), (-15.75, 6.3, -10.46), (-14, 6.3, -10.46), (-12.25, 6.3, -10.46), (-10.5, 6.3, -10.46), (-8.75, 6.3, -10.46), (-7, 6.3, -10.46), (-5.25, 6.3, -10.46), (-3.5, 6.3, -10.46), (-1.75, 6.3, -10.46), (0, 6.3, -10.46), (1.75, 6.3, -10.46), (3.5, 6.3, -10.46), (5.25, 6.3, -10.46), (7, 6.3, -10.46), (8.75, 6.3, -10.46), (10.5, 6.3, -10.46), (12.25, 6.3, -10.46), (14, 6.3, -10.46), (15.75, 6.3, -10.46), (17.5, 6.3, -10.46), (19.25, 6.3, -10.46), (21, 6.3, -10.46), (22.75, 6.3, -10.46), (24.5, 6.3, -10.46), (26.25, 6.3, -10.46), (28, 6.3, -10.46), (29.75, 6.3, -10.46), (31.5, 6.3, -10.46), (33.25, 6.3, -10.46), (35, 6.3, -10.46), (-35, 6.3, -9.88), (-33.25, 6.3, -9.88), (-31.5, 6.3, -9.88), (-29.75, 6.3, -9.88), (-28, 6.3, -9.88), (-26.25, 6.3, -9.88), (-24.5, 6.3, -9.88), (-22.75, 6.3, -9.88), (-21, 6.3, -9.88), (-19.25, 6.3, -9.88), (-17.5, 6.3, -9.88), (-15.75, 6.3, -9.88), (-14, 6.3, -9.88), (-12.25, 6.3, -9.88), (-10.5, 6.3, -9.88), (-8.75, 6.3, -9.88), (-7, 6.3, -9.88), (-5.25, 6.3, -9.88), (-3.5, 6.3, -9.88), (-1.75, 6.3, -9.88), (0, 6.3, -9.88), (1.75, 6.3, -9.88), (3.5, 6.3, -9.88), (5.25, 6.3, -9.88), (7, 6.3, -9.88), (8.75, 6.3, -9.88), (10.5, 6.3, -9.88), (12.25, 6.3, -9.88), (14, 6.3, -9.88), (15.75, 6.3, -9.88), (17.5, 6.3, -9.88), (19.25, 6.3, -9.88), (21, 6.3, -9.88), (22.75, 6.3, -9.88), (24.5, 6.3, -9.88), (26.25, 6.3, -9.88), (28, 6.3, -9.88), (29.75, 6.3, -9.88), (31.5, 6.3, -9.88), (33.25, 6.3, -9.88), (35, 6.3, -9.88), (-35, 6.3, -9.3), (-33.25, 6.3, -9.3), (-31.5, 6.3, -9.3), (-29.75, 6.3, -9.3), (-28, 6.3, -9.3), (-26.25, 6.3, -9.3), (-24.5, 6.3, -9.3), (-22.75, 6.3, -9.3), (-21, 6.3, -9.3), (-19.25, 6.3, -9.3), (-17.5, 6.3, -9.3), (-15.75, 6.3, -9.3), (-14, 6.3, -9.3), (-12.25, 6.3, -9.3), (-10.5, 6.3, -9.3), (-8.75, 6.3, -9.3), (-7, 6.3, -9.3), (-5.25, 6.3, -9.3), (-3.5, 6.3, -9.3), (-1.75, 6.3, -9.3), (0, 6.3, -9.3), (1.75, 6.3, -9.3), (3.5, 6.3, -9.3), (5.25, 6.3, -9.3), (7, 6.3, -9.3), (8.75, 6.3, -9.3), (10.5, 6.3, -9.3), (12.25, 6.3, -9.3), (14, 6.3, -9.3), (15.75, 6.3, -9.3), (17.5, 6.3, -9.3), (19.25, 6.3, -9.3), (21, 6.3, -9.3), (22.75, 6.3, -9.3), (24.5, 6.3, -9.3), (26.25, 6.3, -9.3), (28, 6.3, -9.3), (29.75, 6.3, -9.3), (31.5, 6.3, -9.3), (33.25, 6.3, -9.3), (35, 6.3, -9.3), (-35, 6.3, -8.72), (-33.25, 6.3, -8.72), (-31.5, 6.3, -8.72), (-29.75, 6.3, -8.72), (-28, 6.3, -8.72), (-26.25, 6.3, -8.72), (-24.5, 6.3, -8.72), (-22.75, 6.3, -8.72), (-21, 6.3, -8.72), (-19.25, 6.3, -8.72), (-17.5, 6.3, -8.72), (-15.75, 6.3, -8.72), (-14, 6.3, -8.72), (-12.25, 6.3, -8.72), (-10.5, 6.3, -8.72), (-8.75, 6.3, -8.72), (-7, 6.3, -8.72), (-5.25, 6.3, -8.72), (-3.5, 6.3, -8.72), (-1.75, 6.3, -8.72), (0, 6.3, -8.72), (1.75, 6.3, -8.72), (3.5, 6.3, -8.72), (5.25, 6.3, -8.72), (7, 6.3, -8.72), (8.75, 6.3, -8.72), (10.5, 6.3, -8.72), (12.25, 6.3, -8.72), (14, 6.3, -8.72), (15.75, 6.3, -8.72), (17.5, 6.3, -8.72), (19.25, 6.3, -8.72), (21, 6.3, -8.72), (22.75, 6.3, -8.72), (24.5, 6.3, -8.72), (26.25, 6.3, -8.72), (28, 6.3, -8.72), (29.75, 6.3, -8.72), (31.5, 6.3, -8.72), (33.25, 6.3, -8.72), (35, 6.3, -8.72), (-35, 6.3, -8.14), (-33.25, 6.3, -8.14), (-31.5, 6.3, -8.14), (-29.75, 6.3, -8.14), (-28, 6.3, -8.14), (-26.25, 6.3, -8.14), (-24.5, 6.3, -8.14), (-22.75, 6.3, -8.14), (-21, 6.3, -8.14), (-19.25, 6.3, -8.14), (-17.5, 6.3, -8.14), (-15.75, 6.3, -8.14), (-14, 6.3, -8.14), (-12.25, 6.3, -8.14), (-10.5, 6.3, -8.14), (-8.75, 6.3, -8.14), (-7, 6.3, -8.14), (-5.25, 6.3, -8.14), (-3.5, 6.3, -8.14), (-1.75, 6.3, -8.14), (0, 6.3, -8.14), (1.75, 6.3, -8.14), (3.5, 6.3, -8.14), (5.25, 6.3, -8.14), (7, 6.3, -8.14), (8.75, 6.3, -8.14), (10.5, 6.3, -8.14), (12.25, 6.3, -8.14), (14, 6.3, -8.14), (15.75, 6.3, -8.14), (17.5, 6.3, -8.14), (19.25, 6.3, -8.14), (21, 6.3, -8.14), (22.75, 6.3, -8.14), (24.5, 6.3, -8.14), (26.25, 6.3, -8.14), (28, 6.3, -8.14), (29.75, 6.3, -8.14), (31.5, 6.3, -8.14), (33.25, 6.3, -8.14), (35, 6.3, -8.14), (-35, 6.3, -7.56), (-33.25, 6.3, -7.56), (-31.5, 6.3, -7.56), (-29.75, 6.3, -7.56), (-28, 6.3, -7.56), (-26.25, 6.3, -7.56), (-24.5, 6.3, -7.56), (-22.75, 6.3, -7.56), (-21, 6.3, -7.56), (-19.25, 6.3, -7.56), (-17.5, 6.3, -7.56), (-15.75, 6.3, -7.56), (-14, 6.3, -7.56), (-12.25, 6.3, -7.56), (-10.5, 6.3, -7.56), (-8.75, 6.3, -7.56), (-7, 6.3, -7.56), (-5.25, 6.3, -7.56), (-3.5, 6.3, -7.56), (-1.75, 6.3, -7.56), (0, 6.3, -7.56), (1.75, 6.3, -7.56), (3.5, 6.3, -7.56), (5.25, 6.3, -7.56), (7, 6.3, -7.56), (8.75, 6.3, -7.56), (10.5, 6.3, -7.56), (12.25, 6.3, -7.56), (14, 6.3, -7.56), (15.75, 6.3, -7.56), (17.5, 6.3, -7.56), (19.25, 6.3, -7.56), (21, 6.3, -7.56), (22.75, 6.3, -7.56), (24.5, 6.3, -7.56), (26.25, 6.3, -7.56), (28, 6.3, -7.56), (29.75, 6.3, -7.56), (31.5, 6.3, -7.56), (33.25, 6.3, -7.56), (35, 6.3, -7.56), (-35, 6.3, -6.98), (-33.25, 6.3, -6.98), (-31.5, 6.3, -6.98), (-29.75, 6.3, -6.98), (-28, 6.3, -6.98), (-26.25, 6.3, -6.98), (-24.5, 6.3, -6.98), (-22.75, 6.3, -6.98), (-21, 6.3, -6.98), (-19.25, 6.3, -6.98), (-17.5, 6.3, -6.98), (-15.75, 6.3, -6.98), (-14, 6.3, -6.98), (-12.25, 6.3, -6.98), (-10.5, 6.3, -6.98), (-8.75, 6.3, -6.98), (-7, 6.3, -6.98), (-5.25, 6.3, -6.98), (-3.5, 6.3, -6.98), (-1.75, 6.3, -6.98), (0, 6.3, -6.98), (1.75, 6.3, -6.98), (3.5, 6.3, -6.98), (5.25, 6.3, -6.98), (7, 6.3, -6.98), (8.75, 6.3, -6.98), (10.5, 6.3, -6.98), (12.25, 6.3, -6.98), (14, 6.3, -6.98), (15.75, 6.3, -6.98), (17.5, 6.3, -6.98), (19.25, 6.3, -6.98), (21, 6.3, -6.98), (22.75, 6.3, -6.98), (24.5, 6.3, -6.98), (26.25, 6.3, -6.98), (28, 6.3, -6.98), (29.75, 6.3, -6.98), (31.5, 6.3, -6.98), (33.25, 6.3, -6.98), (35, 6.3, -6.98), (-35, 6.3, -6.4), (-33.25, 6.3, -6.4), (-31.5, 6.3, -6.4), (-29.75, 6.3, -6.4), (-28, 6.3, -6.4), (-26.25, 6.3, -6.4), (-24.5, 6.3, -6.4), (-22.75, 6.3, -6.4), (-21, 6.3, -6.4), (-19.25, 6.3, -6.4), (-17.5, 6.3, -6.4), (-15.75, 6.3, -6.4), (-14, 6.3, -6.4), (-12.25, 6.3, -6.4), (-10.5, 6.3, -6.4), (-8.75, 6.3, -6.4), (-7, 6.3, -6.4), (-5.25, 6.3, -6.4), (-3.5, 6.3, -6.4), (-1.75, 6.3, -6.4), (0, 6.3, -6.4), (1.75, 6.3, -6.4), (3.5, 6.3, -6.4), (5.25, 6.3, -6.4), (7, 6.3, -6.4), (8.75, 6.3, -6.4), (10.5, 6.3, -6.4), (12.25, 6.3, -6.4), (14, 6.3, -6.4), (15.75, 6.3, -6.4), (17.5, 6.3, -6.4), (19.25, 6.3, -6.4), (21, 6.3, -6.4), (22.75, 6.3, -6.4), (24.5, 6.3, -6.4), (26.25, 6.3, -6.4), (28, 6.3, -6.4), (29.75, 6.3, -6.4), (31.5, 6.3, -6.4), (33.25, 6.3, -6.4), (35, 6.3, -6.4), (-35, 6.3, -5.8199997), (-33.25, 6.3, -5.8199997), (-31.5, 6.3, -5.8199997), (-29.75, 6.3, -5.8199997), (-28, 6.3, -5.8199997), (-26.25, 6.3, -5.8199997), (-24.5, 6.3, -5.8199997), (-22.75, 6.3, -5.8199997), (-21, 6.3, -5.8199997), (-19.25, 6.3, -5.8199997), (-17.5, 6.3, -5.8199997), (-15.75, 6.3, -5.8199997), (-14, 6.3, -5.8199997), (-12.25, 6.3, -5.8199997), (-10.5, 6.3, -5.8199997), (-8.75, 6.3, -5.8199997), (-7, 6.3, -5.8199997), (-5.25, 6.3, -5.8199997), (-3.5, 6.3, -5.8199997), (-1.75, 6.3, -5.8199997), (0, 6.3, -5.8199997), (1.75, 6.3, -5.8199997), (3.5, 6.3, -5.8199997), (5.25, 6.3, -5.8199997), (7, 6.3, -5.8199997), (8.75, 6.3, -5.8199997), (10.5, 6.3, -5.8199997), (12.25, 6.3, -5.8199997), (14, 6.3, -5.8199997), (15.75, 6.3, -5.8199997), (17.5, 6.3, -5.8199997), (19.25, 6.3, -5.8199997), (21, 6.3, -5.8199997), (22.75, 6.3, -5.8199997), (24.5, 6.3, -5.8199997), (26.25, 6.3, -5.8199997), (28, 6.3, -5.8199997), (29.75, 6.3, -5.8199997), (31.5, 6.3, -5.8199997), (33.25, 6.3, -5.8199997), (35, 6.3, -5.8199997), (-35, 6.3, -5.24), (-33.25, 6.3, -5.24), (-31.5, 6.3, -5.24), (-29.75, 6.3, -5.24), (-28, 6.3, -5.24), (-26.25, 6.3, -5.24), (-24.5, 6.3, -5.24), (-22.75, 6.3, -5.24), (-21, 6.3, -5.24), (-19.25, 6.3, -5.24), (-17.5, 6.3, -5.24), (-15.75, 6.3, -5.24), (-14, 6.3, -5.24), (-12.25, 6.3, -5.24), (-10.5, 6.3, -5.24), (-8.75, 6.3, -5.24), (-7, 6.3, -5.24), (-5.25, 6.3, -5.24), (-3.5, 6.3, -5.24), (-1.75, 6.3, -5.24), (0, 6.3, -5.24), (1.75, 6.3, -5.24), (3.5, 6.3, -5.24), (5.25, 6.3, -5.24), (7, 6.3, -5.24), (8.75, 6.3, -5.24), (10.5, 6.3, -5.24), (12.25, 6.3, -5.24), (14, 6.3, -5.24), (15.75, 6.3, -5.24), (17.5, 6.3, -5.24), (19.25, 6.3, -5.24), (21, 6.3, -5.24), (22.75, 6.3, -5.24), (24.5, 6.3, -5.24), (26.25, 6.3, -5.24), (28, 6.3, -5.24), (29.75, 6.3, -5.24), (31.5, 6.3, -5.24), (33.25, 6.3, -5.24), (35, 6.3, -5.24), (-35, 6.3, -4.66), (-33.25, 6.3, -4.66), (-31.5, 6.3, -4.66), (-29.75, 6.3, -4.66), (-28, 6.3, -4.66), (-26.25, 6.3, -4.66), (-24.5, 6.3, -4.66), (-22.75, 6.3, -4.66), (-21, 6.3, -4.66), (-19.25, 6.3, -4.66), (-17.5, 6.3, -4.66), (-15.75, 6.3, -4.66), (-14, 6.3, -4.66), (-12.25, 6.3, -4.66), (-10.5, 6.3, -4.66), (-8.75, 6.3, -4.66), (-7, 6.3, -4.66), (-5.25, 6.3, -4.66), (-3.5, 6.3, -4.66), (-1.75, 6.3, -4.66), (0, 6.3, -4.66), (1.75, 6.3, -4.66), (3.5, 6.3, -4.66), (5.25, 6.3, -4.66), (7, 6.3, -4.66), (8.75, 6.3, -4.66), (10.5, 6.3, -4.66), (12.25, 6.3, -4.66), (14, 6.3, -4.66), (15.75, 6.3, -4.66), (17.5, 6.3, -4.66), (19.25, 6.3, -4.66), (21, 6.3, -4.66), (22.75, 6.3, -4.66), (24.5, 6.3, -4.66), (26.25, 6.3, -4.66), (28, 6.3, -4.66), (29.75, 6.3, -4.66), (31.5, 6.3, -4.66), (33.25, 6.3, -4.66), (35, 6.3, -4.66), (-35, 6.3, -4.08), (-33.25, 6.3, -4.08), (-31.5, 6.3, -4.08), (-29.75, 6.3, -4.08), (-28, 6.3, -4.08), (-26.25, 6.3, -4.08), (-24.5, 6.3, -4.08), (-22.75, 6.3, -4.08), (-21, 6.3, -4.08), (-19.25, 6.3, -4.08), (-17.5, 6.3, -4.08), (-15.75, 6.3, -4.08), (-14, 6.3, -4.08), (-12.25, 6.3, -4.08), (-10.5, 6.3, -4.08), (-8.75, 6.3, -4.08), (-7, 6.3, -4.08), (-5.25, 6.3, -4.08), (-3.5, 6.3, -4.08), (-1.75, 6.3, -4.08), (0, 6.3, -4.08), (1.75, 6.3, -4.08), (3.5, 6.3, -4.08), (5.25, 6.3, -4.08), (7, 6.3, -4.08), (8.75, 6.3, -4.08), (10.5, 6.3, -4.08), (12.25, 6.3, -4.08), (14, 6.3, -4.08), (15.75, 6.3, -4.08), (17.5, 6.3, -4.08), (19.25, 6.3, -4.08), (21, 6.3, -4.08), (22.75, 6.3, -4.08), (24.5, 6.3, -4.08), (26.25, 6.3, -4.08), (28, 6.3, -4.08), (29.75, 6.3, -4.08), (31.5, 6.3, -4.08), (33.25, 6.3, -4.08), (35, 6.3, -4.08), (-35, 6.3, -3.5), (-33.25, 6.3, -3.5), (-31.5, 6.3, -3.5), (-29.75, 6.3, -3.5), (-28, 6.3, -3.5), (-26.25, 6.3, -3.5), (-24.5, 6.3, -3.5), (-22.75, 6.3, -3.5), (-21, 6.3, -3.5), (-19.25, 6.3, -3.5), (-17.5, 6.3, -3.5), (-15.75, 6.3, -3.5), (-14, 6.3, -3.5), (-12.25, 6.3, -3.5), (-10.5, 6.3, -3.5), (-8.75, 6.3, -3.5), (-7, 6.3, -3.5), (-5.25, 6.3, -3.5), (-3.5, 6.3, -3.5), (-1.75, 6.3, -3.5), (0, 6.3, -3.5), (1.75, 6.3, -3.5), (3.5, 6.3, -3.5), (5.25, 6.3, -3.5), (7, 6.3, -3.5), (8.75, 6.3, -3.5), (10.5, 6.3, -3.5), (12.25, 6.3, -3.5), (14, 6.3, -3.5), (15.75, 6.3, -3.5), (17.5, 6.3, -3.5), (19.25, 6.3, -3.5), (21, 6.3, -3.5), (22.75, 6.3, -3.5), (24.5, 6.3, -3.5), (26.25, 6.3, -3.5), (28, 6.3, -3.5), (29.75, 6.3, -3.5), (31.5, 6.3, -3.5), (33.25, 6.3, -3.5), (35, 6.3, -3.5), (-35, 6.3, -2.92), (-33.25, 6.3, -2.92), (-31.5, 6.3, -2.92), (-29.75, 6.3, -2.92), (-28, 6.3, -2.92), (-26.25, 6.3, -2.92), (-24.5, 6.3, -2.92), (-22.75, 6.3, -2.92), (-21, 6.3, -2.92), (-19.25, 6.3, -2.92), (-17.5, 6.3, -2.92), (-15.75, 6.3, -2.92), (-14, 6.3, -2.92), (-12.25, 6.3, -2.92), (-10.5, 6.3, -2.92), (-8.75, 6.3, -2.92), (-7, 6.3, -2.92), (-5.25, 6.3, -2.92), (-3.5, 6.3, -2.92), (-1.75, 6.3, -2.92), (0, 6.3, -2.92), (1.75, 6.3, -2.92), (3.5, 6.3, -2.92), (5.25, 6.3, -2.92), (7, 6.3, -2.92), (8.75, 6.3, -2.92), (10.5, 6.3, -2.92), (12.25, 6.3, -2.92), (14, 6.3, -2.92), (15.75, 6.3, -2.92), (17.5, 6.3, -2.92), (19.25, 6.3, -2.92), (21, 6.3, -2.92), (22.75, 6.3, -2.92), (24.5, 6.3, -2.92), (26.25, 6.3, -2.92), (28, 6.3, -2.92), (29.75, 6.3, -2.92), (31.5, 6.3, -2.92), (33.25, 6.3, -2.92), (35, 6.3, -2.92), (-35, 6.3, -2.3400002), (-33.25, 6.3, -2.3400002), (-31.5, 6.3, -2.3400002), (-29.75, 6.3, -2.3400002), (-28, 6.3, -2.3400002), (-26.25, 6.3, -2.3400002), (-24.5, 6.3, -2.3400002), (-22.75, 6.3, -2.3400002), (-21, 6.3, -2.3400002), (-19.25, 6.3, -2.3400002), (-17.5, 6.3, -2.3400002), (-15.75, 6.3, -2.3400002), (-14, 6.3, -2.3400002), (-12.25, 6.3, -2.3400002), (-10.5, 6.3, -2.3400002), (-8.75, 6.3, -2.3400002), (-7, 6.3, -2.3400002), (-5.25, 6.3, -2.3400002), (-3.5, 6.3, -2.3400002), (-1.75, 6.3, -2.3400002), (0, 6.3, -2.3400002), (1.75, 6.3, -2.3400002), (3.5, 6.3, -2.3400002), (5.25, 6.3, -2.3400002), (7, 6.3, -2.3400002), (8.75, 6.3, -2.3400002), (10.5, 6.3, -2.3400002), (12.25, 6.3, -2.3400002), (14, 6.3, -2.3400002), (15.75, 6.3, -2.3400002), (17.5, 6.3, -2.3400002), (19.25, 6.3, -2.3400002), (21, 6.3, -2.3400002), (22.75, 6.3, -2.3400002), (24.5, 6.3, -2.3400002), (26.25, 6.3, -2.3400002), (28, 6.3, -2.3400002), (29.75, 6.3, -2.3400002), (31.5, 6.3, -2.3400002), (33.25, 6.3, -2.3400002), (35, 6.3, -2.3400002), (-35, 6.3, -1.76), (-33.25, 6.3, -1.76), (-31.5, 6.3, -1.76), (-29.75, 6.3, -1.76), (-28, 6.3, -1.76), (-26.25, 6.3, -1.76), (-24.5, 6.3, -1.76), (-22.75, 6.3, -1.76), (-21, 6.3, -1.76), (-19.25, 6.3, -1.76), (-17.5, 6.3, -1.76), (-15.75, 6.3, -1.76), (-14, 6.3, -1.76), (-12.25, 6.3, -1.76), (-10.5, 6.3, -1.76), (-8.75, 6.3, -1.76), (-7, 6.3, -1.76), (-5.25, 6.3, -1.76), (-3.5, 6.3, -1.76), (-1.75, 6.3, -1.76), (0, 6.3, -1.76), (1.75, 6.3, -1.76), (3.5, 6.3, -1.76), (5.25, 6.3, -1.76), (7, 6.3, -1.76), (8.75, 6.3, -1.76), (10.5, 6.3, -1.76), (12.25, 6.3, -1.76), (14, 6.3, -1.76), (15.75, 6.3, -1.76), (17.5, 6.3, -1.76), (19.25, 6.3, -1.76), (21, 6.3, -1.76), (22.75, 6.3, -1.76), (24.5, 6.3, -1.76), (26.25, 6.3, -1.76), (28, 6.3, -1.76), (29.75, 6.3, -1.76), (31.5, 6.3, -1.76), (33.25, 6.3, -1.76), (35, 6.3, -1.76), (-35, 6.3, -1.1800001), (-33.25, 6.3, -1.1800001), (-31.5, 6.3, -1.1800001), (-29.75, 6.3, -1.1800001), (-28, 6.3, -1.1800001), (-26.25, 6.3, -1.1800001), (-24.5, 6.3, -1.1800001), (-22.75, 6.3, -1.1800001), (-21, 6.3, -1.1800001), (-19.25, 6.3, -1.1800001), (-17.5, 6.3, -1.1800001), (-15.75, 6.3, -1.1800001), (-14, 6.3, -1.1800001), (-12.25, 6.3, -1.1800001), (-10.5, 6.3, -1.1800001), (-8.75, 6.3, -1.1800001), (-7, 6.3, -1.1800001), (-5.25, 6.3, -1.1800001), (-3.5, 6.3, -1.1800001), (-1.75, 6.3, -1.1800001), (0, 6.3, -1.1800001), (1.75, 6.3, -1.1800001), (3.5, 6.3, -1.1800001), (5.25, 6.3, -1.1800001), (7, 6.3, -1.1800001), (8.75, 6.3, -1.1800001), (10.5, 6.3, -1.1800001), (12.25, 6.3, -1.1800001), (14, 6.3, -1.1800001), (15.75, 6.3, -1.1800001), (17.5, 6.3, -1.1800001), (19.25, 6.3, -1.1800001), (21, 6.3, -1.1800001), (22.75, 6.3, -1.1800001), (24.5, 6.3, -1.1800001), (26.25, 6.3, -1.1800001), (28, 6.3, -1.1800001), (29.75, 6.3, -1.1800001), (31.5, 6.3, -1.1800001), (33.25, 6.3, -1.1800001), (35, 6.3, -1.1800001), (-35, 6.3, -0.6), (-33.25, 6.3, -0.6), (-31.5, 6.3, -0.6), (-29.75, 6.3, -0.6), (-28, 6.3, -0.6), (-26.25, 6.3, -0.6), (-24.5, 6.3, -0.6), (-22.75, 6.3, -0.6), (-21, 6.3, -0.6), (-19.25, 6.3, -0.6), (-17.5, 6.3, -0.6), (-15.75, 6.3, -0.6), (-14, 6.3, -0.6), (-12.25, 6.3, -0.6), (-10.5, 6.3, -0.6), (-8.75, 6.3, -0.6), (-7, 6.3, -0.6), (-5.25, 6.3, -0.6), (-3.5, 6.3, -0.6), (-1.75, 6.3, -0.6), (0, 6.3, -0.6), (1.75, 6.3, -0.6), (3.5, 6.3, -0.6), (5.25, 6.3, -0.6), (7, 6.3, -0.6), (8.75, 6.3, -0.6), (10.5, 6.3, -0.6), (12.25, 6.3, -0.6), (14, 6.3, -0.6), (15.75, 6.3, -0.6), (17.5, 6.3, -0.6), (19.25, 6.3, -0.6), (21, 6.3, -0.6), (22.75, 6.3, -0.6), (24.5, 6.3, -0.6), (26.25, 6.3, -0.6), (28, 6.3, -0.6), (29.75, 6.3, -0.6), (31.5, 6.3, -0.6), (33.25, 6.3, -0.6), (35, 6.3, -0.6), (-35, 6.3, -0.02000004), (-33.25, 6.3, -0.02000004), (-31.5, 6.3, -0.02000004), (-29.75, 6.3, -0.02000004), (-28, 6.3, -0.02000004), (-26.25, 6.3, -0.02000004), (-24.5, 6.3, -0.02000004), (-22.75, 6.3, -0.02000004), (-21, 6.3, -0.02000004), (-19.25, 6.3, -0.02000004), (-17.5, 6.3, -0.02000004), (-15.75, 6.3, -0.02000004), (-14, 6.3, -0.02000004), (-12.25, 6.3, -0.02000004), (-10.5, 6.3, -0.02000004), (-8.75, 6.3, -0.02000004), (-7, 6.3, -0.02000004), (-5.25, 6.3, -0.02000004), (-3.5, 6.3, -0.02000004), (-1.75, 6.3, -0.02000004), (0, 6.3, -0.02000004), (1.75, 6.3, -0.02000004), (3.5, 6.3, -0.02000004), (5.25, 6.3, -0.02000004), (7, 6.3, -0.02000004), (8.75, 6.3, -0.02000004), (10.5, 6.3, -0.02000004), (12.25, 6.3, -0.02000004), (14, 6.3, -0.02000004), (15.75, 6.3, -0.02000004), (17.5, 6.3, -0.02000004), (19.25, 6.3, -0.02000004), (21, 6.3, -0.02000004), (22.75, 6.3, -0.02000004), (24.5, 6.3, -0.02000004), (26.25, 6.3, -0.02000004), (28, 6.3, -0.02000004), (29.75, 6.3, -0.02000004), (31.5, 6.3, -0.02000004), (33.25, 6.3, -0.02000004), (35, 6.3, -0.02000004), (-35, 6.3, 0.55999994), (-33.25, 6.3, 0.55999994), (-31.5, 6.3, 0.55999994), (-29.75, 6.3, 0.55999994), (-28, 6.3, 0.55999994), (-26.25, 6.3, 0.55999994), (-24.5, 6.3, 0.55999994), (-22.75, 6.3, 0.55999994), (-21, 6.3, 0.55999994), (-19.25, 6.3, 0.55999994), (-17.5, 6.3, 0.55999994), (-15.75, 6.3, 0.55999994), (-14, 6.3, 0.55999994), (-12.25, 6.3, 0.55999994), (-10.5, 6.3, 0.55999994), (-8.75, 6.3, 0.55999994), (-7, 6.3, 0.55999994), (-5.25, 6.3, 0.55999994), (-3.5, 6.3, 0.55999994), (-1.75, 6.3, 0.55999994), (0, 6.3, 0.55999994), (1.75, 6.3, 0.55999994), (3.5, 6.3, 0.55999994), (5.25, 6.3, 0.55999994), (7, 6.3, 0.55999994), (8.75, 6.3, 0.55999994), (10.5, 6.3, 0.55999994), (12.25, 6.3, 0.55999994), (14, 6.3, 0.55999994), (15.75, 6.3, 0.55999994), (17.5, 6.3, 0.55999994), (19.25, 6.3, 0.55999994), (21, 6.3, 0.55999994), (22.75, 6.3, 0.55999994), (24.5, 6.3, 0.55999994), (26.25, 6.3, 0.55999994), (28, 6.3, 0.55999994), (29.75, 6.3, 0.55999994), (31.5, 6.3, 0.55999994), (33.25, 6.3, 0.55999994), (35, 6.3, 0.55999994), (-35, 6.3, 1.14), (-33.25, 6.3, 1.14), (-31.5, 6.3, 1.14), (-29.75, 6.3, 1.14), (-28, 6.3, 1.14), (-26.25, 6.3, 1.14), (-24.5, 6.3, 1.14), (-22.75, 6.3, 1.14), (-21, 6.3, 1.14), (-19.25, 6.3, 1.14), (-17.5, 6.3, 1.14), (-15.75, 6.3, 1.14), (-14, 6.3, 1.14), (-12.25, 6.3, 1.14), (-10.5, 6.3, 1.14), (-8.75, 6.3, 1.14), (-7, 6.3, 1.14), (-5.25, 6.3, 1.14), (-3.5, 6.3, 1.14), (-1.75, 6.3, 1.14), (0, 6.3, 1.14), (1.75, 6.3, 1.14), (3.5, 6.3, 1.14), (5.25, 6.3, 1.14), (7, 6.3, 1.14), (8.75, 6.3, 1.14), (10.5, 6.3, 1.14), (12.25, 6.3, 1.14), (14, 6.3, 1.14), (15.75, 6.3, 1.14), (17.5, 6.3, 1.14), (19.25, 6.3, 1.14), (21, 6.3, 1.14), (22.75, 6.3, 1.14), (24.5, 6.3, 1.14), (26.25, 6.3, 1.14), (28, 6.3, 1.14), (29.75, 6.3, 1.14), (31.5, 6.3, 1.14), (33.25, 6.3, 1.14), (35, 6.3, 1.14), (-35, 6.3, 1.7199999), (-33.25, 6.3, 1.7199999), (-31.5, 6.3, 1.7199999), (-29.75, 6.3, 1.7199999), (-28, 6.3, 1.7199999), (-26.25, 6.3, 1.7199999), (-24.5, 6.3, 1.7199999), (-22.75, 6.3, 1.7199999), (-21, 6.3, 1.7199999), (-19.25, 6.3, 1.7199999), (-17.5, 6.3, 1.7199999), (-15.75, 6.3, 1.7199999), (-14, 6.3, 1.7199999), (-12.25, 6.3, 1.7199999), (-10.5, 6.3, 1.7199999), (-8.75, 6.3, 1.7199999), (-7, 6.3, 1.7199999), (-5.25, 6.3, 1.7199999), (-3.5, 6.3, 1.7199999), (-1.75, 6.3, 1.7199999), (0, 6.3, 1.7199999), (1.75, 6.3, 1.7199999), (3.5, 6.3, 1.7199999), (5.25, 6.3, 1.7199999), (7, 6.3, 1.7199999), (8.75, 6.3, 1.7199999), (10.5, 6.3, 1.7199999), (12.25, 6.3, 1.7199999), (14, 6.3, 1.7199999), (15.75, 6.3, 1.7199999), (17.5, 6.3, 1.7199999), (19.25, 6.3, 1.7199999), (21, 6.3, 1.7199999), (22.75, 6.3, 1.7199999), (24.5, 6.3, 1.7199999), (26.25, 6.3, 1.7199999), (28, 6.3, 1.7199999), (29.75, 6.3, 1.7199999), (31.5, 6.3, 1.7199999), (33.25, 6.3, 1.7199999), (35, 6.3, 1.7199999), (-35, 6.3, 2.3000002), (-33.25, 6.3, 2.3000002), (-31.5, 6.3, 2.3000002), (-29.75, 6.3, 2.3000002), (-28, 6.3, 2.3000002), (-26.25, 6.3, 2.3000002), (-24.5, 6.3, 2.3000002), (-22.75, 6.3, 2.3000002), (-21, 6.3, 2.3000002), (-19.25, 6.3, 2.3000002), (-17.5, 6.3, 2.3000002), (-15.75, 6.3, 2.3000002), (-14, 6.3, 2.3000002), (-12.25, 6.3, 2.3000002), (-10.5, 6.3, 2.3000002), (-8.75, 6.3, 2.3000002), (-7, 6.3, 2.3000002), (-5.25, 6.3, 2.3000002), (-3.5, 6.3, 2.3000002), (-1.75, 6.3, 2.3000002), (0, 6.3, 2.3000002), (1.75, 6.3, 2.3000002), (3.5, 6.3, 2.3000002), (5.25, 6.3, 2.3000002), (7, 6.3, 2.3000002), (8.75, 6.3, 2.3000002), (10.5, 6.3, 2.3000002), (12.25, 6.3, 2.3000002), (14, 6.3, 2.3000002), (15.75, 6.3, 2.3000002), (17.5, 6.3, 2.3000002), (19.25, 6.3, 2.3000002), (21, 6.3, 2.3000002), (22.75, 6.3, 2.3000002), (24.5, 6.3, 2.3000002), (26.25, 6.3, 2.3000002), (28, 6.3, 2.3000002), (29.75, 6.3, 2.3000002), (31.5, 6.3, 2.3000002), (33.25, 6.3, 2.3000002), (35, 6.3, 2.3000002), (-35, 6.3, 2.88), (-33.25, 6.3, 2.88), (-31.5, 6.3, 2.88), (-29.75, 6.3, 2.88), (-28, 6.3, 2.88), (-26.25, 6.3, 2.88), (-24.5, 6.3, 2.88), (-22.75, 6.3, 2.88), (-21, 6.3, 2.88), (-19.25, 6.3, 2.88), (-17.5, 6.3, 2.88), (-15.75, 6.3, 2.88), (-14, 6.3, 2.88), (-12.25, 6.3, 2.88), (-10.5, 6.3, 2.88), (-8.75, 6.3, 2.88), (-7, 6.3, 2.88), (-5.25, 6.3, 2.88), (-3.5, 6.3, 2.88), (-1.75, 6.3, 2.88), (0, 6.3, 2.88), (1.75, 6.3, 2.88), (3.5, 6.3, 2.88), (5.25, 6.3, 2.88), (7, 6.3, 2.88), (8.75, 6.3, 2.88), (10.5, 6.3, 2.88), (12.25, 6.3, 2.88), (14, 6.3, 2.88), (15.75, 6.3, 2.88), (17.5, 6.3, 2.88), (19.25, 6.3, 2.88), (21, 6.3, 2.88), (22.75, 6.3, 2.88), (24.5, 6.3, 2.88), (26.25, 6.3, 2.88), (28, 6.3, 2.88), (29.75, 6.3, 2.88), (31.5, 6.3, 2.88), (33.25, 6.3, 2.88), (35, 6.3, 2.88), (-35, 6.3, 3.46), (-33.25, 6.3, 3.46), (-31.5, 6.3, 3.46), (-29.75, 6.3, 3.46), (-28, 6.3, 3.46), (-26.25, 6.3, 3.46), (-24.5, 6.3, 3.46), (-22.75, 6.3, 3.46), (-21, 6.3, 3.46), (-19.25, 6.3, 3.46), (-17.5, 6.3, 3.46), (-15.75, 6.3, 3.46), (-14, 6.3, 3.46), (-12.25, 6.3, 3.46), (-10.5, 6.3, 3.46), (-8.75, 6.3, 3.46), (-7, 6.3, 3.46), (-5.25, 6.3, 3.46), (-3.5, 6.3, 3.46), (-1.75, 6.3, 3.46), (0, 6.3, 3.46), (1.75, 6.3, 3.46), (3.5, 6.3, 3.46), (5.25, 6.3, 3.46), (7, 6.3, 3.46), (8.75, 6.3, 3.46), (10.5, 6.3, 3.46), (12.25, 6.3, 3.46), (14, 6.3, 3.46), (15.75, 6.3, 3.46), (17.5, 6.3, 3.46), (19.25, 6.3, 3.46), (21, 6.3, 3.46), (22.75, 6.3, 3.46), (24.5, 6.3, 3.46), (26.25, 6.3, 3.46), (28, 6.3, 3.46), (29.75, 6.3, 3.46), (31.5, 6.3, 3.46), (33.25, 6.3, 3.46), (35, 6.3, 3.46), (-35, 6.3, 4.04), (-33.25, 6.3, 4.04), (-31.5, 6.3, 4.04), (-29.75, 6.3, 4.04), (-28, 6.3, 4.04), (-26.25, 6.3, 4.04), (-24.5, 6.3, 4.04), (-22.75, 6.3, 4.04), (-21, 6.3, 4.04), (-19.25, 6.3, 4.04), (-17.5, 6.3, 4.04), (-15.75, 6.3, 4.04), (-14, 6.3, 4.04), (-12.25, 6.3, 4.04), (-10.5, 6.3, 4.04), (-8.75, 6.3, 4.04), (-7, 6.3, 4.04), (-5.25, 6.3, 4.04), (-3.5, 6.3, 4.04), (-1.75, 6.3, 4.04), (0, 6.3, 4.04), (1.75, 6.3, 4.04), (3.5, 6.3, 4.04), (5.25, 6.3, 4.04), (7, 6.3, 4.04), (8.75, 6.3, 4.04), (10.5, 6.3, 4.04), (12.25, 6.3, 4.04), (14, 6.3, 4.04), (15.75, 6.3, 4.04), (17.5, 6.3, 4.04), (19.25, 6.3, 4.04), (21, 6.3, 4.04), (22.75, 6.3, 4.04), (24.5, 6.3, 4.04), (26.25, 6.3, 4.04), (28, 6.3, 4.04), (29.75, 6.3, 4.04), (31.5, 6.3, 4.04), (33.25, 6.3, 4.04), (35, 6.3, 4.04), (-35, 6.3, 4.62), (-33.25, 6.3, 4.62), (-31.5, 6.3, 4.62), (-29.75, 6.3, 4.62), (-28, 6.3, 4.62), (-26.25, 6.3, 4.62), (-24.5, 6.3, 4.62), (-22.75, 6.3, 4.62), (-21, 6.3, 4.62), (-19.25, 6.3, 4.62), (-17.5, 6.3, 4.62), (-15.75, 6.3, 4.62), (-14, 6.3, 4.62), (-12.25, 6.3, 4.62), (-10.5, 6.3, 4.62), (-8.75, 6.3, 4.62), (-7, 6.3, 4.62), (-5.25, 6.3, 4.62), (-3.5, 6.3, 4.62), (-1.75, 6.3, 4.62), (0, 6.3, 4.62), (1.75, 6.3, 4.62), (3.5, 6.3, 4.62), (5.25, 6.3, 4.62), (7, 6.3, 4.62), (8.75, 6.3, 4.62), (10.5, 6.3, 4.62), (12.25, 6.3, 4.62), (14, 6.3, 4.62), (15.75, 6.3, 4.62), (17.5, 6.3, 4.62), (19.25, 6.3, 4.62), (21, 6.3, 4.62), (22.75, 6.3, 4.62), (24.5, 6.3, 4.62), (26.25, 6.3, 4.62), (28, 6.3, 4.62), (29.75, 6.3, 4.62), (31.5, 6.3, 4.62), (33.25, 6.3, 4.62), (35, 6.3, 4.62), (-35, 6.3, 5.2000003), (-33.25, 6.3, 5.2000003), (-31.5, 6.3, 5.2000003), (-29.75, 6.3, 5.2000003), (-28, 6.3, 5.2000003), (-26.25, 6.3, 5.2000003), (-24.5, 6.3, 5.2000003), (-22.75, 6.3, 5.2000003), (-21, 6.3, 5.2000003), (-19.25, 6.3, 5.2000003), (-17.5, 6.3, 5.2000003), (-15.75, 6.3, 5.2000003), (-14, 6.3, 5.2000003), (-12.25, 6.3, 5.2000003), (-10.5, 6.3, 5.2000003), (-8.75, 6.3, 5.2000003), (-7, 6.3, 5.2000003), (-5.25, 6.3, 5.2000003), (-3.5, 6.3, 5.2000003), (-1.75, 6.3, 5.2000003), (0, 6.3, 5.2000003), (1.75, 6.3, 5.2000003), (3.5, 6.3, 5.2000003), (5.25, 6.3, 5.2000003), (7, 6.3, 5.2000003), (8.75, 6.3, 5.2000003), (10.5, 6.3, 5.2000003), (12.25, 6.3, 5.2000003), (14, 6.3, 5.2000003), (15.75, 6.3, 5.2000003), (17.5, 6.3, 5.2000003), (19.25, 6.3, 5.2000003), (21, 6.3, 5.2000003), (22.75, 6.3, 5.2000003), (24.5, 6.3, 5.2000003), (26.25, 6.3, 5.2000003), (28, 6.3, 5.2000003), (29.75, 6.3, 5.2000003), (31.5, 6.3, 5.2000003), (33.25, 6.3, 5.2000003), (35, 6.3, 5.2000003), (-35, 6.3, 5.78), (-33.25, 6.3, 5.78), (-31.5, 6.3, 5.78), (-29.75, 6.3, 5.78), (-28, 6.3, 5.78), (-26.25, 6.3, 5.78), (-24.5, 6.3, 5.78), (-22.75, 6.3, 5.78), (-21, 6.3, 5.78), (-19.25, 6.3, 5.78), (-17.5, 6.3, 5.78), (-15.75, 6.3, 5.78), (-14, 6.3, 5.78), (-12.25, 6.3, 5.78), (-10.5, 6.3, 5.78), (-8.75, 6.3, 5.78), (-7, 6.3, 5.78), (-5.25, 6.3, 5.78), (-3.5, 6.3, 5.78), (-1.75, 6.3, 5.78), (0, 6.3, 5.78), (1.75, 6.3, 5.78), (3.5, 6.3, 5.78), (5.25, 6.3, 5.78), (7, 6.3, 5.78), (8.75, 6.3, 5.78), (10.5, 6.3, 5.78), (12.25, 6.3, 5.78), (14, 6.3, 5.78), (15.75, 6.3, 5.78), (17.5, 6.3, 5.78), (19.25, 6.3, 5.78), (21, 6.3, 5.78), (22.75, 6.3, 5.78), (24.5, 6.3, 5.78), (26.25, 6.3, 5.78), (28, 6.3, 5.78), (29.75, 6.3, 5.78), (31.5, 6.3, 5.78), (33.25, 6.3, 5.78), (35, 6.3, 5.78), (-35, 6.3, 6.36), (-33.25, 6.3, 6.36), (-31.5, 6.3, 6.36), (-29.75, 6.3, 6.36), (-28, 6.3, 6.36), (-26.25, 6.3, 6.36), (-24.5, 6.3, 6.36), (-22.75, 6.3, 6.36), (-21, 6.3, 6.36), (-19.25, 6.3, 6.36), (-17.5, 6.3, 6.36), (-15.75, 6.3, 6.36), (-14, 6.3, 6.36), (-12.25, 6.3, 6.36), (-10.5, 6.3, 6.36), (-8.75, 6.3, 6.36), (-7, 6.3, 6.36), (-5.25, 6.3, 6.36), (-3.5, 6.3, 6.36), (-1.75, 6.3, 6.36), (0, 6.3, 6.36), (1.75, 6.3, 6.36), (3.5, 6.3, 6.36), (5.25, 6.3, 6.36), (7, 6.3, 6.36), (8.75, 6.3, 6.36), (10.5, 6.3, 6.36), (12.25, 6.3, 6.36), (14, 6.3, 6.36), (15.75, 6.3, 6.36), (17.5, 6.3, 6.36), (19.25, 6.3, 6.36), (21, 6.3, 6.36), (22.75, 6.3, 6.36), (24.5, 6.3, 6.36), (26.25, 6.3, 6.36), (28, 6.3, 6.36), (29.75, 6.3, 6.36), (31.5, 6.3, 6.36), (33.25, 6.3, 6.36), (35, 6.3, 6.36), (-35, 6.3, 6.94), (-33.25, 6.3, 6.94), (-31.5, 6.3, 6.94), (-29.75, 6.3, 6.94), (-28, 6.3, 6.94), (-26.25, 6.3, 6.94), (-24.5, 6.3, 6.94), (-22.75, 6.3, 6.94), (-21, 6.3, 6.94), (-19.25, 6.3, 6.94), (-17.5, 6.3, 6.94), (-15.75, 6.3, 6.94), (-14, 6.3, 6.94), (-12.25, 6.3, 6.94), (-10.5, 6.3, 6.94), (-8.75, 6.3, 6.94), (-7, 6.3, 6.94), (-5.25, 6.3, 6.94), (-3.5, 6.3, 6.94), (-1.75, 6.3, 6.94), (0, 6.3, 6.94), (1.75, 6.3, 6.94), (3.5, 6.3, 6.94), (5.25, 6.3, 6.94), (7, 6.3, 6.94), (8.75, 6.3, 6.94), (10.5, 6.3, 6.94), (12.25, 6.3, 6.94), (14, 6.3, 6.94), (15.75, 6.3, 6.94), (17.5, 6.3, 6.94), (19.25, 6.3, 6.94), (21, 6.3, 6.94), (22.75, 6.3, 6.94), (24.5, 6.3, 6.94), (26.25, 6.3, 6.94), (28, 6.3, 6.94), (29.75, 6.3, 6.94), (31.5, 6.3, 6.94), (33.25, 6.3, 6.94), (35, 6.3, 6.94), (-35, 6.3, 7.52), (-33.25, 6.3, 7.52), (-31.5, 6.3, 7.52), (-29.75, 6.3, 7.52), (-28, 6.3, 7.52), (-26.25, 6.3, 7.52), (-24.5, 6.3, 7.52), (-22.75, 6.3, 7.52), (-21, 6.3, 7.52), (-19.25, 6.3, 7.52), (-17.5, 6.3, 7.52), (-15.75, 6.3, 7.52), (-14, 6.3, 7.52), (-12.25, 6.3, 7.52), (-10.5, 6.3, 7.52), (-8.75, 6.3, 7.52), (-7, 6.3, 7.52), (-5.25, 6.3, 7.52), (-3.5, 6.3, 7.52), (-1.75, 6.3, 7.52), (0, 6.3, 7.52), (1.75, 6.3, 7.52), (3.5, 6.3, 7.52), (5.25, 6.3, 7.52), (7, 6.3, 7.52), (8.75, 6.3, 7.52), (10.5, 6.3, 7.52), (12.25, 6.3, 7.52), (14, 6.3, 7.52), (15.75, 6.3, 7.52), (17.5, 6.3, 7.52), (19.25, 6.3, 7.52), (21, 6.3, 7.52), (22.75, 6.3, 7.52), (24.5, 6.3, 7.52), (26.25, 6.3, 7.52), (28, 6.3, 7.52), (29.75, 6.3, 7.52), (31.5, 6.3, 7.52), (33.25, 6.3, 7.52), (35, 6.3, 7.52), (-35, 6.3, 8.099999), (-33.25, 6.3, 8.099999), (-31.5, 6.3, 8.099999), (-29.75, 6.3, 8.099999), (-28, 6.3, 8.099999), (-26.25, 6.3, 8.099999), (-24.5, 6.3, 8.099999), (-22.75, 6.3, 8.099999), (-21, 6.3, 8.099999), (-19.25, 6.3, 8.099999), (-17.5, 6.3, 8.099999), (-15.75, 6.3, 8.099999), (-14, 6.3, 8.099999), (-12.25, 6.3, 8.099999), (-10.5, 6.3, 8.099999), (-8.75, 6.3, 8.099999), (-7, 6.3, 8.099999), (-5.25, 6.3, 8.099999), (-3.5, 6.3, 8.099999), (-1.75, 6.3, 8.099999), (0, 6.3, 8.099999), (1.75, 6.3, 8.099999), (3.5, 6.3, 8.099999), (5.25, 6.3, 8.099999), (7, 6.3, 8.099999), (8.75, 6.3, 8.099999), (10.5, 6.3, 8.099999), (12.25, 6.3, 8.099999), (14, 6.3, 8.099999), (15.75, 6.3, 8.099999), (17.5, 6.3, 8.099999), (19.25, 6.3, 8.099999), (21, 6.3, 8.099999), (22.75, 6.3, 8.099999), (24.5, 6.3, 8.099999), (26.25, 6.3, 8.099999), (28, 6.3, 8.099999), (29.75, 6.3, 8.099999), (31.5, 6.3, 8.099999), (33.25, 6.3, 8.099999), (35, 6.3, 8.099999), (-35, 6.3, 8.679999), (-33.25, 6.3, 8.679999), (-31.5, 6.3, 8.679999), (-29.75, 6.3, 8.679999), (-28, 6.3, 8.679999), (-26.25, 6.3, 8.679999), (-24.5, 6.3, 8.679999), (-22.75, 6.3, 8.679999), (-21, 6.3, 8.679999), (-19.25, 6.3, 8.679999), (-17.5, 6.3, 8.679999), (-15.75, 6.3, 8.679999), (-14, 6.3, 8.679999), (-12.25, 6.3, 8.679999), (-10.5, 6.3, 8.679999), (-8.75, 6.3, 8.679999), (-7, 6.3, 8.679999), (-5.25, 6.3, 8.679999), (-3.5, 6.3, 8.679999), (-1.75, 6.3, 8.679999), (0, 6.3, 8.679999), (1.75, 6.3, 8.679999), (3.5, 6.3, 8.679999), (5.25, 6.3, 8.679999), (7, 6.3, 8.679999), (8.75, 6.3, 8.679999), (10.5, 6.3, 8.679999), (12.25, 6.3, 8.679999), (14, 6.3, 8.679999), (15.75, 6.3, 8.679999), (17.5, 6.3, 8.679999), (19.25, 6.3, 8.679999), (21, 6.3, 8.679999), (22.75, 6.3, 8.679999), (24.5, 6.3, 8.679999), (26.25, 6.3, 8.679999), (28, 6.3, 8.679999), (29.75, 6.3, 8.679999), (31.5, 6.3, 8.679999), (33.25, 6.3, 8.679999), (35, 6.3, 8.679999), (-35, 6.3, 9.259999), (-33.25, 6.3, 9.259999), (-31.5, 6.3, 9.259999), (-29.75, 6.3, 9.259999), (-28, 6.3, 9.259999), (-26.25, 6.3, 9.259999), (-24.5, 6.3, 9.259999), (-22.75, 6.3, 9.259999), (-21, 6.3, 9.259999), (-19.25, 6.3, 9.259999), (-17.5, 6.3, 9.259999), (-15.75, 6.3, 9.259999), (-14, 6.3, 9.259999), (-12.25, 6.3, 9.259999), (-10.5, 6.3, 9.259999), (-8.75, 6.3, 9.259999), (-7, 6.3, 9.259999), (-5.25, 6.3, 9.259999), (-3.5, 6.3, 9.259999), (-1.75, 6.3, 9.259999), (0, 6.3, 9.259999), (1.75, 6.3, 9.259999), (3.5, 6.3, 9.259999), (5.25, 6.3, 9.259999), (7, 6.3, 9.259999), (8.75, 6.3, 9.259999), (10.5, 6.3, 9.259999), (12.25, 6.3, 9.259999), (14, 6.3, 9.259999), (15.75, 6.3, 9.259999), (17.5, 6.3, 9.259999), (19.25, 6.3, 9.259999), (21, 6.3, 9.259999), (22.75, 6.3, 9.259999), (24.5, 6.3, 9.259999), (26.25, 6.3, 9.259999), (28, 6.3, 9.259999), (29.75, 6.3, 9.259999), (31.5, 6.3, 9.259999), (33.25, 6.3, 9.259999), (35, 6.3, 9.259999), (-35, 6.3, 9.839999), (-33.25, 6.3, 9.839999), (-31.5, 6.3, 9.839999), (-29.75, 6.3, 9.839999), (-28, 6.3, 9.839999), (-26.25, 6.3, 9.839999), (-24.5, 6.3, 9.839999), (-22.75, 6.3, 9.839999), (-21, 6.3, 9.839999), (-19.25, 6.3, 9.839999), (-17.5, 6.3, 9.839999), (-15.75, 6.3, 9.839999), (-14, 6.3, 9.839999), (-12.25, 6.3, 9.839999), (-10.5, 6.3, 9.839999), (-8.75, 6.3, 9.839999), (-7, 6.3, 9.839999), (-5.25, 6.3, 9.839999), (-3.5, 6.3, 9.839999), (-1.75, 6.3, 9.839999), (0, 6.3, 9.839999), (1.75, 6.3, 9.839999), (3.5, 6.3, 9.839999), (5.25, 6.3, 9.839999), (7, 6.3, 9.839999), (8.75, 6.3, 9.839999), (10.5, 6.3, 9.839999), (12.25, 6.3, 9.839999), (14, 6.3, 9.839999), (15.75, 6.3, 9.839999), (17.5, 6.3, 9.839999), (19.25, 6.3, 9.839999), (21, 6.3, 9.839999), (22.75, 6.3, 9.839999), (24.5, 6.3, 9.839999), (26.25, 6.3, 9.839999), (28, 6.3, 9.839999), (29.75, 6.3, 9.839999), (31.5, 6.3, 9.839999), (33.25, 6.3, 9.839999), (35, 6.3, 9.839999), (-35, 6.3, 10.42), (-33.25, 6.3, 10.42), (-31.5, 6.3, 10.42), (-29.75, 6.3, 10.42), (-28, 6.3, 10.42), (-26.25, 6.3, 10.42), (-24.5, 6.3, 10.42), (-22.75, 6.3, 10.42), (-21, 6.3, 10.42), (-19.25, 6.3, 10.42), (-17.5, 6.3, 10.42), (-15.75, 6.3, 10.42), (-14, 6.3, 10.42), (-12.25, 6.3, 10.42), (-10.5, 6.3, 10.42), (-8.75, 6.3, 10.42), (-7, 6.3, 10.42), (-5.25, 6.3, 10.42), (-3.5, 6.3, 10.42), (-1.75, 6.3, 10.42), (0, 6.3, 10.42), (1.75, 6.3, 10.42), (3.5, 6.3, 10.42), (5.25, 6.3, 10.42), (7, 6.3, 10.42), (8.75, 6.3, 10.42), (10.5, 6.3, 10.42), (12.25, 6.3, 10.42), (14, 6.3, 10.42), (15.75, 6.3, 10.42), (17.5, 6.3, 10.42), (19.25, 6.3, 10.42), (21, 6.3, 10.42), (22.75, 6.3, 10.42), (24.5, 6.3, 10.42), (26.25, 6.3, 10.42), (28, 6.3, 10.42), (29.75, 6.3, 10.42), (31.5, 6.3, 10.42), (33.25, 6.3, 10.42), (35, 6.3, 10.42), (-35, 6.3, 11), (-33.25, 6.3, 11), (-31.5, 6.3, 11), (-29.75, 6.3, 11), (-28, 6.3, 11), (-26.25, 6.3, 11), (-24.5, 6.3, 11), (-22.75, 6.3, 11), (-21, 6.3, 11), (-19.25, 6.3, 11), (-17.5, 6.3, 11), (-15.75, 6.3, 11), (-14, 6.3, 11), (-12.25, 6.3, 11), (-10.5, 6.3, 11), (-8.75, 6.3, 11), (-7, 6.3, 11), (-5.25, 6.3, 11), (-3.5, 6.3, 11), (-1.75, 6.3, 11), (0, 6.3, 11), (1.75, 6.3, 11), (3.5, 6.3, 11), (5.25, 6.3, 11), (7, 6.3, 11), (8.75, 6.3, 11), (10.5, 6.3, 11), (12.25, 6.3, 11), (14, 6.3, 11), (15.75, 6.3, 11), (17.5, 6.3, 11), (19.25, 6.3, 11), (21, 6.3, 11), (22.75, 6.3, 11), (24.5, 6.3, 11), (26.25, 6.3, 11), (28, 6.3, 11), (29.75, 6.3, 11), (31.5, 6.3, 11), (33.25, 6.3, 11), (35, 6.3, 11)]
            texCoord2f[] primvars:attenuationUVs = [(-0.02, 0.97976196), (0.006, 0.97976196), (0.032, 0.97976196), (0.058, 0.97976196), (0.084, 0.97976196), (0.11, 0.97976196), (0.136, 0.97976196), (0.162, 0.97976196), (0.188, 0.97976196), (0.214, 0.97976196), (0.24, 0.97976196), (0.266, 0.97976196), (0.292, 0.97976196), (0.318, 0.97976196), (0.344, 0.97976196), (0.37, 0.97976196), (0.396, 0.97976196), (0.422, 0.97976196), (0.448, 0.97976196), (0.474, 0.97976196), (0.5, 0.97976196), (0.526, 0.97976196), (0.552, 0.97976196), (0.578, 0.97976196), (0.604, 0.97976196), (0.63, 0.97976196), (0.656, 0.97976196), (0.682, 0.97976196), (0.708, 0.97976196), (0.734, 0.97976196), (0.76, 0.97976196), (0.786, 0.97976196), (0.812, 0.97976196), (0.838, 0.97976196), (0.864, 0.97976196), (0.89, 0.97976196), (0.916, 0.97976196), (0.942, 0.97976196), (0.968, 0.97976196), (0.994, 0.97976196), (1.02, 0.97976196), (-0.02, 0.957501), (0.006, 0.957501), (0.032, 0.957501), (0.058, 0.957501), (0.084, 0.957501), (0.11, 0.957501), (0.136, 0.957501), (0.162, 0.957501), (0.188, 0.957501), (0.214, 0.957501), (0.24, 0.957501), (0.266, 0.957501), (0.292, 0.957501), (0.318, 0.957501), (0.344, 0.957501), (0.37, 0.957501), (0.396, 0.957501), (0.422, 0.957501), (0.448, 0.957501), (0.474, 0.957501), (0.5, 0.957501), (0.526, 0.957501), (0.552, 0.957501), (0.578, 0.957501), (0.604, 0.957501), (0.63, 0.957501), (0.656, 0.957501), (0.682, 0.957501), (0.708, 0.957501), (0.734, 0.957501), (0.76, 0.957501), (0.786, 0.957501), (0.812, 0.957501), (0.838, 0.957501), (0.864, 0.957501), (0.89, 0.957501), (0.916, 0.957501), (0.942, 0.957501), (0.968, 0.957501), (0.994, 0.957501), (1.02, 0.957501), (-0.02, 0.93524), (0.006, 0.93524), (0.032, 0.93524), (0.058, 0.93524), (0.084, 0.93524), (0.11, 0.93524), (0.136, 0.93524), (0.162, 0.93524), (0.188, 0.93524), (0.214, 0.93524), (0.24, 0.93524), (0.266, 0.93524), (0.292, 0.93524), (0.318, 0.93524), (0.344, 0.93524), (0.37, 0.93524), (0.396, 0.93524), (0.422, 0.93524), (0.448, 0.93524), (0.474, 0.93524), (0.5, 0.93524), (0.526, 0.93524), (0.552, 0.93524), (0.578, 0.93524), (0.604, 0.93524), (0.63, 0.93524), (0.656, 0.93524), (0.682, 0.93524), (0.708, 0.93524), (0.734, 0.93524), (0.76, 0.93524), (0.786, 0.93524), (0.812, 0.93524), (0.838, 0.93524), (0.864, 0.93524), (0.89, 0.93524), (0.916, 0.93524), (0.942, 0.93524), (0.968, 0.93524), (0.994, 0.93524), (1.02, 0.93524), (-0.02, 0.91297907), (0.006, 0.91297907), (0.032, 0.91297907), (0.058, 0.91297907), (0.084, 0.91297907), (0.11, 0.91297907), (0.136, 0.91297907), (0.162, 0.91297907), (0.188, 0.91297907), (0.214, 0.91297907), (0.24, 0.91297907), (0.266, 0.91297907), (0.292, 0.91297907), (0.318, 0.91297907), (0.344, 0.91297907), (0.37, 0.91297907), (0.396, 0.91297907), (0.422, 0.91297907), (0.448, 0.91297907), (0.474, 0.91297907), (0.5, 0.91297907), (0.526, 0.91297907), (0.552, 0.91297907), (0.578, 0.91297907), (0.604, 0.91297907), (0.63, 0.91297907), (0.656, 0.91297907), (0.682, 0.91297907), (0.708, 0.91297907), (0.734, 0.91297907), (0.76, 0.91297907), (0.786, 0.91297907), (0.812, 0.91297907), (0.838, 0.91297907), (0.864, 0.91297907), (0.89, 0.91297907), (0.916, 0.91297907), (0.942, 0.91297907), (0.968, 0.91297907), (0.994, 0.91297907), (1.02, 0.91297907), (-0.02, 0.8907181), (0.006, 0.8907181), (0.032, 0.8907181), (0.058, 0.8907181), (0.084, 0.8907181), (0.11, 0.8907181), (0.136, 0.8907181), (0.162, 0.8907181), (0.188, 0.8907181), (0.214, 0.8907181), (0.24, 0.8907181), (0.266, 0.8907181), (0.292, 0.8907181), (0.318, 0.8907181), (0.344, 0.8907181), (0.37, 0.8907181), (0.396, 0.8907181), (0.422, 0.8907181), (0.448, 0.8907181), (0.474, 0.8907181), (0.5, 0.8907181), (0.526, 0.8907181), (0.552, 0.8907181), (0.578, 0.8907181), (0.604, 0.8907181), (0.63, 0.8907181), (0.656, 0.8907181), (0.682, 0.8907181), (0.708, 0.8907181), (0.734, 0.8907181), (0.76, 0.8907181), (0.786, 0.8907181), (0.812, 0.8907181), (0.838, 0.8907181), (0.864, 0.8907181), (0.89, 0.8907181), (0.916, 0.8907181), (0.942, 0.8907181), (0.968, 0.8907181), (0.994, 0.8907181), (1.02, 0.8907181), (-0.02, 0.86845714), (0.006, 0.86845714), (0.032, 0.86845714), (0.058, 0.86845714), (0.084, 0.86845714), (0.11, 0.86845714), (0.136, 0.86845714), (0.162, 0.86845714), (0.188, 0.86845714), (0.214, 0.86845714), (0.24, 0.86845714), (0.266, 0.86845714), (0.292, 0.86845714), (0.318, 0.86845714), (0.344, 0.86845714), (0.37, 0.86845714), (0.396, 0.86845714), (0.422, 0.86845714), (0.448, 0.86845714), (0.474, 0.86845714), (0.5, 0.86845714), (0.526, 0.86845714), (0.552, 0.86845714), (0.578, 0.86845714), (0.604, 0.86845714), (0.63, 0.86845714), (0.656, 0.86845714), (0.682, 0.86845714), (0.708, 0.86845714), (0.734, 0.86845714), (0.76, 0.86845714), (0.786, 0.86845714), (0.812, 0.86845714), (0.838, 0.86845714), (0.864, 0.86845714), (0.89, 0.86845714), (0.916, 0.86845714), (0.942, 0.86845714), (0.968, 0.86845714), (0.994, 0.86845714), (1.02, 0.86845714), (-0.02, 0.8461962), (0.006, 0.8461962), (0.032, 0.8461962), (0.058, 0.8461962), (0.084, 0.8461962), (0.11, 0.8461962), (0.136, 0.8461962), (0.162, 0.8461962), (0.188, 0.8461962), (0.214, 0.8461962), (0.24, 0.8461962), (0.266, 0.8461962), (0.292, 0.8461962), (0.318, 0.8461962), (0.344, 0.8461962), (0.37, 0.8461962), (0.396, 0.8461962), (0.422, 0.8461962), (0.448, 0.8461962), (0.474, 0.8461962), (0.5, 0.8461962), (0.526, 0.8461962), (0.552, 0.8461962), (0.578, 0.8461962), (0.604, 0.8461962), (0.63, 0.8461962), (0.656, 0.8461962), (0.682, 0.8461962), (0.708, 0.8461962), (0.734, 0.8461962), (0.76, 0.8461962), (0.786, 0.8461962), (0.812, 0.8461962), (0.838, 0.8461962), (0.864, 0.8461962), (0.89, 0.8461962), (0.916, 0.8461962), (0.942, 0.8461962), (0.968, 0.8461962), (0.994, 0.8461962), (1.02, 0.8461962), (-0.02, 0.8239353), (0.006, 0.8239353), (0.032, 0.8239353), (0.058, 0.8239353), (0.084, 0.8239353), (0.11, 0.8239353), (0.136, 0.8239353), (0.162, 0.8239353), (0.188, 0.8239353), (0.214, 0.8239353), (0.24, 0.8239353), (0.266, 0.8239353), (0.292, 0.8239353), (0.318, 0.8239353), (0.344, 0.8239353), (0.37, 0.8239353), (0.396, 0.8239353), (0.422, 0.8239353), (0.448, 0.8239353), (0.474, 0.8239353), (0.5, 0.8239353), (0.526, 0.8239353), (0.552, 0.8239353), (0.578, 0.8239353), (0.604, 0.8239353), (0.63, 0.8239353), (0.656, 0.8239353), (0.682, 0.8239353), (0.708, 0.8239353), (0.734, 0.8239353), (0.76, 0.8239353), (0.786, 0.8239353), (0.812, 0.8239353), (0.838, 0.8239353), (0.864, 0.8239353), (0.89, 0.8239353), (0.916, 0.8239353), (0.942, 0.8239353), (0.968, 0.8239353), (0.994, 0.8239353), (1.02, 0.8239353), (-0.02, 0.8016743), (0.006, 0.8016743), (0.032, 0.8016743), (0.058, 0.8016743), (0.084, 0.8016743), (0.11, 0.8016743), (0.136, 0.8016743), (0.162, 0.8016743), (0.188, 0.8016743), (0.214, 0.8016743), (0.24, 0.8016743), (0.266, 0.8016743), (0.292, 0.8016743), (0.318, 0.8016743), (0.344, 0.8016743), (0.37, 0.8016743), (0.396, 0.8016743), (0.422, 0.8016743), (0.448, 0.8016743), (0.474, 0.8016743), (0.5, 0.8016743), (0.526, 0.8016743), (0.552, 0.8016743), (0.578, 0.8016743), (0.604, 0.8016743), (0.63, 0.8016743), (0.656, 0.8016743), (0.682, 0.8016743), (0.708, 0.8016743), (0.734, 0.8016743), (0.76, 0.8016743), (0.786, 0.8016743), (0.812, 0.8016743), (0.838, 0.8016743), (0.864, 0.8016743), (0.89, 0.8016743), (0.916, 0.8016743), (0.942, 0.8016743), (0.968, 0.8016743), (0.994, 0.8016743), (1.02, 0.8016743), (-0.02, 0.77941334), (0.006, 0.77941334), (0.032, 0.77941334), (0.058, 0.77941334), (0.084, 0.77941334), (0.11, 0.77941334), (0.136, 0.77941334), (0.162, 0.77941334), (0.188, 0.77941334), (0.214, 0.77941334), (0.24, 0.77941334), (0.266, 0.77941334), (0.292, 0.77941334), (0.318, 0.77941334), (0.344, 0.77941334), (0.37, 0.77941334), (0.396, 0.77941334), (0.422, 0.77941334), (0.448, 0.77941334), (0.474, 0.77941334), (0.5, 0.77941334), (0.526, 0.77941334), (0.552, 0.77941334), (0.578, 0.77941334), (0.604, 0.77941334), (0.63, 0.77941334), (0.656, 0.77941334), (0.682, 0.77941334), (0.708, 0.77941334), (0.734, 0.77941334), (0.76, 0.77941334), (0.786, 0.77941334), (0.812, 0.77941334), (0.838, 0.77941334), (0.864, 0.77941334), (0.89, 0.77941334), (0.916, 0.77941334), (0.942, 0.77941334), (0.968, 0.77941334), (0.994, 0.77941334), (1.02, 0.77941334), (-0.02, 0.7571524), (0.006, 0.7571524), (0.032, 0.7571524), (0.058, 0.7571524), (0.084, 0.7571524), (0.11, 0.7571524), (0.136, 0.7571524), (0.162, 0.7571524), (0.188, 0.7571524), (0.214, 0.7571524), (0.24, 0.7571524), (0.266, 0.7571524), (0.292, 0.7571524), (0.318, 0.7571524), (0.344, 0.7571524), (0.37, 0.7571524), (0.396, 0.7571524), (0.422, 0.7571524), (0.448, 0.7571524), (0.474, 0.7571524), (0.5, 0.7571524), (0.526, 0.7571524), (0.552, 0.7571524), (0.578, 0.7571524), (0.604, 0.7571524), (0.63, 0.7571524), (0.656, 0.7571524), (0.682, 0.7571524), (0.708, 0.7571524), (0.734, 0.7571524), (0.76, 0.7571524), (0.786, 0.7571524), (0.812, 0.7571524), (0.838, 0.7571524), (0.864, 0.7571524), (0.89, 0.7571524), (0.916, 0.7571524), (0.942, 0.7571524), (0.968, 0.7571524), (0.994, 0.7571524), (1.02, 0.7571524), (-0.02, 0.7348914), (0.006, 0.7348914), (0.032, 0.7348914), (0.058, 0.7348914), (0.084, 0.7348914), (0.11, 0.7348914), (0.136, 0.7348914), (0.162, 0.7348914), (0.188, 0.7348914), (0.214, 0.7348914), (0.24, 0.7348914), (0.266, 0.7348914), (0.292, 0.7348914), (0.318, 0.7348914), (0.344, 0.7348914), (0.37, 0.7348914), (0.396, 0.7348914), (0.422, 0.7348914), (0.448, 0.7348914), (0.474, 0.7348914), (0.5, 0.7348914), (0.526, 0.7348914), (0.552, 0.7348914), (0.578, 0.7348914), (0.604, 0.7348914), (0.63, 0.7348914), (0.656, 0.7348914), (0.682, 0.7348914), (0.708, 0.7348914), (0.734, 0.7348914), (0.76, 0.7348914), (0.786, 0.7348914), (0.812, 0.7348914), (0.838, 0.7348914), (0.864, 0.7348914), (0.89, 0.7348914), (0.916, 0.7348914), (0.942, 0.7348914), (0.968, 0.7348914), (0.994, 0.7348914), (1.02, 0.7348914), (-0.02, 0.71263045), (0.006, 0.71263045), (0.032, 0.71263045), (0.058, 0.71263045), (0.084, 0.71263045), (0.11, 0.71263045), (0.136, 0.71263045), (0.162, 0.71263045), (0.188, 0.71263045), (0.214, 0.71263045), (0.24, 0.71263045), (0.266, 0.71263045), (0.292, 0.71263045), (0.318, 0.71263045), (0.344, 0.71263045), (0.37, 0.71263045), (0.396, 0.71263045), (0.422, 0.71263045), (0.448, 0.71263045), (0.474, 0.71263045), (0.5, 0.71263045), (0.526, 0.71263045), (0.552, 0.71263045), (0.578, 0.71263045), (0.604, 0.71263045), (0.63, 0.71263045), (0.656, 0.71263045), (0.682, 0.71263045), (0.708, 0.71263045), (0.734, 0.71263045), (0.76, 0.71263045), (0.786, 0.71263045), (0.812, 0.71263045), (0.838, 0.71263045), (0.864, 0.71263045), (0.89, 0.71263045), (0.916, 0.71263045), (0.942, 0.71263045), (0.968, 0.71263045), (0.994, 0.71263045), (1.02, 0.71263045), (-0.02, 0.69036955), (0.006, 0.69036955), (0.032, 0.69036955), (0.058, 0.69036955), (0.084, 0.69036955), (0.11, 0.69036955), (0.136, 0.69036955), (0.162, 0.69036955), (0.188, 0.69036955), (0.214, 0.69036955), (0.24, 0.69036955), (0.266, 0.69036955), (0.292, 0.69036955), (0.318, 0.69036955), (0.344, 0.69036955), (0.37, 0.69036955), (0.396, 0.69036955), (0.422, 0.69036955), (0.448, 0.69036955), (0.474, 0.69036955), (0.5, 0.69036955), (0.526, 0.69036955), (0.552, 0.69036955), (0.578, 0.69036955), (0.604, 0.69036955), (0.63, 0.69036955), (0.656, 0.69036955), (0.682, 0.69036955), (0.708, 0.69036955), (0.734, 0.69036955), (0.76, 0.69036955), (0.786, 0.69036955), (0.812, 0.69036955), (0.838, 0.69036955), (0.864, 0.69036955), (0.89, 0.69036955), (0.916, 0.69036955), (0.942, 0.69036955), (0.968, 0.69036955), (0.994, 0.69036955), (1.02, 0.69036955), (-0.02, 0.6681086), (0.006, 0.6681086), (0.032, 0.6681086), (0.058, 0.6681086), (0.084, 0.6681086), (0.11, 0.6681086), (0.136, 0.6681086), (0.162, 0.6681086), (0.188, 0.6681086), (0.214, 0.6681086), (0.24, 0.6681086), (0.266, 0.6681086), (0.292, 0.6681086), (0.318, 0.6681086), (0.344, 0.6681086), (0.37, 0.6681086), (0.396, 0.6681086), (0.422, 0.6681086), (0.448, 0.6681086), (0.474, 0.6681086), (0.5, 0.6681086), (0.526, 0.6681086), (0.552, 0.6681086), (0.578, 0.6681086), (0.604, 0.6681086), (0.63, 0.6681086), (0.656, 0.6681086), (0.682, 0.6681086), (0.708, 0.6681086), (0.734, 0.6681086), (0.76, 0.6681086), (0.786, 0.6681086), (0.812, 0.6681086), (0.838, 0.6681086), (0.864, 0.6681086), (0.89, 0.6681086), (0.916, 0.6681086), (0.942, 0.6681086), (0.968, 0.6681086), (0.994, 0.6681086), (1.02, 0.6681086), (-0.02, 0.6458476), (0.006, 0.6458476), (0.032, 0.6458476), (0.058, 0.6458476), (0.084, 0.6458476), (0.11, 0.6458476), (0.136, 0.6458476), (0.162, 0.6458476), (0.188, 0.6458476), (0.214, 0.6458476), (0.24, 0.6458476), (0.266, 0.6458476), (0.292, 0.6458476), (0.318, 0.6458476), (0.344, 0.6458476), (0.37, 0.6458476), (0.396, 0.6458476), (0.422, 0.6458476), (0.448, 0.6458476), (0.474, 0.6458476), (0.5, 0.6458476), (0.526, 0.6458476), (0.552, 0.6458476), (0.578, 0.6458476), (0.604, 0.6458476), (0.63, 0.6458476), (0.656, 0.6458476), (0.682, 0.6458476), (0.708, 0.6458476), (0.734, 0.6458476), (0.76, 0.6458476), (0.786, 0.6458476), (0.812, 0.6458476), (0.838, 0.6458476), (0.864, 0.6458476), (0.89, 0.6458476), (0.916, 0.6458476), (0.942, 0.6458476), (0.968, 0.6458476), (0.994, 0.6458476), (1.02, 0.6458476), (-0.02, 0.62358665), (0.006, 0.62358665), (0.032, 0.62358665), (0.058, 0.62358665), (0.084, 0.62358665), (0.11, 0.62358665), (0.136, 0.62358665), (0.162, 0.62358665), (0.188, 0.62358665), (0.214, 0.62358665), (0.24, 0.62358665), (0.266, 0.62358665), (0.292, 0.62358665), (0.318, 0.62358665), (0.344, 0.62358665), (0.37, 0.62358665), (0.396, 0.62358665), (0.422, 0.62358665), (0.448, 0.62358665), (0.474, 0.62358665), (0.5, 0.62358665), (0.526, 0.62358665), (0.552, 0.62358665), (0.578, 0.62358665), (0.604, 0.62358665), (0.63, 0.62358665), (0.656, 0.62358665), (0.682, 0.62358665), (0.708, 0.62358665), (0.734, 0.62358665), (0.76, 0.62358665), (0.786, 0.62358665), (0.812, 0.62358665), (0.838, 0.62358665), (0.864, 0.62358665), (0.89, 0.62358665), (0.916, 0.62358665), (0.942, 0.62358665), (0.968, 0.62358665), (0.994, 0.62358665), (1.02, 0.62358665), (-0.02, 0.6013257), (0.006, 0.6013257), (0.032, 0.6013257), (0.058, 0.6013257), (0.084, 0.6013257), (0.11, 0.6013257), (0.136, 0.6013257), (0.162, 0.6013257), (0.188, 0.6013257), (0.214, 0.6013257), (0.24, 0.6013257), (0.266, 0.6013257), (0.292, 0.6013257), (0.318, 0.6013257), (0.344, 0.6013257), (0.37, 0.6013257), (0.396, 0.6013257), (0.422, 0.6013257), (0.448, 0.6013257), (0.474, 0.6013257), (0.5, 0.6013257), (0.526, 0.6013257), (0.552, 0.6013257), (0.578, 0.6013257), (0.604, 0.6013257), (0.63, 0.6013257), (0.656, 0.6013257), (0.682, 0.6013257), (0.708, 0.6013257), (0.734, 0.6013257), (0.76, 0.6013257), (0.786, 0.6013257), (0.812, 0.6013257), (0.838, 0.6013257), (0.864, 0.6013257), (0.89, 0.6013257), (0.916, 0.6013257), (0.942, 0.6013257), (0.968, 0.6013257), (0.994, 0.6013257), (1.02, 0.6013257), (-0.02, 0.5790648), (0.006, 0.5790648), (0.032, 0.5790648), (0.058, 0.5790648), (0.084, 0.5790648), (0.11, 0.5790648), (0.136, 0.5790648), (0.162, 0.5790648), (0.188, 0.5790648), (0.214, 0.5790648), (0.24, 0.5790648), (0.266, 0.5790648), (0.292, 0.5790648), (0.318, 0.5790648), (0.344, 0.5790648), (0.37, 0.5790648), (0.396, 0.5790648), (0.422, 0.5790648), (0.448, 0.5790648), (0.474, 0.5790648), (0.5, 0.5790648), (0.526, 0.5790648), (0.552, 0.5790648), (0.578, 0.5790648), (0.604, 0.5790648), (0.63, 0.5790648), (0.656, 0.5790648), (0.682, 0.5790648), (0.708, 0.5790648), (0.734, 0.5790648), (0.76, 0.5790648), (0.786, 0.5790648), (0.812, 0.5790648), (0.838, 0.5790648), (0.864, 0.5790648), (0.89, 0.5790648), (0.916, 0.5790648), (0.942, 0.5790648), (0.968, 0.5790648), (0.994, 0.5790648), (1.02, 0.5790648), (-0.02, 0.5568038), (0.006, 0.5568038), (0.032, 0.5568038), (0.058, 0.5568038), (0.084, 0.5568038), (0.11, 0.5568038), (0.136, 0.5568038), (0.162, 0.5568038), (0.188, 0.5568038), (0.214, 0.5568038), (0.24, 0.5568038), (0.266, 0.5568038), (0.292, 0.5568038), (0.318, 0.5568038), (0.344, 0.5568038), (0.37, 0.5568038), (0.396, 0.5568038), (0.422, 0.5568038), (0.448, 0.5568038), (0.474, 0.5568038), (0.5, 0.5568038), (0.526, 0.5568038), (0.552, 0.5568038), (0.578, 0.5568038), (0.604, 0.5568038), (0.63, 0.5568038), (0.656, 0.5568038), (0.682, 0.5568038), (0.708, 0.5568038), (0.734, 0.5568038), (0.76, 0.5568038), (0.786, 0.5568038), (0.812, 0.5568038), (0.838, 0.5568038), (0.864, 0.5568038), (0.89, 0.5568038), (0.916, 0.5568038), (0.942, 0.5568038), (0.968, 0.5568038), (0.994, 0.5568038), (1.02, 0.5568038), (-0.02, 0.53454286), (0.006, 0.53454286), (0.032, 0.53454286), (0.058, 0.53454286), (0.084, 0.53454286), (0.11, 0.53454286), (0.136, 0.53454286), (0.162, 0.53454286), (0.188, 0.53454286), (0.214, 0.53454286), (0.24, 0.53454286), (0.266, 0.53454286), (0.292, 0.53454286), (0.318, 0.53454286), (0.344, 0.53454286), (0.37, 0.53454286), (0.396, 0.53454286), (0.422, 0.53454286), (0.448, 0.53454286), (0.474, 0.53454286), (0.5, 0.53454286), (0.526, 0.53454286), (0.552, 0.53454286), (0.578, 0.53454286), (0.604, 0.53454286), (0.63, 0.53454286), (0.656, 0.53454286), (0.682, 0.53454286), (0.708, 0.53454286), (0.734, 0.53454286), (0.76, 0.53454286), (0.786, 0.53454286), (0.812, 0.53454286), (0.838, 0.53454286), (0.864, 0.53454286), (0.89, 0.53454286), (0.916, 0.53454286), (0.942, 0.53454286), (0.968, 0.53454286), (0.994, 0.53454286), (1.02, 0.53454286), (-0.02, 0.5122819), (0.006, 0.5122819), (0.032, 0.5122819), (0.058, 0.5122819), (0.084, 0.5122819), (0.11, 0.5122819), (0.136, 0.5122819), (0.162, 0.5122819), (0.188, 0.5122819), (0.214, 0.5122819), (0.24, 0.5122819), (0.266, 0.5122819), (0.292, 0.5122819), (0.318, 0.5122819), (0.344, 0.5122819), (0.37, 0.5122819), (0.396, 0.5122819), (0.422, 0.5122819), (0.448, 0.5122819), (0.474, 0.5122819), (0.5, 0.5122819), (0.526, 0.5122819), (0.552, 0.5122819), (0.578, 0.5122819), (0.604, 0.5122819), (0.63, 0.5122819), (0.656, 0.5122819), (0.682, 0.5122819), (0.708, 0.5122819), (0.734, 0.5122819), (0.76, 0.5122819), (0.786, 0.5122819), (0.812, 0.5122819), (0.838, 0.5122819), (0.864, 0.5122819), (0.89, 0.5122819), (0.916, 0.5122819), (0.942, 0.5122819), (0.968, 0.5122819), (0.994, 0.5122819), (1.02, 0.5122819), (-0.02, 0.49002096), (0.006, 0.49002096), (0.032, 0.49002096), (0.058, 0.49002096), (0.084, 0.49002096), (0.11, 0.49002096), (0.136, 0.49002096), (0.162, 0.49002096), (0.188, 0.49002096), (0.214, 0.49002096), (0.24, 0.49002096), (0.266, 0.49002096), (0.292, 0.49002096), (0.318, 0.49002096), (0.344, 0.49002096), (0.37, 0.49002096), (0.396, 0.49002096), (0.422, 0.49002096), (0.448, 0.49002096), (0.474, 0.49002096), (0.5, 0.49002096), (0.526, 0.49002096), (0.552, 0.49002096), (0.578, 0.49002096), (0.604, 0.49002096), (0.63, 0.49002096), (0.656, 0.49002096), (0.682, 0.49002096), (0.708, 0.49002096), (0.734, 0.49002096), (0.76, 0.49002096), (0.786, 0.49002096), (0.812, 0.49002096), (0.838, 0.49002096), (0.864, 0.49002096), (0.89, 0.49002096), (0.916, 0.49002096), (0.942, 0.49002096), (0.968, 0.49002096), (0.994, 0.49002096), (1.02, 0.49002096), (-0.02, 0.46776), (0.006, 0.46776), (0.032, 0.46776), (0.058, 0.46776), (0.084, 0.46776), (0.11, 0.46776), (0.136, 0.46776), (0.162, 0.46776), (0.188, 0.46776), (0.214, 0.46776), (0.24, 0.46776), (0.266, 0.46776), (0.292, 0.46776), (0.318, 0.46776), (0.344, 0.46776), (0.37, 0.46776), (0.396, 0.46776), (0.422, 0.46776), (0.448, 0.46776), (0.474, 0.46776), (0.5, 0.46776), (0.526, 0.46776), (0.552, 0.46776), (0.578, 0.46776), (0.604, 0.46776), (0.63, 0.46776), (0.656, 0.46776), (0.682, 0.46776), (0.708, 0.46776), (0.734, 0.46776), (0.76, 0.46776), (0.786, 0.46776), (0.812, 0.46776), (0.838, 0.46776), (0.864, 0.46776), (0.89, 0.46776), (0.916, 0.46776), (0.942, 0.46776), (0.968, 0.46776), (0.994, 0.46776), (1.02, 0.46776), (-0.02, 0.44549906), (0.006, 0.44549906), (0.032, 0.44549906), (0.058, 0.44549906), (0.084, 0.44549906), (0.11, 0.44549906), (0.136, 0.44549906), (0.162, 0.44549906), (0.188, 0.44549906), (0.214, 0.44549906), (0.24, 0.44549906), (0.266, 0.44549906), (0.292, 0.44549906), (0.318, 0.44549906), (0.344, 0.44549906), (0.37, 0.44549906), (0.396, 0.44549906), (0.422, 0.44549906), (0.448, 0.44549906), (0.474, 0.44549906), (0.5, 0.44549906), (0.526, 0.44549906), (0.552, 0.44549906), (0.578, 0.44549906), (0.604, 0.44549906), (0.63, 0.44549906), (0.656, 0.44549906), (0.682, 0.44549906), (0.708, 0.44549906), (0.734, 0.44549906), (0.76, 0.44549906), (0.786, 0.44549906), (0.812, 0.44549906), (0.838, 0.44549906), (0.864, 0.44549906), (0.89, 0.44549906), (0.916, 0.44549906), (0.942, 0.44549906), (0.968, 0.44549906), (0.994, 0.44549906), (1.02, 0.44549906), (-0.02, 0.4232381), (0.006, 0.4232381), (0.032, 0.4232381), (0.058, 0.4232381), (0.084, 0.4232381), (0.11, 0.4232381), (0.136, 0.4232381), (0.162, 0.4232381), (0.188, 0.4232381), (0.214, 0.4232381), (0.24, 0.4232381), (0.266, 0.4232381), (0.292, 0.4232381), (0.318, 0.4232381), (0.344, 0.4232381), (0.37, 0.4232381), (0.396, 0.4232381), (0.422, 0.4232381), (0.448, 0.4232381), (0.474, 0.4232381), (0.5, 0.4232381), (0.526, 0.4232381), (0.552, 0.4232381), (0.578, 0.4232381), (0.604, 0.4232381), (0.63, 0.4232381), (0.656, 0.4232381), (0.682, 0.4232381), (0.708, 0.4232381), (0.734, 0.4232381), (0.76, 0.4232381), (0.786, 0.4232381), (0.812, 0.4232381), (0.838, 0.4232381), (0.864, 0.4232381), (0.89, 0.4232381), (0.916, 0.4232381), (0.942, 0.4232381), (0.968, 0.4232381), (0.994, 0.4232381), (1.02, 0.4232381), (-0.02, 0.40097713), (0.006, 0.40097713), (0.032, 0.40097713), (0.058, 0.40097713), (0.084, 0.40097713), (0.11, 0.40097713), (0.136, 0.40097713), (0.162, 0.40097713), (0.188, 0.40097713), (0.214, 0.40097713), (0.24, 0.40097713), (0.266, 0.40097713), (0.292, 0.40097713), (0.318, 0.40097713), (0.344, 0.40097713), (0.37, 0.40097713), (0.396, 0.40097713), (0.422, 0.40097713), (0.448, 0.40097713), (0.474, 0.40097713), (0.5, 0.40097713), (0.526, 0.40097713), (0.552, 0.40097713), (0.578, 0.40097713), (0.604, 0.40097713), (0.63, 0.40097713), (0.656, 0.40097713), (0.682, 0.40097713), (0.708, 0.40097713), (0.734, 0.40097713), (0.76, 0.40097713), (0.786, 0.40097713), (0.812, 0.40097713), (0.838, 0.40097713), (0.864, 0.40097713), (0.89, 0.40097713), (0.916, 0.40097713), (0.942, 0.40097713), (0.968, 0.40097713), (0.994, 0.40097713), (1.02, 0.40097713), (-0.02, 0.3787162), (0.006, 0.3787162), (0.032, 0.3787162), (0.058, 0.3787162), (0.084, 0.3787162), (0.11, 0.3787162), (0.136, 0.3787162), (0.162, 0.3787162), (0.188, 0.3787162), (0.214, 0.3787162), (0.24, 0.3787162), (0.266, 0.3787162), (0.292, 0.3787162), (0.318, 0.3787162), (0.344, 0.3787162), (0.37, 0.3787162), (0.396, 0.3787162), (0.422, 0.3787162), (0.448, 0.3787162), (0.474, 0.3787162), (0.5, 0.3787162), (0.526, 0.3787162), (0.552, 0.3787162), (0.578, 0.3787162), (0.604, 0.3787162), (0.63, 0.3787162), (0.656, 0.3787162), (0.682, 0.3787162), (0.708, 0.3787162), (0.734, 0.3787162), (0.76, 0.3787162), (0.786, 0.3787162), (0.812, 0.3787162), (0.838, 0.3787162), (0.864, 0.3787162), (0.89, 0.3787162), (0.916, 0.3787162), (0.942, 0.3787162), (0.968, 0.3787162), (0.994, 0.3787162), (1.02, 0.3787162), (-0.02, 0.35645524), (0.006, 0.35645524), (0.032, 0.35645524), (0.058, 0.35645524), (0.084, 0.35645524), (0.11, 0.35645524), (0.136, 0.35645524), (0.162, 0.35645524), (0.188, 0.35645524), (0.214, 0.35645524), (0.24, 0.35645524), (0.266, 0.35645524), (0.292, 0.35645524), (0.318, 0.35645524), (0.344, 0.35645524), (0.37, 0.35645524), (0.396, 0.35645524), (0.422, 0.35645524), (0.448, 0.35645524), (0.474, 0.35645524), (0.5, 0.35645524), (0.526, 0.35645524), (0.552, 0.35645524), (0.578, 0.35645524), (0.604, 0.35645524), (0.63, 0.35645524), (0.656, 0.35645524), (0.682, 0.35645524), (0.708, 0.35645524), (0.734, 0.35645524), (0.76, 0.35645524), (0.786, 0.35645524), (0.812, 0.35645524), (0.838, 0.35645524), (0.864, 0.35645524), (0.89, 0.35645524), (0.916, 0.35645524), (0.942, 0.35645524), (0.968, 0.35645524), (0.994, 0.35645524), (1.02, 0.35645524), (-0.02, 0.3341943), (0.006, 0.3341943), (0.032, 0.3341943), (0.058, 0.3341943), (0.084, 0.3341943), (0.11, 0.3341943), (0.136, 0.3341943), (0.162, 0.3341943), (0.188, 0.3341943), (0.214, 0.3341943), (0.24, 0.3341943), (0.266, 0.3341943), (0.292, 0.3341943), (0.318, 0.3341943), (0.344, 0.3341943), (0.37, 0.3341943), (0.396, 0.3341943), (0.422, 0.3341943), (0.448, 0.3341943), (0.474, 0.3341943), (0.5, 0.3341943), (0.526, 0.3341943), (0.552, 0.3341943), (0.578, 0.3341943), (0.604, 0.3341943), (0.63, 0.3341943), (0.656, 0.3341943), (0.682, 0.3341943), (0.708, 0.3341943), (0.734, 0.3341943), (0.76, 0.3341943), (0.786, 0.3341943), (0.812, 0.3341943), (0.838, 0.3341943), (0.864, 0.3341943), (0.89, 0.3341943), (0.916, 0.3341943), (0.942, 0.3341943), (0.968, 0.3341943), (0.994, 0.3341943), (1.02, 0.3341943), (-0.02, 0.3119333), (0.006, 0.3119333), (0.032, 0.3119333), (0.058, 0.3119333), (0.084, 0.3119333), (0.11, 0.3119333), (0.136, 0.3119333), (0.162, 0.3119333), (0.188, 0.3119333), (0.214, 0.3119333), (0.24, 0.3119333), (0.266, 0.3119333), (0.292, 0.3119333), (0.318, 0.3119333), (0.344, 0.3119333), (0.37, 0.3119333), (0.396, 0.3119333), (0.422, 0.3119333), (0.448, 0.3119333), (0.474, 0.3119333), (0.5, 0.3119333), (0.526, 0.3119333), (0.552, 0.3119333), (0.578, 0.3119333), (0.604, 0.3119333), (0.63, 0.3119333), (0.656, 0.3119333), (0.682, 0.3119333), (0.708, 0.3119333), (0.734, 0.3119333), (0.76, 0.3119333), (0.786, 0.3119333), (0.812, 0.3119333), (0.838, 0.3119333), (0.864, 0.3119333), (0.89, 0.3119333), (0.916, 0.3119333), (0.942, 0.3119333), (0.968, 0.3119333), (0.994, 0.3119333), (1.02, 0.3119333), (-0.02, 0.28967237), (0.006, 0.28967237), (0.032, 0.28967237), (0.058, 0.28967237), (0.084, 0.28967237), (0.11, 0.28967237), (0.136, 0.28967237), (0.162, 0.28967237), (0.188, 0.28967237), (0.214, 0.28967237), (0.24, 0.28967237), (0.266, 0.28967237), (0.292, 0.28967237), (0.318, 0.28967237), (0.344, 0.28967237), (0.37, 0.28967237), (0.396, 0.28967237), (0.422, 0.28967237), (0.448, 0.28967237), (0.474, 0.28967237), (0.5, 0.28967237), (0.526, 0.28967237), (0.552, 0.28967237), (0.578, 0.28967237), (0.604, 0.28967237), (0.63, 0.28967237), (0.656, 0.28967237), (0.682, 0.28967237), (0.708, 0.28967237), (0.734, 0.28967237), (0.76, 0.28967237), (0.786, 0.28967237), (0.812, 0.28967237), (0.838, 0.28967237), (0.864, 0.28967237), (0.89, 0.28967237), (0.916, 0.28967237), (0.942, 0.28967237), (0.968, 0.28967237), (0.994, 0.28967237), (1.02, 0.28967237), (-0.02, 0.2674114), (0.006, 0.2674114), (0.032, 0.2674114), (0.058, 0.2674114), (0.084, 0.2674114), (0.11, 0.2674114), (0.136, 0.2674114), (0.162, 0.2674114), (0.188, 0.2674114), (0.214, 0.2674114), (0.24, 0.2674114), (0.266, 0.2674114), (0.292, 0.2674114), (0.318, 0.2674114), (0.344, 0.2674114), (0.37, 0.2674114), (0.396, 0.2674114), (0.422, 0.2674114), (0.448, 0.2674114), (0.474, 0.2674114), (0.5, 0.2674114), (0.526, 0.2674114), (0.552, 0.2674114), (0.578, 0.2674114), (0.604, 0.2674114), (0.63, 0.2674114), (0.656, 0.2674114), (0.682, 0.2674114), (0.708, 0.2674114), (0.734, 0.2674114), (0.76, 0.2674114), (0.786, 0.2674114), (0.812, 0.2674114), (0.838, 0.2674114), (0.864, 0.2674114), (0.89, 0.2674114), (0.916, 0.2674114), (0.942, 0.2674114), (0.968, 0.2674114), (0.994, 0.2674114), (1.02, 0.2674114), (-0.02, 0.24515048), (0.006, 0.24515048), (0.032, 0.24515048), (0.058, 0.24515048), (0.084, 0.24515048), (0.11, 0.24515048), (0.136, 0.24515048), (0.162, 0.24515048), (0.188, 0.24515048), (0.214, 0.24515048), (0.24, 0.24515048), (0.266, 0.24515048), (0.292, 0.24515048), (0.318, 0.24515048), (0.344, 0.24515048), (0.37, 0.24515048), (0.396, 0.24515048), (0.422, 0.24515048), (0.448, 0.24515048), (0.474, 0.24515048), (0.5, 0.24515048), (0.526, 0.24515048), (0.552, 0.24515048), (0.578, 0.24515048), (0.604, 0.24515048), (0.63, 0.24515048), (0.656, 0.24515048), (0.682, 0.24515048), (0.708, 0.24515048), (0.734, 0.24515048), (0.76, 0.24515048), (0.786, 0.24515048), (0.812, 0.24515048), (0.838, 0.24515048), (0.864, 0.24515048), (0.89, 0.24515048), (0.916, 0.24515048), (0.942, 0.24515048), (0.968, 0.24515048), (0.994, 0.24515048), (1.02, 0.24515048), (-0.02, 0.22288953), (0.006, 0.22288953), (0.032, 0.22288953), (0.058, 0.22288953), (0.084, 0.22288953), (0.11, 0.22288953), (0.136, 0.22288953), (0.162, 0.22288953), (0.188, 0.22288953), (0.214, 0.22288953), (0.24, 0.22288953), (0.266, 0.22288953), (0.292, 0.22288953), (0.318, 0.22288953), (0.344, 0.22288953), (0.37, 0.22288953), (0.396, 0.22288953), (0.422, 0.22288953), (0.448, 0.22288953), (0.474, 0.22288953), (0.5, 0.22288953), (0.526, 0.22288953), (0.552, 0.22288953), (0.578, 0.22288953), (0.604, 0.22288953), (0.63, 0.22288953), (0.656, 0.22288953), (0.682, 0.22288953), (0.708, 0.22288953), (0.734, 0.22288953), (0.76, 0.22288953), (0.786, 0.22288953), (0.812, 0.22288953), (0.838, 0.22288953), (0.864, 0.22288953), (0.89, 0.22288953), (0.916, 0.22288953), (0.942, 0.22288953), (0.968, 0.22288953), (0.994, 0.22288953), (1.02, 0.22288953), (-0.02, 0.2006286), (0.006, 0.2006286), (0.032, 0.2006286), (0.058, 0.2006286), (0.084, 0.2006286), (0.11, 0.2006286), (0.136, 0.2006286), (0.162, 0.2006286), (0.188, 0.2006286), (0.214, 0.2006286), (0.24, 0.2006286), (0.266, 0.2006286), (0.292, 0.2006286), (0.318, 0.2006286), (0.344, 0.2006286), (0.37, 0.2006286), (0.396, 0.2006286), (0.422, 0.2006286), (0.448, 0.2006286), (0.474, 0.2006286), (0.5, 0.2006286), (0.526, 0.2006286), (0.552, 0.2006286), (0.578, 0.2006286), (0.604, 0.2006286), (0.63, 0.2006286), (0.656, 0.2006286), (0.682, 0.2006286), (0.708, 0.2006286), (0.734, 0.2006286), (0.76, 0.2006286), (0.786, 0.2006286), (0.812, 0.2006286), (0.838, 0.2006286), (0.864, 0.2006286), (0.89, 0.2006286), (0.916, 0.2006286), (0.942, 0.2006286), (0.968, 0.2006286), (0.994, 0.2006286), (1.02, 0.2006286), (-0.02, 0.17836764), (0.006, 0.17836764), (0.032, 0.17836764), (0.058, 0.17836764), (0.084, 0.17836764), (0.11, 0.17836764), (0.136, 0.17836764), (0.162, 0.17836764), (0.188, 0.17836764), (0.214, 0.17836764), (0.24, 0.17836764), (0.266, 0.17836764), (0.292, 0.17836764), (0.318, 0.17836764), (0.344, 0.17836764), (0.37, 0.17836764), (0.396, 0.17836764), (0.422, 0.17836764), (0.448, 0.17836764), (0.474, 0.17836764), (0.5, 0.17836764), (0.526, 0.17836764), (0.552, 0.17836764), (0.578, 0.17836764), (0.604, 0.17836764), (0.63, 0.17836764), (0.656, 0.17836764), (0.682, 0.17836764), (0.708, 0.17836764), (0.734, 0.17836764), (0.76, 0.17836764), (0.786, 0.17836764), (0.812, 0.17836764), (0.838, 0.17836764), (0.864, 0.17836764), (0.89, 0.17836764), (0.916, 0.17836764), (0.942, 0.17836764), (0.968, 0.17836764), (0.994, 0.17836764), (1.02, 0.17836764), (-0.02, 0.1561067), (0.006, 0.1561067), (0.032, 0.1561067), (0.058, 0.1561067), (0.084, 0.1561067), (0.11, 0.1561067), (0.136, 0.1561067), (0.162, 0.1561067), (0.188, 0.1561067), (0.214, 0.1561067), (0.24, 0.1561067), (0.266, 0.1561067), (0.292, 0.1561067), (0.318, 0.1561067), (0.344, 0.1561067), (0.37, 0.1561067), (0.396, 0.1561067), (0.422, 0.1561067), (0.448, 0.1561067), (0.474, 0.1561067), (0.5, 0.1561067), (0.526, 0.1561067), (0.552, 0.1561067), (0.578, 0.1561067), (0.604, 0.1561067), (0.63, 0.1561067), (0.656, 0.1561067), (0.682, 0.1561067), (0.708, 0.1561067), (0.734, 0.1561067), (0.76, 0.1561067), (0.786, 0.1561067), (0.812, 0.1561067), (0.838, 0.1561067), (0.864, 0.1561067), (0.89, 0.1561067), (0.916, 0.1561067), (0.942, 0.1561067), (0.968, 0.1561067), (0.994, 0.1561067), (1.02, 0.1561067), (-0.02, 0.13384575), (0.006, 0.13384575), (0.032, 0.13384575), (0.058, 0.13384575), (0.084, 0.13384575), (0.11, 0.13384575), (0.136, 0.13384575), (0.162, 0.13384575), (0.188, 0.13384575), (0.214, 0.13384575), (0.24, 0.13384575), (0.266, 0.13384575), (0.292, 0.13384575), (0.318, 0.13384575), (0.344, 0.13384575), (0.37, 0.13384575), (0.396, 0.13384575), (0.422, 0.13384575), (0.448, 0.13384575), (0.474, 0.13384575), (0.5, 0.13384575), (0.526, 0.13384575), (0.552, 0.13384575), (0.578, 0.13384575), (0.604, 0.13384575), (0.63, 0.13384575), (0.656, 0.13384575), (0.682, 0.13384575), (0.708, 0.13384575), (0.734, 0.13384575), (0.76, 0.13384575), (0.786, 0.13384575), (0.812, 0.13384575), (0.838, 0.13384575), (0.864, 0.13384575), (0.89, 0.13384575), (0.916, 0.13384575), (0.942, 0.13384575), (0.968, 0.13384575), (0.994, 0.13384575), (1.02, 0.13384575), (-0.02, 0.11158476), (0.006, 0.11158476), (0.032, 0.11158476), (0.058, 0.11158476), (0.084, 0.11158476), (0.11, 0.11158476), (0.136, 0.11158476), (0.162, 0.11158476), (0.188, 0.11158476), (0.214, 0.11158476), (0.24, 0.11158476), (0.266, 0.11158476), (0.292, 0.11158476), (0.318, 0.11158476), (0.344, 0.11158476), (0.37, 0.11158476), (0.396, 0.11158476), (0.422, 0.11158476), (0.448, 0.11158476), (0.474, 0.11158476), (0.5, 0.11158476), (0.526, 0.11158476), (0.552, 0.11158476), (0.578, 0.11158476), (0.604, 0.11158476), (0.63, 0.11158476), (0.656, 0.11158476), (0.682, 0.11158476), (0.708, 0.11158476), (0.734, 0.11158476), (0.76, 0.11158476), (0.786, 0.11158476), (0.812, 0.11158476), (0.838, 0.11158476), (0.864, 0.11158476), (0.89, 0.11158476), (0.916, 0.11158476), (0.942, 0.11158476), (0.968, 0.11158476), (0.994, 0.11158476), (1.02, 0.11158476), (-0.02, 0.08932381), (0.006, 0.08932381), (0.032, 0.08932381), (0.058, 0.08932381), (0.084, 0.08932381), (0.11, 0.08932381), (0.136, 0.08932381), (0.162, 0.08932381), (0.188, 0.08932381), (0.214, 0.08932381), (0.24, 0.08932381), (0.266, 0.08932381), (0.292, 0.08932381), (0.318, 0.08932381), (0.344, 0.08932381), (0.37, 0.08932381), (0.396, 0.08932381), (0.422, 0.08932381), (0.448, 0.08932381), (0.474, 0.08932381), (0.5, 0.08932381), (0.526, 0.08932381), (0.552, 0.08932381), (0.578, 0.08932381), (0.604, 0.08932381), (0.63, 0.08932381), (0.656, 0.08932381), (0.682, 0.08932381), (0.708, 0.08932381), (0.734, 0.08932381), (0.76, 0.08932381), (0.786, 0.08932381), (0.812, 0.08932381), (0.838, 0.08932381), (0.864, 0.08932381), (0.89, 0.08932381), (0.916, 0.08932381), (0.942, 0.08932381), (0.968, 0.08932381), (0.994, 0.08932381), (1.02, 0.08932381)] (
                interpolation = "varying"
            )
            texCoord2f[] primvars:emitterUVs = [(0.3073015, 0.498155), (0.29925433, 0.49919462), (0.2905369, 0.5004889), (0.2810743, 0.50211823), (0.27078286, 0.50419575), (0.2595705, 0.506884), (0.24733669, 0.5104215), (0.23397346, 0.51516795), (0.21936719, 0.5216801), (0.20339954, 0.5308451), (0.18594451, 0.5441167), (0.16685174, 0.5639297), (0.14590032, 0.5943646), (0.12275395, 0.6418093), (0.09743157, 0.7132298), (0.07450711, 0.8015316), (0.07897808, 0.85619044), (0.1456873, 0.84683657), (0.26804766, 0.84076184), (0.3769548, 0.8555711), (0.49098572, 0.84205467), (0.6277357, 0.84701914), (0.73909277, 0.84168166), (0.8574791, 0.8554764), (0.92594004, 0.86878335), (0.9310717, 0.8166709), (0.9109238, 0.7362277), (0.8865669, 0.67125034), (0.8625086, 0.6260056), (0.83975124, 0.5952335), (0.8185629, 0.5740221), (0.7990053, 0.55902255), (0.7810502, 0.54811025), (0.7646192, 0.53995055), (0.74960625, 0.53369397), (0.73589337, 0.52878803), (0.72336084, 0.52486444), (0.71189314, 0.52167153), (0.70138276, 0.51903325), (0.69173145, 0.5168237), (0.6828506, 0.5149512), (0.30703038, 0.49816823), (0.2989428, 0.4992131), (0.29017672, 0.50051486), (0.28065485, 0.50215524), (0.27029073, 0.5042493), (0.25898805, 0.5069628), (0.24664062, 0.51054025), (0.23313229, 0.5153519), (0.21833698, 0.52197474), (0.20211673, 0.53133637), (0.18431172, 0.5449765), (0.16470733, 0.5655229), (0.14294446, 0.59751517), (0.118354335, 0.64845866), (0.09013751, 0.72775024), (0.061449874, 0.8300916), (0.06091235, 0.8925137), (0.13106337, 0.8823275), (0.26393977, 0.87970823), (0.37654546, 0.89438987), (0.48919088, 0.8746323), (0.6303629, 0.8829039), (0.7391984, 0.8726853), (0.8687779, 0.8876799), (0.9438808, 0.9080766), (0.942793, 0.8434032), (0.91770095, 0.74898094), (0.8909695, 0.6773516), (0.86562306, 0.62912595), (0.8420762, 0.596945), (0.82035995, 0.5750236), (0.80042785, 0.55964315), (0.7821964, 0.54851454), (0.76555586, 0.5402254), (0.7503809, 0.53388786), (0.73654056, 0.5289292), (0.7239065, 0.52497), (0.71235704, 0.5217523), (0.70178014, 0.5190963), (0.6920741, 0.5168739), (0.683148, 0.5149917), (0.30685076, 0.49817702), (0.2987364, 0.49922538), (0.28993794, 0.5005322), (0.28037673, 0.5021799), (0.26996425, 0.5042849), (0.2586015, 0.50701535), (0.24617837, 0.51061964), (0.23257318, 0.5154752), (0.21765149, 0.5221728), (0.20126182, 0.53166807), (0.18322107, 0.5455605), (0.16326943, 0.566615), (0.14094806, 0.5997049), (0.1153382, 0.6531843), (0.08497663, 0.7384444), (0.051584832, 0.85206926), (0.046029624, 0.9194049), (0.11976668, 0.912144), (0.25861785, 0.9171017), (0.3760079, 0.92841023), (0.4875678, 0.90500283), (0.6305315, 0.9161007), (0.7363597, 0.9024226), (0.8753173, 0.9152162), (0.9594804, 0.9430341), (0.9516692, 0.8650141), (0.9224295, 0.758351), (0.8939637, 0.6816515), (0.86771894, 0.63127935), (0.84363264, 0.5981117), (0.82155937, 0.5757008), (0.8013755, 0.5600607), (0.782959, 0.54878545), (0.7661784, 0.5404091), (0.75089526, 0.53401715), (0.7369701, 0.5290232), (0.7242685, 0.5250402), (0.71266466, 0.521806), (0.70204353, 0.5191382), (0.6923013, 0.51690716), (0.68334514, 0.5150186), (0.3067632, 0.4981813), (0.29863572, 0.49923137), (0.2898215, 0.5005406), (0.2802411, 0.50219196), (0.26980498, 0.5043024), (0.25841284, 0.50704116), (0.24595271, 0.51065856), (0.23230012, 0.5155357), (0.21731648, 0.5222702), (0.20084365, 0.5318316), (0.18268684, 0.5458495), (0.16256341, 0.5671583), (0.13996345, 0.6008036), (0.11383667, 0.65558845), (0.08235448, 0.74401003), (0.04633579, 0.8638412), (0.037194554, 0.9330257), (0.1135546, 0.9307796), (0.2535041, 0.9410373), (0.3748481, 0.94865066), (0.48687243, 0.9261355), (0.6284937, 0.93782264), (0.7327747, 0.92330116), (0.87695044, 0.9317928), (0.96904314, 0.96362424), (0.95644116, 0.87713057), (0.9248117, 0.76322716), (0.8954468, 0.68382823), (0.8687503, 0.6323552), (0.8443961, 0.59869015), (0.8221466, 0.5760351), (0.80183893, 0.560266), (0.78333163, 0.5489184), (0.7664825, 0.5404991), (0.7511464, 0.53408045), (0.73717976, 0.52906907), (0.7244451, 0.5250745), (0.71281475, 0.52183217), (0.702172, 0.51915866), (0.692412, 0.5169234), (0.6834412, 0.5150317), (0.30676797, 0.49818107), (0.29864123, 0.49923104), (0.28982785, 0.5005402), (0.2802485, 0.5021913), (0.2698137, 0.5043014), (0.25842315, 0.5070397), (0.24596502, 0.5106564), (0.23231503, 0.5155324), (0.21733478, 0.52226484), (0.20086649, 0.5318226), (0.18271604, 0.54583365), (0.16260204, 0.5671284), (0.14001738, 0.6007431), (0.11391915, 0.6554555), (0.08249947, 0.7436999), (0.046630595, 0.8631792), (0.03771611, 0.93228114), (0.113910496, 0.92963433), (0.2538613, 0.9396157), (0.37495208, 0.947479), (0.48690057, 0.9247949), (0.6286829, 0.9364862), (0.7330367, 0.92197686), (0.87691474, 0.93080735), (0.968471, 0.9624489), (0.9561717, 0.87643707), (0.92468035, 0.7629555), (0.8953655, 0.683708), (0.8686938, 0.632296), (0.84435433, 0.59865844), (0.8221145, 0.5760168), (0.8018136, 0.56025475), (0.78331125, 0.54891115), (0.7664659, 0.5404942), (0.7511327, 0.534077), (0.7371683, 0.52906656), (0.72443545, 0.52507263), (0.7128065, 0.52183074), (0.702165, 0.5191575), (0.69240594, 0.51692253), (0.683436, 0.515031), (0.30686504, 0.4981763), (0.2987528, 0.4992244), (0.28995696, 0.5005308), (0.2803989, 0.50217795), (0.2699903, 0.5042821), (0.25863233, 0.5070112), (0.24621525, 0.5106133), (0.23261783, 0.5154653), (0.21770623, 0.52215695), (0.20133013, 0.5316415), (0.18330829, 0.5455135), (0.16338457, 0.56652683), (0.14110835, 0.59952724), (0.11558176, 0.6527976), (0.08539858, 0.73755705), (0.052413754, 0.8502139), (0.047351293, 0.91719574), (0.120729424, 0.90945077), (0.25923023, 0.9135949), (0.3761005, 0.92535126), (0.48770058, 0.90208894), (0.63065886, 0.91299736), (0.7367556, 0.899548), (0.874903, 0.9127507), (0.9580684, 0.9398901), (0.9509198, 0.863143), (0.9220449, 0.7575737), (0.8937226, 0.6813007), (0.8675509, 0.63110507), (0.84350806, 0.5980177), (0.82146347, 0.57564646), (0.80129975, 0.5600272), (0.78289807, 0.54876375), (0.7661287, 0.5403944), (0.7508542, 0.53400683), (0.73693585, 0.52901566), (0.72423965, 0.52503455), (0.71264017, 0.5218017), (0.70202255, 0.5191349), (0.69228315, 0.51690453), (0.6833294, 0.51501644), (0.30705413, 0.49816707), (0.29897013, 0.49921146), (0.29020834, 0.5005126), (0.28069168, 0.50215197), (0.27033398, 0.50424457), (0.25903928, 0.5069558), (0.24670187, 0.51052976), (0.23320632, 0.5153356), (0.2184277, 0.52194864), (0.20222977, 0.5312928), (0.18445578, 0.5448999), (0.16489694, 0.56538033), (0.14320683, 0.5972311), (0.11874799, 0.647852), (0.0908011, 0.7264004), (0.062677756, 0.8273757), (0.06266767, 0.88910705), (0.13245244, 0.8788511), (0.2644019, 0.8756284), (0.37657496, 0.890481), (0.48938325, 0.87131757), (0.6301802, 0.8792206), (0.73933357, 0.8694828), (0.8677937, 0.884479), (0.94209, 0.90408456), (0.94169194, 0.84080565), (0.917089, 0.74779737), (0.89057726, 0.6767975), (0.86534715, 0.62884575), (0.84187084, 0.59679234), (0.82020146, 0.5749346), (0.8003025, 0.5595882), (0.7820955, 0.5484788), (0.7654734, 0.5402011), (0.7503127, 0.53387076), (0.73648363, 0.5289167), (0.72385854, 0.5249607), (0.7123163, 0.5217452), (0.7017452, 0.5190908), (0.6920441, 0.5168695), (0.6831219, 0.5149882), (0.3073347, 0.49815336), (0.29929247, 0.4991924), (0.29058105, 0.5004857), (0.28112566, 0.5021137), (0.27084315, 0.5041892), (0.25964183, 0.5068743), (0.24742186, 0.51040703), (0.23407635, 0.5151456), (0.21949312, 0.52164435), (0.20355618, 0.5307856), (0.18614358, 0.544013), (0.16711253, 0.56373876), (0.14625809, 0.5939905), (0.12328135, 0.6410313), (0.098288655, 0.7115696), (0.075982966, 0.79835564), (0.080957964, 0.85210586), (0.14731754, 0.84299725), (0.2684593, 0.8368506), (0.3770279, 0.851509), (0.49115255, 0.8386439), (0.6273802, 0.84333515), (0.7389041, 0.83849233), (0.8561311, 0.8520549), (0.92403126, 0.8647105), (0.9297418, 0.8137636), (0.91012, 0.73476547), (0.88603634, 0.67053235), (0.86213076, 0.62563336), (0.8394682, 0.5950277), (0.81834376, 0.573901), (0.7988316, 0.55894727), (0.78091013, 0.5480611), (0.7645046, 0.53991705), (0.7495114, 0.5336703), (0.73581415, 0.5287708), (0.72329396, 0.52485156), (0.7118363, 0.52166164), (0.70133406, 0.5190255), (0.69168943, 0.51681757), (0.6828141, 0.5149462), (0.30770585, 0.49813533), (0.29971877, 0.49916723), (0.29107374, 0.5004504), (0.281699, 0.5020634), (0.27151543, 0.50411665), (0.26043683, 0.50676775), (0.24837096, 0.5102468), (0.23522186, 0.5148983), (0.22089368, 0.5212502), (0.20529605, 0.5301327), (0.18835029, 0.54288095), (0.16999382, 0.5616695), (0.15018739, 0.589983), (0.12900586, 0.63284457), (0.107375346, 0.694567), (0.09099815, 0.7668277), (0.10064268, 0.81149054), (0.1635657, 0.8056365), (0.27280727, 0.800607), (0.37819862, 0.8130052), (0.49247557, 0.80580044), (0.62347335, 0.8087815), (0.7354916, 0.8081182), (0.8421644, 0.8191298), (0.9054087, 0.8262779), (0.9160888, 0.7853324), (0.9015006, 0.7197159), (0.88024175, 0.66292065), (0.8579687, 0.6216204), (0.8363367, 0.5927857), (0.8159123, 0.5725733), (0.7969013, 0.5581176), (0.77935153, 0.5475175), (0.76322895, 0.53954583), (0.7484553, 0.5334077), (0.7349309, 0.5285792), (0.72254866, 0.524708), (0.7112022, 0.5215516), (0.70079064, 0.51893944), (0.6912205, 0.5167491), (0.68240696, 0.5148909), (0.30816647, 0.49811307), (0.30024755, 0.4991362), (0.29168454, 0.5004068), (0.28240937, 0.5020016), (0.27234775, 0.5040276), (0.26142013, 0.5066372), (0.24954347, 0.5100513), (0.23663493, 0.51459783), (0.22261798, 0.5207739), (0.2074323, 0.52934957), (0.19104886, 0.5415375), (0.17349447, 0.5592514), (0.1549062, 0.5854061), (0.1357282, 0.62381583), (0.117595226, 0.67675424), (0.10673657, 0.7356465), (0.12048719, 0.771764), (0.17986292, 0.769742), (0.27819884, 0.76733536), (0.3802608, 0.77714103), (0.4932752, 0.7741051), (0.61895484, 0.77674514), (0.7295561, 0.77893776), (0.82734066, 0.78751546), (0.886821, 0.79051673), (0.9014503, 0.7575618), (0.89159226, 0.7037454), (0.87335545, 0.6543961), (0.8529421, 0.61697966), (0.832522, 0.59013987), (0.8129353, 0.5709851), (0.7945298, 0.5571159), (0.77743226, 0.5468567), (0.7616553, 0.5390925), (0.7471506, 0.5330857), (0.7338385, 0.5283436), (0.721626, 0.52453107), (0.71041673, 0.52141577), (0.700117, 0.51883304), (0.6906389, 0.5166643), (0.6819017, 0.51482236), (0.3087152, 0.49808675), (0.30087712, 0.49909958), (0.29241127, 0.5003554), (0.28325385, 0.50192875), (0.2733363, 0.503923), (0.26258665, 0.50648427), (0.2509325, 0.50982314), (0.23830599, 0.51424885), (0.22465236, 0.5202243), (0.20994464, 0.528454), (0.19420762, 0.5400201), (0.17756167, 0.5565682), (0.16031839, 0.5804572), (0.14325655, 0.6144191), (0.12855417, 0.65918285), (0.12255688, 0.7066181), (0.13963136, 0.73563784), (0.1955423, 0.7369949), (0.28470442, 0.7371354), (0.38313004, 0.7448506), (0.49366307, 0.7445988), (0.61397153, 0.7475707), (0.721682, 0.75142473), (0.8122696, 0.7580493), (0.8685918, 0.7581924), (0.88631207, 0.7315676), (0.88072145, 0.68770087), (0.865546, 0.6453609), (0.84714174, 0.6118872), (0.828077, 0.58716947), (0.8094457, 0.56917405), (0.7917391, 0.5559611), (0.7751673, 0.546089), (0.75979424, 0.5385626), (0.745605, 0.53270775), (0.73254275, 0.5280661), (0.72053033, 0.5243222), (0.709483, 0.521255), (0.6993156, 0.518707), (0.68994653, 0.5165637), (0.68129987, 0.5147409), (0.30935034, 0.4980565), (0.30160537, 0.49905753), (0.29325128, 0.5002966), (0.2842291, 0.5018456), (0.27447662, 0.5038038), (0.26393053, 0.50631064), (0.25253013, 0.50956523), (0.24022397, 0.5138566), (0.2269811, 0.5196112), (0.21280998, 0.527465), (0.1977913, 0.5383674), (0.18213844, 0.5537022), (0.16632588, 0.575317), (0.1514134, 0.6050408), (0.13994633, 0.6425556), (0.13808692, 0.6806285), (0.15767471, 0.7041447), (0.21041599, 0.70799476), (0.29212025, 0.71006423), (0.38664576, 0.71634525), (0.49377534, 0.7178498), (0.6086203, 0.7213053), (0.71245825, 0.72594947), (0.7971923, 0.7311004), (0.8508844, 0.7294978), (0.87099725, 0.70786035), (0.86916506, 0.67216784), (0.8569782, 0.6361551), (0.840663, 0.6065093), (0.82305986, 0.5839544), (0.80548084, 0.56717986), (0.7885541, 0.5546738), (0.7725739, 0.54522544), (0.7576581, 0.5379626), (0.7438276, 0.53227764), (0.73105025, 0.5277491), (0.7192667, 0.52408284), (0.708405, 0.52107036), (0.69838953, 0.51856184), (0.68914586, 0.5164478), (0.68060344, 0.5146469), (0.31007016, 0.4980225), (0.30243003, 0.4990104), (0.2942016, 0.5002308), (0.28533125, 0.50175273), (0.27576375, 0.50367117), (0.26544508, 0.5061182), (0.25432733, 0.5092807), (0.24237655, 0.51342666), (0.2295868, 0.5189447), (0.21600313, 0.5264017), (0.20176208, 0.5366173), (0.1871657, 0.55073005), (0.1728327, 0.57013977), (0.16004223, 0.59596634), (0.15154783, 0.6272685), (0.1531397, 0.6579161), (0.17454569, 0.67727673), (0.22451246, 0.68272036), (0.30017677, 0.6860727), (0.39063725, 0.6914533), (0.49371952, 0.69402), (0.60301554, 0.6978608), (0.7024017, 0.7027283), (0.7822403, 0.7067856), (0.8337564, 0.70427763), (0.85571694, 0.6865821), (0.8571495, 0.6575089), (0.8478062, 0.6270449), (0.83360255, 0.6009933), (0.8175318, 0.5805709), (0.80108106, 0.5650422), (0.78500223, 0.55327535), (0.7696714, 0.5442781), (0.7552607, 0.5372995), (0.7418283, 0.53179955), (0.7293685, 0.5273953), (0.71784073, 0.52381474), (0.707187, 0.520863), (0.6973421, 0.51839846), (0.68823934, 0.516317), (0.67981434, 0.5145407), (0.3108724, 0.497985), (0.30334836, 0.4989585), (0.29525885, 0.5001584), (0.28655598, 0.5016509), (0.27719203, 0.5035262), (0.26712298, 0.50590885), (0.25631422, 0.50897294), (0.24475026, 0.5129647), (0.23245072, 0.5182351), (0.21949738, 0.5252831), (0.20608073, 0.5348054), (0.19258426, 0.5477193), (0.17974807, 0.5650483), (0.16900933, 0.5873863), (0.16320062, 0.6134871), (0.16764155, 0.6383403), (0.19032991, 0.65455854), (0.23791686, 0.6608702), (0.30861917, 0.6649952), (0.3949464, 0.66983414), (0.4935693, 0.6730133), (0.5972802, 0.6770677), (0.6919271, 0.6818232), (0.7675222, 0.6850667), (0.81721663, 0.6822181), (0.84060824, 0.66766655), (0.84485596, 0.64391685), (0.83817035, 0.6182232), (0.8260549, 0.59546214), (0.8115557, 0.57708824), (0.79628867, 0.56279916), (0.78111285, 0.55178696), (0.7664805, 0.543259), (0.75261706, 0.53658056), (0.7396184, 0.531278), (0.72750586, 0.5270074), (0.71625876, 0.5235197), (0.7058339, 0.5206341), (0.69617707, 0.51821774), (0.6872301, 0.51617205), (0.67893505, 0.5144228), (0.31175494, 0.4979442), (0.30435762, 0.4989021), (0.29641947, 0.50008005), (0.2878987, 0.501541), (0.27875546, 0.50337034), (0.2689562, 0.5056847), (0.25848025, 0.50864524), (0.24733075, 0.5124766), (0.23555309, 0.5174925), (0.22326486, 0.52412707), (0.21070735, 0.5329639), (0.19833602, 0.54472643), (0.18698816, 0.56013393), (0.1782027, 0.5794112), (0.17479484, 0.60122335), (0.18157934, 0.6215818), (0.20515746, 0.63538355), (0.25070548, 0.64204687), (0.31723312, 0.6465847), (0.39943624, 0.6510958), (0.493372, 0.65460074), (0.5915288, 0.6587076), (0.6813474, 0.66317403), (0.75314, 0.665806), (0.8012619, 0.66295964), (0.8257626, 0.6509417), (0.8324288, 0.6314656), (0.8281953, 0.6098188), (0.8181103, 0.59001344), (0.8051941, 0.57356703), (0.79114735, 0.5604862), (0.77691674, 0.55022925), (0.7630233, 0.54218054), (0.7497433, 0.5358131), (0.7372097, 0.5307176), (0.72547126, 0.52658844), (0.71452767, 0.52319974), (0.70435095, 0.520385), (0.69489855, 0.5180206), (0.68612134, 0.51601356), (0.677968, 0.5142936), (0.31271517, 0.49790037), (0.30545458, 0.49884164), (0.29767945, 0.4999962), (0.28935426, 0.50142384), (0.28044754, 0.50320476), (0.27093634, 0.5054478), (0.26081416, 0.50830114), (0.25010297, 0.5119681), (0.23887342, 0.51672643), (0.2272773, 0.52295005), (0.21560228, 0.53112054), (0.20436525, 0.5417967), (0.19447672, 0.55545974), (0.18752943, 0.57209045), (0.1862539, 0.5903983), (0.19496664, 0.6072656), (0.21915026, 0.6191669), (0.26292953, 0.6258449), (0.32584888, 0.6305554), (0.40399355, 0.6348533), (0.49315655, 0.6385011), (0.5858573, 0.6425386), (0.6708889, 0.6466393), (0.7391845, 0.6488076), (0.78589225, 0.6461505), (0.8112445, 0.63619226), (0.81998307, 0.6201516), (0.8179906, 0.60190874), (0.8098536, 0.5847206), (0.7985084, 0.57005805), (0.78570086, 0.55813515), (0.7724453, 0.54862165), (0.7593227, 0.5410545), (0.7466563, 0.5350045), (0.7346149, 0.53012305), (0.7232743, 0.52614146), (0.7126547, 0.5228569), (0.7027438, 0.5201172), (0.69351107, 0.51780796), (0.68491656, 0.5158422), (0.6769162, 0.5141538), (0.31375045, 0.4978537), (0.30663595, 0.49877745), (0.2990346, 0.49990743), (0.29091746, 0.50130016), (0.28226143, 0.50303084), (0.27305454, 0.5052002), (0.26330435, 0.5079438), (0.2530515, 0.51144433), (0.24239086, 0.51594585), (0.23150629, 0.5217666), (0.22072667, 0.5292987), (0.21061927, 0.53896433), (0.20214546, 0.5510645), (0.19691263, 0.5654303), (0.19752343, 0.58088666), (0.20782529, 0.5950257), (0.23240516, 0.6053988), (0.27461797, 0.6118877), (0.3343373, 0.61661553), (0.40852863, 0.6207539), (0.49294007, 0.62442756), (0.58034045, 0.6283153), (0.66070855, 0.6320332), (0.72573096, 0.63384783), (0.771114, 0.6314673), (0.79710233, 0.6231943), (0.80761147, 0.6099241), (0.80765176, 0.5945302), (0.8013631, 0.5796355), (0.79155767, 0.5666024), (0.7799926, 0.55577374), (0.7677305, 0.546982), (0.7554022, 0.5398921), (0.7433736, 0.53416204), (0.7318471, 0.529499), (0.720925, 0.5256696), (0.71064764, 0.52249324), (0.7010185, 0.51983213), (0.69201934, 0.51758087), (0.6836195, 0.5156588), (0.67578256, 0.5140037), (0.314858, 0.4978045), (0.30789825, 0.49870992), (0.30048054, 0.4998143), (0.29258266, 0.50117093), (0.28419003, 0.5028499), (0.27530155, 0.50494397), (0.26593885, 0.5075766), (0.25616047, 0.51091063), (0.24608444, 0.5151588), (0.23592378, 0.52058935), (0.22604306, 0.5275173), (0.21704893, 0.5362539), (0.20993361, 0.54696786), (0.20628871, 0.5594084), (0.20856358, 0.572546), (0.22017643, 0.58453363), (0.24499314, 0.59365416), (0.2857849, 0.5998411), (0.34260327, 0.604488), (0.41297314, 0.60848653), (0.49273196, 0.6121108), (0.57503235, 0.6158027), (0.65091115, 0.61915356), (0.71283615, 0.6206972), (0.75693697, 0.61862135), (0.7833748, 0.6117336), (0.79538935, 0.6007073), (0.7972614, 0.58769196), (0.79271024, 0.5747919), (0.78439796, 0.56323195), (0.7740649, 0.55342555), (0.76280373, 0.5453262), (0.75128543, 0.5387039), (0.7399129, 0.5332926), (0.72892, 0.52885), (0.71843374, 0.52517587), (0.7085145, 0.52211094), (0.69918144, 0.51953113), (0.69042826, 0.51734036), (0.68223417, 0.515464), (0.6745702, 0.51384395), (0.31603473, 0.49775296), (0.30923775, 0.4986394), (0.30201268, 0.49971738), (0.2943441, 0.5010369), (0.28622594, 0.5026631), (0.27766797, 0.50468105), (0.2687054, 0.5072024), (0.25941402, 0.5103715), (0.24993333, 0.51437235), (0.24050243, 0.51942897), (0.23151575, 0.5257909), (0.22360891, 0.53368133), (0.2177877, 0.5431752), (0.21560499, 0.5539857), (0.2193444, 0.5652338), (0.23203765, 0.57550675), (0.2569644, 0.5835848), (0.29643673, 0.58941567), (0.3505794, 0.5939211), (0.41727743, 0.59778225), (0.49253705, 0.60130936), (0.5699693, 0.60478383), (0.64156234, 0.6077991), (0.70053864, 0.60913503), (0.74337125, 0.6073594), (0.770093, 0.60161424), (0.7833782, 0.5924139), (0.7868905, 0.5813834), (0.7839595, 0.5702091), (0.7770816, 0.5599703), (0.76795834, 0.55111), (0.75769615, 0.54366827), (0.7469959, 0.5374996), (0.73629236, 0.5324027), (0.72584724, 0.52818066), (0.71581125, 0.52466345), (0.7062637, 0.52171206), (0.69723904, 0.5192159), (0.68874305, 0.5170876), (0.6807647, 0.51525867), (0.67328256, 0.51367515), (0.31727776, 0.4976994), (0.3106507, 0.49856627), (0.3036263, 0.49961725), (0.29619583, 0.50089896), (0.28836173, 0.50247175), (0.28014427, 0.50441337), (0.2715918, 0.506824), (0.26279634, 0.50983125), (0.25391707, 0.5135928), (0.24521583, 0.51829416), (0.2371111, 0.5241303), (0.23025781, 0.5312557), (0.22566083, 0.53968143), (0.22481777, 0.54911435), (0.22984274, 0.5588168), (0.24342255, 0.5677076), (0.26835445, 0.5749074), (0.30657715, 0.5803644), (0.3582205, 0.58469266), (0.42140728, 0.58841157), (0.49235728, 0.59181184), (0.565173, 0.59506375), (0.6326991, 0.5977809), (0.6888606, 0.5989575), (0.730424, 0.59746134), (0.75728166, 0.59266126), (0.771628, 0.58495426), (0.77659994, 0.5755813), (0.7751684, 0.5658952), (0.76965725, 0.55683416), (0.7617118, 0.5488427), (0.7524379, 0.5420204), (0.7425571, 0.53628796), (0.7325299, 0.5314985), (0.72264284, 0.5274951), (0.7130683, 0.52413523), (0.70390373, 0.52129877), (0.695198, 0.51888776), (0.6869691, 0.51682353), (0.6792153, 0.51504356), (0.67192304, 0.51349795), (0.31858373, 0.49764407), (0.3121331, 0.49849093), (0.30531648, 0.4995144), (0.2981318, 0.50075793), (0.29058972, 0.502277), (0.2827208, 0.5041425), (0.27458584, 0.50644416), (0.26629192, 0.50929356), (0.2580158, 0.51282537), (0.25003877, 0.51719177), (0.24279772, 0.52254283), (0.23695818, 0.52898073), (0.23351222, 0.53647465), (0.2338908, 0.54474324), (0.24004059, 0.5531746), (0.25434175, 0.560939), (0.27918935, 0.5673919), (0.31621033, 0.5724784), (0.36549857, 0.5766099), (0.42534092, 0.5801801), (0.49219307, 0.5834361), (0.56065357, 0.5864706), (0.6243377, 0.5889272), (0.67781043, 0.58998156), (0.7180981, 0.58873737), (0.74495935, 0.58472127), (0.7601794, 0.5782416), (0.76644105, 0.5702553), (0.7663879, 0.5618502), (0.7621691, 0.55383414), (0.75536144, 0.5466357), (0.74705774, 0.5403926), (0.73799145, 0.5350765), (0.72864306, 0.5305856), (0.71932065, 0.52679724), (0.71021587, 0.523594), (0.70144314, 0.52087307), (0.6930653, 0.5185483), (0.6851119, 0.5165494), (0.6775905, 0.5148195), (0.6704952, 0.5133128), (0.31994948, 0.4975872), (0.31368107, 0.49841374), (0.30707836, 0.49940938), (0.30014586, 0.50061446), (0.29290232, 0.50208), (0.28538796, 0.5038702), (0.2776754, 0.50606495), (0.26988545, 0.50876164), (0.26221037, 0.5120744), (0.25494736, 0.51612693), (0.24854656, 0.52103305), (0.2436764, 0.5268557), (0.24130663, 0.5335386), (0.24279425, 0.5408218), (0.24992411, 0.5482016), (0.26480398, 0.55503803), (0.2894897, 0.56085056), (0.32534268, 0.56558186), (0.37239915, 0.5695077), (0.42906636, 0.5729237), (0.49204382, 0.5760265), (0.55641294, 0.57885444), (0.6164795, 0.5810857), (0.6673851, 0.58204603), (0.7063909, 0.5810248), (0.73313874, 0.57766086), (0.74906415, 0.57219476), (0.7564569, 0.56537133), (0.7576624, 0.5580679), (0.75465757, 0.5509762), (0.7489412, 0.5444979), (0.7415833, 0.53879327), (0.733321, 0.53387207), (0.7246494, 0.5296689), (0.71589434, 0.526091), (0.70726484, 0.5230426), (0.69889057, 0.52043694), (0.69084775, 0.5181989), (0.6831769, 0.51626617), (0.67589474, 0.51458734), (0.66900283, 0.51312053), (0.32137161, 0.4975291), (0.31529045, 0.49833506), (0.30890688, 0.49930272), (0.30223188, 0.5004694), (0.29529184, 0.50188184), (0.28813627, 0.5035979), (0.28084865, 0.50568855), (0.27356216, 0.5082383), (0.2664824, 0.51134336), (0.2599193, 0.51510346), (0.25433105, 0.51960325), (0.25038254, 0.52487713), (0.24901387, 0.5308546), (0.25150374, 0.53730196), (0.259483, 0.543806), (0.27481732, 0.5498702), (0.2992732, 0.55513), (0.3339836, 0.55952716), (0.378918, 0.56324565), (0.4325789, 0.5665041), (0.4919086, 0.5694505), (0.5524464, 0.5720856), (0.6091156, 0.5741227), (0.65757287, 0.5750108), (0.69529474, 0.5741845), (0.7218267, 0.57136464), (0.73830676, 0.5667398), (0.7466832, 0.5608942), (0.7490306, 0.55453855), (0.7471585, 0.5482624), (0.7424821, 0.5424356), (0.73604035, 0.5372292), (0.72856665, 0.53268033), (0.72056574, 0.52875316), (0.7123775, 0.5253796), (0.7042259, 0.5224836), (0.69625473, 0.51999223), (0.6885524, 0.51784104), (0.6811698, 0.51597494), (0.67413265, 0.5143478), (0.66744953, 0.5129215), (0.32284677, 0.49746993), (0.31695715, 0.49825522), (0.31079707, 0.4991949), (0.30438367, 0.50032336), (0.2977507, 0.50168335), (0.29095638, 0.5033269), (0.28409404, 0.50531673), (0.27730787, 0.5077259), (0.27081463, 0.51063496), (0.26493365, 0.5141237), (0.26012704, 0.51825386), (0.25705025, 0.5230392), (0.25660822, 0.5284032), (0.25999963, 0.5341393), (0.26871014, 0.53990906), (0.2843899, 0.54532444), (0.30855662, 0.5501043), (0.34214535, 0.5541908), (0.38505837, 0.5577048), (0.43587935, 0.56080467), (0.49178624, 0.5635957), (0.5487452, 0.5660528), (0.6022298, 0.5679228), (0.6483553, 0.56875485), (0.68479687, 0.5680979), (0.71102476, 0.56573343), (0.7279249, 0.56180996), (0.7371486, 0.55678934), (0.74052525, 0.5512495), (0.7397039, 0.5456921), (0.73601276, 0.54045284), (0.73045295, 0.5357054), (0.7237483, 0.5315062), (0.7164082, 0.52784216), (0.7087831, 0.5246663), (0.70110977, 0.5219192), (0.69354415, 0.5195408), (0.68618613, 0.517476), (0.67909634, 0.5156767), (0.67230874, 0.5141017), (0.66583914, 0.51271653), (0.32437155, 0.49740997), (0.31867704, 0.49817458), (0.31274387, 0.49908635), (0.30659512, 0.500177), (0.3002715, 0.50148547), (0.29383913, 0.5030583), (0.28740036, 0.50495094), (0.28110898, 0.50722617), (0.27519065, 0.5099511), (0.26997125, 0.5131891), (0.26591265, 0.5169839), (0.2636564, 0.52133495), (0.26406816, 0.5261649), (0.26826656, 0.53129333), (0.27760127, 0.53644323), (0.2935306, 0.5413088), (0.3173567, 0.5456695), (0.34984306, 0.54946923), (0.39082932, 0.5527846), (0.4389725, 0.5557271), (0.4916755, 0.5583664), (0.54529756, 0.5606602), (0.5958013, 0.5623861), (0.6397095, 0.56317455), (0.67488056, 0.56266403), (0.70072967, 0.56068206), (0.7179304, 0.5573459), (0.72787577, 0.5530236), (0.73217404, 0.54818696), (0.73232174, 0.5432624), (0.7295587, 0.5385519), (0.72484344, 0.53422594), (0.7188848, 0.53035355), (0.7121923, 0.52693945), (0.70512396, 0.52395386), (0.6979267, 0.52135175), (0.69076735, 0.5190844), (0.6837559, 0.5171052), (0.6769621, 0.5153725), (0.6704278, 0.5138498), (0.6641755, 0.51250607), (0.32594255, 0.49734944), (0.320446, 0.4980934), (0.3147424, 0.4989775), (0.30886024, 0.50003093), (0.30284685, 0.5012889), (0.29677564, 0.5027933), (0.29075697, 0.50459254), (0.2849526, 0.5067406), (0.2795953, 0.50929326), (0.2750145, 0.51230013), (0.27166846, 0.51579124), (0.270181, 0.5197564), (0.27137586, 0.52412075), (0.2762927, 0.528728), (0.28615484, 0.53335106), (0.30224922, 0.5377467), (0.3256907, 0.5417395), (0.35709402, 0.54527545), (0.39624363, 0.5484001), (0.4418657, 0.55118847), (0.49157524, 0.5536814), (0.54209, 0.55582577), (0.5898065, 0.55742705), (0.631609, 0.558181), (0.66552573, 0.55779684), (0.690934, 0.55613714), (0.7083298, 0.55329514), (0.7188821, 0.5495658), (0.72399986, 0.5453363), (0.7250362, 0.540969), (0.7231429, 0.53673357), (0.71923214, 0.5327935), (0.71399355, 0.52922565), (0.7079328, 0.52604806), (0.7014122, 0.5232448), (0.6946868, 0.5207832), (0.6879325, 0.5186245), (0.6812684, 0.51672983), (0.67477256, 0.5150633), (0.6684943, 0.51359284), (0.6624624, 0.5122908), (0.32755634, 0.49728858), (0.32226, 0.498012), (0.3167876, 0.49886876), (0.3111731, 0.49988562), (0.30546966, 0.50109446), (0.2997574, 0.5025326), (0.29415357, 0.5042426), (0.2888266, 0.50627047), (0.28401434, 0.5086623), (0.28004736, 0.51145667), (0.27737722, 0.5146731), (0.276607, 0.51829535), (0.2785168, 0.52225286), (0.2840696, 0.5264111), (0.29437158, 0.5305834), (0.31055668, 0.53457457), (0.3335764, 0.5382427), (0.36391717, 0.54153657), (0.4013168, 0.54447937), (0.44456813, 0.5471182), (0.4914843, 0.5494714), (0.53910804, 0.5514794), (0.58422035, 0.5529722), (0.62402594, 0.55369854), (0.65670997, 0.55342317), (0.6816269, 0.552036), (0.6991253, 0.5496114), (0.7101799, 0.5463874), (0.71602124, 0.542683), (0.71786803, 0.5388065), (0.7167857, 0.53499734), (0.7136377, 0.53141), (0.7090908, 0.52812505), (0.70364344, 0.5251704), (0.6976595, 0.5225413), (0.69139975, 0.5202154), (0.6850477, 0.5181626), (0.67873037, 0.516351), (0.67253345, 0.51474994), (0.6665129, 0.5133316), (0.6607037, 0.5120712), (0.3292095, 0.49722755), (0.32411492, 0.49793068), (0.31887475, 0.4987605), (0.31352788, 0.49974155), (0.308133, 0.50090265), (0.3027761, 0.5022771), (0.29758042, 0.5039019), (0.29271966, 0.5058164), (0.28843483, 0.5080585), (0.2850554, 0.5106579), (0.28302374, 0.51362616), (0.28291985, 0.5169434), (0.28547946, 0.52054465), (0.29159158, 0.52431434), (0.30225435, 0.52809834), (0.318465, 0.5317388), (0.34103242, 0.53511924), (0.37033272, 0.538191), (0.40606594, 0.5409616), (0.44708997, 0.54345655), (0.4914018, 0.5456771), (0.536337, 0.54756075), (0.57901716, 0.54895854), (0.61693114, 0.54966223), (0.648409, 0.54948056), (0.6727947, 0.5483245), (0.6903151, 0.5462539), (0.70177764, 0.543462), (0.70825267, 0.54021275), (0.7108346, 0.5367688), (0.71050483, 0.533342), (0.7080767, 0.5300764), (0.70419145, 0.52705365), (0.69933724, 0.5243086), (0.69387686, 0.5218453), (0.6880748, 0.51965), (0.68212074, 0.5177001), (0.67614836, 0.5159698), (0.67025006, 0.51443344), (0.6644882, 0.5130667), (0.6589032, 0.51184785), (0.33089873, 0.49716654), (0.32600677, 0.4978496), (0.32099906, 0.498653), (0.315919, 0.49959916), (0.31083024, 0.50071406), (0.30582395, 0.5020272), (0.30102837, 0.5035711), (0.2966211, 0.505379), (0.29284477, 0.507482), (0.2900257, 0.50990266), (0.28859487, 0.51264673), (0.28910753, 0.5156925), (0.29225495, 0.5189808), (0.2988555, 0.52241266), (0.30980784, 0.52586025), (0.3259871, 0.5291946), (0.3480777, 0.53231883), (0.3763614, 0.535187), (0.41050902, 0.5377952), (0.4494419, 0.54015267), (0.49132672, 0.5422481), (0.53376234, 0.54401803), (0.5741715, 0.54533213), (0.6102955, 0.54601675), (0.6405976, 0.54591554), (0.6644215, 0.54495627), (0.6818945, 0.5431871), (0.69367975, 0.5407658), (0.7007053, 0.53791195), (0.7039504, 0.53484946), (0.70431566, 0.5317655), (0.7025641, 0.52879304), (0.6993092, 0.5260129), (0.6950262, 0.5234644), (0.6900747, 0.52115846), (0.6847209, 0.51908845), (0.67915905, 0.5172382), (0.67352855, 0.5155874), (0.66792774, 0.5141145), (0.6624245, 0.51279885), (0.6570646, 0.5116214), (0.33262065, 0.49710578), (0.32793167, 0.4977691), (0.3231559, 0.4985466), (0.318341, 0.4994588), (0.31355494, 0.5005291), (0.30889347, 0.50178367), (0.30448878, 0.5032507), (0.30052122, 0.50495857), (0.2972334, 0.5069325), (0.29494682, 0.5091895), (0.29407927, 0.511731), (0.29516017, 0.5145347), (0.29883674, 0.51754737), (0.3058604, 0.5206841), (0.31703833, 0.52383846), (0.33313677, 0.52690405), (0.35473165, 0.5297992), (0.3820243, 0.5324806), (0.41466427, 0.5349361), (0.45163476, 0.5371629), (0.4912583, 0.53914064), (0.53136986, 0.5408066), (0.56965864, 0.5420465), (0.6040899, 0.54271466), (0.63325, 0.5426825), (0.65648985, 0.5418911), (0.6738559, 0.5403795), (0.6858878, 0.53827727), (0.69338703, 0.5357677), (0.697227, 0.5330421), (0.69823134, 0.5302654), (0.6971131, 0.5275598), (0.6944562, 0.5250037), (0.69072145, 0.5226391), (0.68626267, 0.5204822), (0.6813464, 0.51853204), (0.67616993, 0.51677805), (0.67087716, 0.51520455), (0.66557163, 0.51379395), (0.66032636, 0.5125287), (0.65519166, 0.51139224), (0.334372, 0.49704534), (0.32988575, 0.49768928), (0.32534084, 0.49844158), (0.32078856, 0.49932083), (0.31630102, 0.50034815), (0.31197757, 0.50154674), (0.3079536, 0.5029411), (0.30441093, 0.50455517), (0.30159095, 0.5064096), (0.29980862, 0.5085167), (0.29946733, 0.5108751), (0.3010699, 0.5134626), (0.30522043, 0.51623166), (0.31260705, 0.5191094), (0.32395336, 0.5220068), (0.33992845, 0.52483505), (0.36101356, 0.52752453), (0.3873423, 0.53003436), (0.4185498, 0.5323467), (0.45367917, 0.53445), (0.49119586, 0.53631735), (0.529146, 0.5378881), (0.56545484, 0.5390616), (0.59828657, 0.53971505), (0.6263405, 0.53974223), (0.6489812, 0.5390945), (0.66619, 0.5378037), (0.6784008, 0.53597695), (0.686303, 0.5337677), (0.6906735, 0.53133994), (0.69226295, 0.52883893), (0.69173515, 0.5263761), (0.68964374, 0.5240266), (0.6864331, 0.5218338), (0.68244994, 0.51981765), (0.67795926, 0.517982), (0.6731601, 0.5163207), (0.6682, 0.51482224), (0.6631868, 0.51347256), (0.6581979, 0.51225686), (0.65328795, 0.5111609), (0.33614963, 0.49698544), (0.33186534, 0.4976104), (0.3275495, 0.49833807), (0.3232568, 0.49918547), (0.31906268, 0.5001715), (0.31506968, 0.5013167), (0.3114153, 0.5026424), (0.30828208, 0.50416875), (0.30590865, 0.5059125), (0.30460235, 0.5078825), (0.304751, 0.51007515), (0.30683056, 0.51246923), (0.3114033, 0.5150223), (0.3190979, 0.5176718), (0.33056158, 0.52034265), (0.34637684, 0.5229602), (0.36694273, 0.5254644), (0.39233604, 0.52781653), (0.42218328, 0.52999496), (0.4555855, 0.53198177), (0.49113873, 0.5337459), (0.52707803, 0.5352292), (0.5615374, 0.5363429), (0.5928584, 0.53698295), (0.6198439, 0.53706086), (0.64187634, 0.53653634), (0.6588856, 0.53543556), (0.6712155, 0.53384733), (0.6794563, 0.53190076), (0.6842969, 0.5297367), (0.6864196, 0.527483), (0.6864401, 0.525241), (0.6848815, 0.5230818), (0.68217045, 0.52104926), (0.6786449, 0.5191659), (0.67456686, 0.51743925), (0.67013615, 0.515867), (0.6655028, 0.51444125), (0.66077805, 0.5131509), (0.6560433, 0.5119839), (0.6513571, 0.5109279), (0.3379504, 0.4969262), (0.3338668, 0.49753258), (0.3297777, 0.4982364), (0.32574075, 0.499053), (0.3218344, 0.49999943), (0.31816348, 0.50109386), (0.3148671, 0.5023547), (0.31212717, 0.5037991), (0.31017873, 0.5054404), (0.30932042, 0.5072848), (0.30992368, 0.5093275), (0.3124377, 0.51154804), (0.31738436, 0.51390904), (0.3253367, 0.51635647), (0.33687243, 0.5188266), (0.35249704, 0.52125615), (0.37253824, 0.52359277), (0.39702544, 0.5257999), (0.42558166, 0.52785325), (0.45736367, 0.5297305), (0.4910864, 0.5313982), (0.5251538, 0.53280103), (0.5578851, 0.53386056), (0.5877796, 0.534488), (0.6137353, 0.5346093), (0.63515586, 0.5341907), (0.6519305, 0.5332539), (0.66432667, 0.53187275), (0.6728475, 0.5301565), (0.6781021, 0.52822626), (0.6807087, 0.5261946), (0.6812366, 0.5241533), (0.68017834, 0.52216935), (0.6779418, 0.52028596), (0.6748552, 0.5185276), (0.6711762, 0.5169046), (0.6671041, 0.5154178), (0.6627907, 0.5140623), (0.65835, 0.5128297), (0.6538666, 0.5117102), (0.6494025, 0.5106936), (0.3397713, 0.4968677), (0.33588663, 0.497456), (0.33202142, 0.49813664), (0.32823595, 0.49892357), (0.32461098, 0.4998321), (0.3212533, 0.5008783), (0.31830257, 0.502078), (0.31593946, 0.50344586), (0.31439438, 0.5049924), (0.31395635, 0.5067219), (0.31498012, 0.5086284), (0.31788817, 0.5106931), (0.32316384, 0.5128826), (0.33132827, 0.5151503), (0.34289598, 0.51744187), (0.35830408, 0.519703), (0.37781855, 0.5218876), (0.4014297, 0.52396107), (0.4287612, 0.5258977), (0.45902297, 0.5276722), (0.49103832, 0.5292498), (0.52336216, 0.53057855), (0.55447805, 0.5315887), (0.5830259, 0.5322041), (0.60799104, 0.5323623), (0.6288002, 0.532035), (0.64531165, 0.53124), (0.65772796, 0.5300392), (0.66647595, 0.52852523), (0.6720923, 0.52680254), (0.6751359, 0.52497035), (0.6761317, 0.52311164), (0.67554176, 0.5212889), (0.67375475, 0.51954436), (0.67108786, 0.5179035), (0.6677937, 0.5163788), (0.6640699, 0.51497376), (0.66006905, 0.51368594), (0.65590715, 0.51250947), (0.6516717, 0.5114365), (0.6474275, 0.5104585), (0.34160936, 0.49681008), (0.33792147, 0.4973808), (0.33427683, 0.49803898), (0.33073798, 0.4987974), (0.3273876, 0.49966964), (0.3243337, 0.50067), (0.32171595, 0.5018123), (0.3197129, 0.5031086), (0.3185496, 0.5045676), (0.3185048, 0.5061917), (0.31991616, 0.50797457), (0.3231801, 0.5098988), (0.32874316, 0.51193476), (0.33707833, 0.514042), (0.3486428, 0.51617384), (0.363813, 0.5182834), (0.38280168, 0.52032965), (0.40556723, 0.5222799), (0.43173724, 0.52410764), (0.4605722, 0.52578586), (0.4909941, 0.52727956), (0.5216927, 0.5285398), (0.5512976, 0.52950466), (0.5785743, 0.53010833), (0.60258806, 0.5302979), (0.62279016, 0.5300493), (0.6390154, 0.5293773), (0.6514117, 0.528334), (0.6603391, 0.52699816), (0.6662692, 0.52546006), (0.6697057, 0.52380717), (0.6711314, 0.52211446), (0.67097837, 0.52044), (0.6696159, 0.5188245), (0.6673494, 0.517294), (0.66442525, 0.5158625), (0.6610388, 0.51453555), (0.6573425, 0.51331294), (0.65345377, 0.5121908), (0.6494622, 0.5111632), (0.6454354, 0.51022303), (0.34346175, 0.4967534), (0.33996812, 0.49730703), (0.3365403, 0.49794355), (0.3332428, 0.4986745), (0.3301597, 0.4995122), (0.32739976, 0.5004691), (0.325102, 0.5015573), (0.3234422, 0.50278693), (0.3226393, 0.5041649), (0.32296133, 0.5056923), (0.32472876, 0.5073627), (0.32831272, 0.5091601), (0.3341247, 0.51105803), (0.34259328, 0.5130215), (0.3541236, 0.51500994), (0.36903858, 0.51698256), (0.387505, 0.51890254), (0.40945545, 0.5207391), (0.4345242, 0.52246535), (0.46201962, 0.5240535), (0.49095333, 0.5254688), (0.5201359, 0.5266657), (0.5483267, 0.5275887), (0.57440346, 0.52818096), (0.5975047, 0.528397), (0.6171069, 0.5282164), (0.6330278, 0.52765137), (0.6453695, 0.52674586), (0.65443355, 0.5255672), (0.6606331, 0.52419347), (0.664421, 0.5227019), (0.6662402, 0.52116024), (0.6664938, 0.519622), (0.66553116, 0.5181265), (0.66364557, 0.51669943), (0.6610764, 0.5153561), (0.65801585, 0.51410365), (0.6546156, 0.5129437), (0.6509938, 0.51187414), (0.64724183, 0.51089054), (0.6434292, 0.5099874), (0.34532577, 0.49669778), (0.3420235, 0.49723482), (0.33880842, 0.49785042), (0.33574653, 0.49855503), (0.33292305, 0.49935973), (0.33044693, 0.50027555), (0.32845595, 0.50131285), (0.3271225, 0.50248027), (0.326659, 0.5037832), (0.32732233, 0.5052219), (0.32941583, 0.50678986), (0.3332861, 0.5084723), (0.33931172, 0.5102459), (0.34788007, 0.51207995), (0.35934937, 0.51393914), (0.3739952, 0.51578754), (0.39194506, 0.517592), (0.41311085, 0.51932347), (0.43713564, 0.52095515), (0.46337286, 0.5224591), (0.49091572, 0.5238013), (0.51868284, 0.5249394), (0.5455492, 0.5258238), (0.5704932, 0.5264046), (0.5927202, 0.5266429), (0.6117323, 0.52652115), (0.627335, 0.52604926), (0.63959235, 0.5252646), (0.64875484, 0.5242248), (0.6551832, 0.52299774), (0.65928394, 0.52165157), (0.66146207, 0.5202473), (0.6620927, 0.5188344), (0.6615057, 0.51745015), (0.65998155, 0.5161201), (0.65775216, 0.51486003), (0.6550057, 0.51367855), (0.65189254, 0.5125787), (0.64853114, 0.5115599), (0.64501387, 0.51061916), (0.64141214, 0.50975215), (0.34719878, 0.49664328), (0.3440846, 0.49716422), (0.3410778, 0.49775967), (0.33824557, 0.49843907), (0.33567378, 0.4992123), (0.3334711, 0.50008917), (0.3317736, 0.5010787), (0.3307498, 0.5021881), (0.3306051, 0.50342155), (0.33158502, 0.5047786), (0.33397606, 0.50625306), (0.3381012, 0.5078312), (0.344308, 0.5094924), (0.35294595, 0.51120955), (0.36433104, 0.5129518), (0.378697, 0.5146872), (0.39613774, 0.51638573), (0.416549, 0.51801986), (0.4395841, 0.51956344), (0.46463895, 0.52098864), (0.4908809, 0.52226275), (0.5173254, 0.52334625), (0.54295063, 0.52419454), (0.566825, 0.5247641), (0.5882152, 0.5250211), (0.6066486, 0.5249501), (0.621923, 0.52455956), (0.6340706, 0.52388114), (0.64329755, 0.5229643), (0.6499179, 0.5218682), (0.6542953, 0.52065307), (0.6567997, 0.5193739), (0.6577789, 0.51807624), (0.6575439, 0.5167953), (0.65636194, 0.515556), (0.6544569, 0.5143746), (0.65201265, 0.51326066), (0.6491774, 0.5122184), (0.64606935, 0.5112485), (0.6427816, 0.5103493), (0.6393869, 0.5095175), (0.34907827, 0.49658993), (0.34614867, 0.49709535), (0.3433454, 0.49767134), (0.34073654, 0.4983266), (0.3384082, 0.4990699), (0.33646843, 0.49990994), (0.33505115, 0.50085455), (0.33432052, 0.50190973), (0.3344745, 0.5030788), (0.33574736, 0.50436085), (0.33840895, 0.5057497), (0.34275967, 0.507233), (0.34911796, 0.5087922), (0.3577986, 0.51040345), (0.36907947, 0.5120394), (0.38315755, 0.5136717), (0.4000981, 0.51527286), (0.41978446, 0.5168169), (0.44188133, 0.51827836), (0.4658245, 0.51963), (0.49084866, 0.52084047), (0.5160561, 0.5218731), (0.5405173, 0.52268785), (0.56338143, 0.5232461), (0.5839712, 0.5235185), (0.6018391, 0.5234915), (0.61677825, 0.5231721), (0.62879455, 0.5225872), (0.6380559, 0.5217795), (0.64483464, 0.52080053), (0.64945525, 0.51970375), (0.6522549, 0.5185384), (0.6535557, 0.5173467), (0.65364957, 0.51616156), (0.6527908, 0.5150072), (0.6511949, 0.51390004), (0.6490406, 0.5128502), (0.64647377, 0.51186305), (0.6436118, 0.5109403), (0.6405481, 0.5100813), (0.6373563, 0.5092838), (0.35096183, 0.49653783), (0.34821308, 0.49702817), (0.34560835, 0.4975855), (0.34321633, 0.49821764), (0.3411231, 0.49893248), (0.3394356, 0.49973768), (0.33828527, 0.5006401), (0.33783153, 0.50164473), (0.33826482, 0.5027541), (0.33980793, 0.5039669), (0.3427146, 0.5052774), (0.34726366, 0.5066741), (0.3537464, 0.50814056), (0.36244577, 0.5096555), (0.3736053, 0.51119465), (0.3873899, 0.51273257), (0.40384036, 0.5142441), (0.42283085, 0.5157045), (0.4440382, 0.5170894), (0.46693552, 0.51837236), (0.49081877, 0.5195234), (0.5148682, 0.52050865), (0.53823674, 0.52129185), (0.56014645, 0.5218389), (0.5799712, 0.5221239), (0.5972877, 0.52213496), (0.61188734, 0.52187777), (0.6237544, 0.5213754), (0.6330236, 0.5206647), (0.6399301, 0.5197907), (0.6447632, 0.5188007), (0.647829, 0.51773924), (0.64942545, 0.5166449), (0.6498259, 0.5155486), (0.64927167, 0.5144737), (0.64796966, 0.51343644), (0.64609313, 0.5124476), (0.6437851, 0.51151305), (0.6411617, 0.5106356), (0.6383162, 0.50981545), (0.6353229, 0.50905126), (0.35284722, 0.49648696), (0.35027528, 0.49696282), (0.3478639, 0.49750218), (0.34568202, 0.49811217), (0.34381542, 0.49879995), (0.3423696, 0.49957222), (0.34147307, 0.50043494), (0.34128037, 0.50139236), (0.34197414, 0.5024463), (0.34376588, 0.50359535), (0.3468937, 0.50483376), (0.35161588, 0.5061513), (0.3581985, 0.50753313), (0.36689526, 0.50896025), (0.37791914, 0.51041096), (0.3914066, 0.5118623), (0.40737805, 0.51329094), (0.42570096, 0.5146738), (0.4460648, 0.51598734), (0.46797758, 0.517206), (0.49079096, 0.5183016), (0.5137554, 0.5192426), (0.5360976, 0.51999617), (0.5571051, 0.520532), (0.57619894, 0.5208272), (0.5929791, 0.52087116), (0.60723716, 0.52066857), (0.6189401, 0.5202391), (0.6281939, 0.5196147), (0.6352008, 0.5188348), (0.64021766, 0.5179415), (0.6435225, 0.5169747), (0.6453899, 0.5159699), (0.6460755, 0.514956), (0.6458077, 0.5139553), (0.64478445, 0.512984), (0.6431736, 0.5120529), (0.64111453, 0.51116866), (0.63872194, 0.5103347), (0.63608867, 0.50955206), (0.6332893, 0.5088202)] (
                interpolation = "varying"
            )
            texCoord2f[] primvars:st = [(0, 0), (0.025, 0), (0.05, 0), (0.075, 0), (0.1, 0), (0.125, 0), (0.15, 0), (0.175, 0), (0.2, 0), (0.225, 0), (0.25, 0), (0.275, 0), (0.3, 0), (0.325, 0), (0.35, 0), (0.375, 0), (0.4, 0), (0.425, 0), (0.45, 0), (0.475, 0), (0.5, 0), (0.525, 0), (0.55, 0), (0.575, 0), (0.6, 0), (0.625, 0), (0.65, 0), (0.675, 0), (0.7, 0), (0.725, 0), (0.75, 0), (0.775, 0), (0.8, 0), (0.825, 0), (0.85, 0), (0.875, 0), (0.9, 0), (0.925, 0), (0.95, 0), (0.975, 0), (1, 0), (0, 0.025), (0.025, 0.025), (0.05, 0.025), (0.075, 0.025), (0.1, 0.025), (0.125, 0.025), (0.15, 0.025), (0.175, 0.025), (0.2, 0.025), (0.225, 0.025), (0.25, 0.025), (0.275, 0.025), (0.3, 0.025), (0.325, 0.025), (0.35, 0.025), (0.375, 0.025), (0.4, 0.025), (0.425, 0.025), (0.45, 0.025), (0.475, 0.025), (0.5, 0.025), (0.525, 0.025), (0.55, 0.025), (0.575, 0.025), (0.6, 0.025), (0.625, 0.025), (0.65, 0.025), (0.675, 0.025), (0.7, 0.025), (0.725, 0.025), (0.75, 0.025), (0.775, 0.025), (0.8, 0.025), (0.825, 0.025), (0.85, 0.025), (0.875, 0.025), (0.9, 0.025), (0.925, 0.025), (0.95, 0.025), (0.975, 0.025), (1, 0.025), (0, 0.05), (0.025, 0.05), (0.05, 0.05), (0.075, 0.05), (0.1, 0.05), (0.125, 0.05), (0.15, 0.05), (0.175, 0.05), (0.2, 0.05), (0.225, 0.05), (0.25, 0.05), (0.275, 0.05), (0.3, 0.05), (0.325, 0.05), (0.35, 0.05), (0.375, 0.05), (0.4, 0.05), (0.425, 0.05), (0.45, 0.05), (0.475, 0.05), (0.5, 0.05), (0.525, 0.05), (0.55, 0.05), (0.575, 0.05), (0.6, 0.05), (0.625, 0.05), (0.65, 0.05), (0.675, 0.05), (0.7, 0.05), (0.725, 0.05), (0.75, 0.05), (0.775, 0.05), (0.8, 0.05), (0.825, 0.05), (0.85, 0.05), (0.875, 0.05), (0.9, 0.05), (0.925, 0.05), (0.95, 0.05), (0.975, 0.05), (1, 0.05), (0, 0.075), (0.025, 0.075), (0.05, 0.075), (0.075, 0.075), (0.1, 0.075), (0.125, 0.075), (0.15, 0.075), (0.175, 0.075), (0.2, 0.075), (0.225, 0.075), (0.25, 0.075), (0.275, 0.075), (0.3, 0.075), (0.325, 0.075), (0.35, 0.075), (0.375, 0.075), (0.4, 0.075), (0.425, 0.075), (0.45, 0.075), (0.475, 0.075), (0.5, 0.075), (0.525, 0.075), (0.55, 0.075), (0.575, 0.075), (0.6, 0.075), (0.625, 0.075), (0.65, 0.075), (0.675, 0.075), (0.7, 0.075), (0.725, 0.075), (0.75, 0.075), (0.775, 0.075), (0.8, 0.075), (0.825, 0.075), (0.85, 0.075), (0.875, 0.075), (0.9, 0.075), (0.925, 0.075), (0.95, 0.075), (0.975, 0.075), (1, 0.075), (0, 0.1), (0.025, 0.1), (0.05, 0.1), (0.075, 0.1), (0.1, 0.1), (0.125, 0.1), (0.15, 0.1), (0.175, 0.1), (0.2, 0.1), (0.225, 0.1), (0.25, 0.1), (0.275, 0.1), (0.3, 0.1), (0.325, 0.1), (0.35, 0.1), (0.375, 0.1), (0.4, 0.1), (0.425, 0.1), (0.45, 0.1), (0.475, 0.1), (0.5, 0.1), (0.525, 0.1), (0.55, 0.1), (0.575, 0.1), (0.6, 0.1), (0.625, 0.1), (0.65, 0.1), (0.675, 0.1), (0.7, 0.1), (0.725, 0.1), (0.75, 0.1), (0.775, 0.1), (0.8, 0.1), (0.825, 0.1), (0.85, 0.1), (0.875, 0.1), (0.9, 0.1), (0.925, 0.1), (0.95, 0.1), (0.975, 0.1), (1, 0.1), (0, 0.125), (0.025, 0.125), (0.05, 0.125), (0.075, 0.125), (0.1, 0.125), (0.125, 0.125), (0.15, 0.125), (0.175, 0.125), (0.2, 0.125), (0.225, 0.125), (0.25, 0.125), (0.275, 0.125), (0.3, 0.125), (0.325, 0.125), (0.35, 0.125), (0.375, 0.125), (0.4, 0.125), (0.425, 0.125), (0.45, 0.125), (0.475, 0.125), (0.5, 0.125), (0.525, 0.125), (0.55, 0.125), (0.575, 0.125), (0.6, 0.125), (0.625, 0.125), (0.65, 0.125), (0.675, 0.125), (0.7, 0.125), (0.725, 0.125), (0.75, 0.125), (0.775, 0.125), (0.8, 0.125), (0.825, 0.125), (0.85, 0.125), (0.875, 0.125), (0.9, 0.125), (0.925, 0.125), (0.95, 0.125), (0.975, 0.125), (1, 0.125), (0, 0.15), (0.025, 0.15), (0.05, 0.15), (0.075, 0.15), (0.1, 0.15), (0.125, 0.15), (0.15, 0.15), (0.175, 0.15), (0.2, 0.15), (0.225, 0.15), (0.25, 0.15), (0.275, 0.15), (0.3, 0.15), (0.325, 0.15), (0.35, 0.15), (0.375, 0.15), (0.4, 0.15), (0.425, 0.15), (0.45, 0.15), (0.475, 0.15), (0.5, 0.15), (0.525, 0.15), (0.55, 0.15), (0.575, 0.15), (0.6, 0.15), (0.625, 0.15), (0.65, 0.15), (0.675, 0.15), (0.7, 0.15), (0.725, 0.15), (0.75, 0.15), (0.775, 0.15), (0.8, 0.15), (0.825, 0.15), (0.85, 0.15), (0.875, 0.15), (0.9, 0.15), (0.925, 0.15), (0.95, 0.15), (0.975, 0.15), (1, 0.15), (0, 0.175), (0.025, 0.175), (0.05, 0.175), (0.075, 0.175), (0.1, 0.175), (0.125, 0.175), (0.15, 0.175), (0.175, 0.175), (0.2, 0.175), (0.225, 0.175), (0.25, 0.175), (0.275, 0.175), (0.3, 0.175), (0.325, 0.175), (0.35, 0.175), (0.375, 0.175), (0.4, 0.175), (0.425, 0.175), (0.45, 0.175), (0.475, 0.175), (0.5, 0.175), (0.525, 0.175), (0.55, 0.175), (0.575, 0.175), (0.6, 0.175), (0.625, 0.175), (0.65, 0.175), (0.675, 0.175), (0.7, 0.175), (0.725, 0.175), (0.75, 0.175), (0.775, 0.175), (0.8, 0.175), (0.825, 0.175), (0.85, 0.175), (0.875, 0.175), (0.9, 0.175), (0.925, 0.175), (0.95, 0.175), (0.975, 0.175), (1, 0.175), (0, 0.2), (0.025, 0.2), (0.05, 0.2), (0.075, 0.2), (0.1, 0.2), (0.125, 0.2), (0.15, 0.2), (0.175, 0.2), (0.2, 0.2), (0.225, 0.2), (0.25, 0.2), (0.275, 0.2), (0.3, 0.2), (0.325, 0.2), (0.35, 0.2), (0.375, 0.2), (0.4, 0.2), (0.425, 0.2), (0.45, 0.2), (0.475, 0.2), (0.5, 0.2), (0.525, 0.2), (0.55, 0.2), (0.575, 0.2), (0.6, 0.2), (0.625, 0.2), (0.65, 0.2), (0.675, 0.2), (0.7, 0.2), (0.725, 0.2), (0.75, 0.2), (0.775, 0.2), (0.8, 0.2), (0.825, 0.2), (0.85, 0.2), (0.875, 0.2), (0.9, 0.2), (0.925, 0.2), (0.95, 0.2), (0.975, 0.2), (1, 0.2), (0, 0.225), (0.025, 0.225), (0.05, 0.225), (0.075, 0.225), (0.1, 0.225), (0.125, 0.225), (0.15, 0.225), (0.175, 0.225), (0.2, 0.225), (0.225, 0.225), (0.25, 0.225), (0.275, 0.225), (0.3, 0.225), (0.325, 0.225), (0.35, 0.225), (0.375, 0.225), (0.4, 0.225), (0.425, 0.225), (0.45, 0.225), (0.475, 0.225), (0.5, 0.225), (0.525, 0.225), (0.55, 0.225), (0.575, 0.225), (0.6, 0.225), (0.625, 0.225), (0.65, 0.225), (0.675, 0.225), (0.7, 0.225), (0.725, 0.225), (0.75, 0.225), (0.775, 0.225), (0.8, 0.225), (0.825, 0.225), (0.85, 0.225), (0.875, 0.225), (0.9, 0.225), (0.925, 0.225), (0.95, 0.225), (0.975, 0.225), (1, 0.225), (0, 0.25), (0.025, 0.25), (0.05, 0.25), (0.075, 0.25), (0.1, 0.25), (0.125, 0.25), (0.15, 0.25), (0.175, 0.25), (0.2, 0.25), (0.225, 0.25), (0.25, 0.25), (0.275, 0.25), (0.3, 0.25), (0.325, 0.25), (0.35, 0.25), (0.375, 0.25), (0.4, 0.25), (0.425, 0.25), (0.45, 0.25), (0.475, 0.25), (0.5, 0.25), (0.525, 0.25), (0.55, 0.25), (0.575, 0.25), (0.6, 0.25), (0.625, 0.25), (0.65, 0.25), (0.675, 0.25), (0.7, 0.25), (0.725, 0.25), (0.75, 0.25), (0.775, 0.25), (0.8, 0.25), (0.825, 0.25), (0.85, 0.25), (0.875, 0.25), (0.9, 0.25), (0.925, 0.25), (0.95, 0.25), (0.975, 0.25), (1, 0.25), (0, 0.275), (0.025, 0.275), (0.05, 0.275), (0.075, 0.275), (0.1, 0.275), (0.125, 0.275), (0.15, 0.275), (0.175, 0.275), (0.2, 0.275), (0.225, 0.275), (0.25, 0.275), (0.275, 0.275), (0.3, 0.275), (0.325, 0.275), (0.35, 0.275), (0.375, 0.275), (0.4, 0.275), (0.425, 0.275), (0.45, 0.275), (0.475, 0.275), (0.5, 0.275), (0.525, 0.275), (0.55, 0.275), (0.575, 0.275), (0.6, 0.275), (0.625, 0.275), (0.65, 0.275), (0.675, 0.275), (0.7, 0.275), (0.725, 0.275), (0.75, 0.275), (0.775, 0.275), (0.8, 0.275), (0.825, 0.275), (0.85, 0.275), (0.875, 0.275), (0.9, 0.275), (0.925, 0.275), (0.95, 0.275), (0.975, 0.275), (1, 0.275), (0, 0.3), (0.025, 0.3), (0.05, 0.3), (0.075, 0.3), (0.1, 0.3), (0.125, 0.3), (0.15, 0.3), (0.175, 0.3), (0.2, 0.3), (0.225, 0.3), (0.25, 0.3), (0.275, 0.3), (0.3, 0.3), (0.325, 0.3), (0.35, 0.3), (0.375, 0.3), (0.4, 0.3), (0.425, 0.3), (0.45, 0.3), (0.475, 0.3), (0.5, 0.3), (0.525, 0.3), (0.55, 0.3), (0.575, 0.3), (0.6, 0.3), (0.625, 0.3), (0.65, 0.3), (0.675, 0.3), (0.7, 0.3), (0.725, 0.3), (0.75, 0.3), (0.775, 0.3), (0.8, 0.3), (0.825, 0.3), (0.85, 0.3), (0.875, 0.3), (0.9, 0.3), (0.925, 0.3), (0.95, 0.3), (0.975, 0.3), (1, 0.3), (0, 0.325), (0.025, 0.325), (0.05, 0.325), (0.075, 0.325), (0.1, 0.325), (0.125, 0.325), (0.15, 0.325), (0.175, 0.325), (0.2, 0.325), (0.225, 0.325), (0.25, 0.325), (0.275, 0.325), (0.3, 0.325), (0.325, 0.325), (0.35, 0.325), (0.375, 0.325), (0.4, 0.325), (0.425, 0.325), (0.45, 0.325), (0.475, 0.325), (0.5, 0.325), (0.525, 0.325), (0.55, 0.325), (0.575, 0.325), (0.6, 0.325), (0.625, 0.325), (0.65, 0.325), (0.675, 0.325), (0.7, 0.325), (0.725, 0.325), (0.75, 0.325), (0.775, 0.325), (0.8, 0.325), (0.825, 0.325), (0.85, 0.325), (0.875, 0.325), (0.9, 0.325), (0.925, 0.325), (0.95, 0.325), (0.975, 0.325), (1, 0.325), (0, 0.35), (0.025, 0.35), (0.05, 0.35), (0.075, 0.35), (0.1, 0.35), (0.125, 0.35), (0.15, 0.35), (0.175, 0.35), (0.2, 0.35), (0.225, 0.35), (0.25, 0.35), (0.275, 0.35), (0.3, 0.35), (0.325, 0.35), (0.35, 0.35), (0.375, 0.35), (0.4, 0.35), (0.425, 0.35), (0.45, 0.35), (0.475, 0.35), (0.5, 0.35), (0.525, 0.35), (0.55, 0.35), (0.575, 0.35), (0.6, 0.35), (0.625, 0.35), (0.65, 0.35), (0.675, 0.35), (0.7, 0.35), (0.725, 0.35), (0.75, 0.35), (0.775, 0.35), (0.8, 0.35), (0.825, 0.35), (0.85, 0.35), (0.875, 0.35), (0.9, 0.35), (0.925, 0.35), (0.95, 0.35), (0.975, 0.35), (1, 0.35), (0, 0.375), (0.025, 0.375), (0.05, 0.375), (0.075, 0.375), (0.1, 0.375), (0.125, 0.375), (0.15, 0.375), (0.175, 0.375), (0.2, 0.375), (0.225, 0.375), (0.25, 0.375), (0.275, 0.375), (0.3, 0.375), (0.325, 0.375), (0.35, 0.375), (0.375, 0.375), (0.4, 0.375), (0.425, 0.375), (0.45, 0.375), (0.475, 0.375), (0.5, 0.375), (0.525, 0.375), (0.55, 0.375), (0.575, 0.375), (0.6, 0.375), (0.625, 0.375), (0.65, 0.375), (0.675, 0.375), (0.7, 0.375), (0.725, 0.375), (0.75, 0.375), (0.775, 0.375), (0.8, 0.375), (0.825, 0.375), (0.85, 0.375), (0.875, 0.375), (0.9, 0.375), (0.925, 0.375), (0.95, 0.375), (0.975, 0.375), (1, 0.375), (0, 0.4), (0.025, 0.4), (0.05, 0.4), (0.075, 0.4), (0.1, 0.4), (0.125, 0.4), (0.15, 0.4), (0.175, 0.4), (0.2, 0.4), (0.225, 0.4), (0.25, 0.4), (0.275, 0.4), (0.3, 0.4), (0.325, 0.4), (0.35, 0.4), (0.375, 0.4), (0.4, 0.4), (0.425, 0.4), (0.45, 0.4), (0.475, 0.4), (0.5, 0.4), (0.525, 0.4), (0.55, 0.4), (0.575, 0.4), (0.6, 0.4), (0.625, 0.4), (0.65, 0.4), (0.675, 0.4), (0.7, 0.4), (0.725, 0.4), (0.75, 0.4), (0.775, 0.4), (0.8, 0.4), (0.825, 0.4), (0.85, 0.4), (0.875, 0.4), (0.9, 0.4), (0.925, 0.4), (0.95, 0.4), (0.975, 0.4), (1, 0.4), (0, 0.425), (0.025, 0.425), (0.05, 0.425), (0.075, 0.425), (0.1, 0.425), (0.125, 0.425), (0.15, 0.425), (0.175, 0.425), (0.2, 0.425), (0.225, 0.425), (0.25, 0.425), (0.275, 0.425), (0.3, 0.425), (0.325, 0.425), (0.35, 0.425), (0.375, 0.425), (0.4, 0.425), (0.425, 0.425), (0.45, 0.425), (0.475, 0.425), (0.5, 0.425), (0.525, 0.425), (0.55, 0.425), (0.575, 0.425), (0.6, 0.425), (0.625, 0.425), (0.65, 0.425), (0.675, 0.425), (0.7, 0.425), (0.725, 0.425), (0.75, 0.425), (0.775, 0.425), (0.8, 0.425), (0.825, 0.425), (0.85, 0.425), (0.875, 0.425), (0.9, 0.425), (0.925, 0.425), (0.95, 0.425), (0.975, 0.425), (1, 0.425), (0, 0.45), (0.025, 0.45), (0.05, 0.45), (0.075, 0.45), (0.1, 0.45), (0.125, 0.45), (0.15, 0.45), (0.175, 0.45), (0.2, 0.45), (0.225, 0.45), (0.25, 0.45), (0.275, 0.45), (0.3, 0.45), (0.325, 0.45), (0.35, 0.45), (0.375, 0.45), (0.4, 0.45), (0.425, 0.45), (0.45, 0.45), (0.475, 0.45), (0.5, 0.45), (0.525, 0.45), (0.55, 0.45), (0.575, 0.45), (0.6, 0.45), (0.625, 0.45), (0.65, 0.45), (0.675, 0.45), (0.7, 0.45), (0.725, 0.45), (0.75, 0.45), (0.775, 0.45), (0.8, 0.45), (0.825, 0.45), (0.85, 0.45), (0.875, 0.45), (0.9, 0.45), (0.925, 0.45), (0.95, 0.45), (0.975, 0.45), (1, 0.45), (0, 0.475), (0.025, 0.475), (0.05, 0.475), (0.075, 0.475), (0.1, 0.475), (0.125, 0.475), (0.15, 0.475), (0.175, 0.475), (0.2, 0.475), (0.225, 0.475), (0.25, 0.475), (0.275, 0.475), (0.3, 0.475), (0.325, 0.475), (0.35, 0.475), (0.375, 0.475), (0.4, 0.475), (0.425, 0.475), (0.45, 0.475), (0.475, 0.475), (0.5, 0.475), (0.525, 0.475), (0.55, 0.475), (0.575, 0.475), (0.6, 0.475), (0.625, 0.475), (0.65, 0.475), (0.675, 0.475), (0.7, 0.475), (0.725, 0.475), (0.75, 0.475), (0.775, 0.475), (0.8, 0.475), (0.825, 0.475), (0.85, 0.475), (0.875, 0.475), (0.9, 0.475), (0.925, 0.475), (0.95, 0.475), (0.975, 0.475), (1, 0.475), (0, 0.5), (0.025, 0.5), (0.05, 0.5), (0.075, 0.5), (0.1, 0.5), (0.125, 0.5), (0.15, 0.5), (0.175, 0.5), (0.2, 0.5), (0.225, 0.5), (0.25, 0.5), (0.275, 0.5), (0.3, 0.5), (0.325, 0.5), (0.35, 0.5), (0.375, 0.5), (0.4, 0.5), (0.425, 0.5), (0.45, 0.5), (0.475, 0.5), (0.5, 0.5), (0.525, 0.5), (0.55, 0.5), (0.575, 0.5), (0.6, 0.5), (0.625, 0.5), (0.65, 0.5), (0.675, 0.5), (0.7, 0.5), (0.725, 0.5), (0.75, 0.5), (0.775, 0.5), (0.8, 0.5), (0.825, 0.5), (0.85, 0.5), (0.875, 0.5), (0.9, 0.5), (0.925, 0.5), (0.95, 0.5), (0.975, 0.5), (1, 0.5), (0, 0.525), (0.025, 0.525), (0.05, 0.525), (0.075, 0.525), (0.1, 0.525), (0.125, 0.525), (0.15, 0.525), (0.175, 0.525), (0.2, 0.525), (0.225, 0.525), (0.25, 0.525), (0.275, 0.525), (0.3, 0.525), (0.325, 0.525), (0.35, 0.525), (0.375, 0.525), (0.4, 0.525), (0.425, 0.525), (0.45, 0.525), (0.475, 0.525), (0.5, 0.525), (0.525, 0.525), (0.55, 0.525), (0.575, 0.525), (0.6, 0.525), (0.625, 0.525), (0.65, 0.525), (0.675, 0.525), (0.7, 0.525), (0.725, 0.525), (0.75, 0.525), (0.775, 0.525), (0.8, 0.525), (0.825, 0.525), (0.85, 0.525), (0.875, 0.525), (0.9, 0.525), (0.925, 0.525), (0.95, 0.525), (0.975, 0.525), (1, 0.525), (0, 0.55), (0.025, 0.55), (0.05, 0.55), (0.075, 0.55), (0.1, 0.55), (0.125, 0.55), (0.15, 0.55), (0.175, 0.55), (0.2, 0.55), (0.225, 0.55), (0.25, 0.55), (0.275, 0.55), (0.3, 0.55), (0.325, 0.55), (0.35, 0.55), (0.375, 0.55), (0.4, 0.55), (0.425, 0.55), (0.45, 0.55), (0.475, 0.55), (0.5, 0.55), (0.525, 0.55), (0.55, 0.55), (0.575, 0.55), (0.6, 0.55), (0.625, 0.55), (0.65, 0.55), (0.675, 0.55), (0.7, 0.55), (0.725, 0.55), (0.75, 0.55), (0.775, 0.55), (0.8, 0.55), (0.825, 0.55), (0.85, 0.55), (0.875, 0.55), (0.9, 0.55), (0.925, 0.55), (0.95, 0.55), (0.975, 0.55), (1, 0.55), (0, 0.575), (0.025, 0.575), (0.05, 0.575), (0.075, 0.575), (0.1, 0.575), (0.125, 0.575), (0.15, 0.575), (0.175, 0.575), (0.2, 0.575), (0.225, 0.575), (0.25, 0.575), (0.275, 0.575), (0.3, 0.575), (0.325, 0.575), (0.35, 0.575), (0.375, 0.575), (0.4, 0.575), (0.425, 0.575), (0.45, 0.575), (0.475, 0.575), (0.5, 0.575), (0.525, 0.575), (0.55, 0.575), (0.575, 0.575), (0.6, 0.575), (0.625, 0.575), (0.65, 0.575), (0.675, 0.575), (0.7, 0.575), (0.725, 0.575), (0.75, 0.575), (0.775, 0.575), (0.8, 0.575), (0.825, 0.575), (0.85, 0.575), (0.875, 0.575), (0.9, 0.575), (0.925, 0.575), (0.95, 0.575), (0.975, 0.575), (1, 0.575), (0, 0.6), (0.025, 0.6), (0.05, 0.6), (0.075, 0.6), (0.1, 0.6), (0.125, 0.6), (0.15, 0.6), (0.175, 0.6), (0.2, 0.6), (0.225, 0.6), (0.25, 0.6), (0.275, 0.6), (0.3, 0.6), (0.325, 0.6), (0.35, 0.6), (0.375, 0.6), (0.4, 0.6), (0.425, 0.6), (0.45, 0.6), (0.475, 0.6), (0.5, 0.6), (0.525, 0.6), (0.55, 0.6), (0.575, 0.6), (0.6, 0.6), (0.625, 0.6), (0.65, 0.6), (0.675, 0.6), (0.7, 0.6), (0.725, 0.6), (0.75, 0.6), (0.775, 0.6), (0.8, 0.6), (0.825, 0.6), (0.85, 0.6), (0.875, 0.6), (0.9, 0.6), (0.925, 0.6), (0.95, 0.6), (0.975, 0.6), (1, 0.6), (0, 0.625), (0.025, 0.625), (0.05, 0.625), (0.075, 0.625), (0.1, 0.625), (0.125, 0.625), (0.15, 0.625), (0.175, 0.625), (0.2, 0.625), (0.225, 0.625), (0.25, 0.625), (0.275, 0.625), (0.3, 0.625), (0.325, 0.625), (0.35, 0.625), (0.375, 0.625), (0.4, 0.625), (0.425, 0.625), (0.45, 0.625), (0.475, 0.625), (0.5, 0.625), (0.525, 0.625), (0.55, 0.625), (0.575, 0.625), (0.6, 0.625), (0.625, 0.625), (0.65, 0.625), (0.675, 0.625), (0.7, 0.625), (0.725, 0.625), (0.75, 0.625), (0.775, 0.625), (0.8, 0.625), (0.825, 0.625), (0.85, 0.625), (0.875, 0.625), (0.9, 0.625), (0.925, 0.625), (0.95, 0.625), (0.975, 0.625), (1, 0.625), (0, 0.65), (0.025, 0.65), (0.05, 0.65), (0.075, 0.65), (0.1, 0.65), (0.125, 0.65), (0.15, 0.65), (0.175, 0.65), (0.2, 0.65), (0.225, 0.65), (0.25, 0.65), (0.275, 0.65), (0.3, 0.65), (0.325, 0.65), (0.35, 0.65), (0.375, 0.65), (0.4, 0.65), (0.425, 0.65), (0.45, 0.65), (0.475, 0.65), (0.5, 0.65), (0.525, 0.65), (0.55, 0.65), (0.575, 0.65), (0.6, 0.65), (0.625, 0.65), (0.65, 0.65), (0.675, 0.65), (0.7, 0.65), (0.725, 0.65), (0.75, 0.65), (0.775, 0.65), (0.8, 0.65), (0.825, 0.65), (0.85, 0.65), (0.875, 0.65), (0.9, 0.65), (0.925, 0.65), (0.95, 0.65), (0.975, 0.65), (1, 0.65), (0, 0.675), (0.025, 0.675), (0.05, 0.675), (0.075, 0.675), (0.1, 0.675), (0.125, 0.675), (0.15, 0.675), (0.175, 0.675), (0.2, 0.675), (0.225, 0.675), (0.25, 0.675), (0.275, 0.675), (0.3, 0.675), (0.325, 0.675), (0.35, 0.675), (0.375, 0.675), (0.4, 0.675), (0.425, 0.675), (0.45, 0.675), (0.475, 0.675), (0.5, 0.675), (0.525, 0.675), (0.55, 0.675), (0.575, 0.675), (0.6, 0.675), (0.625, 0.675), (0.65, 0.675), (0.675, 0.675), (0.7, 0.675), (0.725, 0.675), (0.75, 0.675), (0.775, 0.675), (0.8, 0.675), (0.825, 0.675), (0.85, 0.675), (0.875, 0.675), (0.9, 0.675), (0.925, 0.675), (0.95, 0.675), (0.975, 0.675), (1, 0.675), (0, 0.7), (0.025, 0.7), (0.05, 0.7), (0.075, 0.7), (0.1, 0.7), (0.125, 0.7), (0.15, 0.7), (0.175, 0.7), (0.2, 0.7), (0.225, 0.7), (0.25, 0.7), (0.275, 0.7), (0.3, 0.7), (0.325, 0.7), (0.35, 0.7), (0.375, 0.7), (0.4, 0.7), (0.425, 0.7), (0.45, 0.7), (0.475, 0.7), (0.5, 0.7), (0.525, 0.7), (0.55, 0.7), (0.575, 0.7), (0.6, 0.7), (0.625, 0.7), (0.65, 0.7), (0.675, 0.7), (0.7, 0.7), (0.725, 0.7), (0.75, 0.7), (0.775, 0.7), (0.8, 0.7), (0.825, 0.7), (0.85, 0.7), (0.875, 0.7), (0.9, 0.7), (0.925, 0.7), (0.95, 0.7), (0.975, 0.7), (1, 0.7), (0, 0.725), (0.025, 0.725), (0.05, 0.725), (0.075, 0.725), (0.1, 0.725), (0.125, 0.725), (0.15, 0.725), (0.175, 0.725), (0.2, 0.725), (0.225, 0.725), (0.25, 0.725), (0.275, 0.725), (0.3, 0.725), (0.325, 0.725), (0.35, 0.725), (0.375, 0.725), (0.4, 0.725), (0.425, 0.725), (0.45, 0.725), (0.475, 0.725), (0.5, 0.725), (0.525, 0.725), (0.55, 0.725), (0.575, 0.725), (0.6, 0.725), (0.625, 0.725), (0.65, 0.725), (0.675, 0.725), (0.7, 0.725), (0.725, 0.725), (0.75, 0.725), (0.775, 0.725), (0.8, 0.725), (0.825, 0.725), (0.85, 0.725), (0.875, 0.725), (0.9, 0.725), (0.925, 0.725), (0.95, 0.725), (0.975, 0.725), (1, 0.725), (0, 0.75), (0.025, 0.75), (0.05, 0.75), (0.075, 0.75), (0.1, 0.75), (0.125, 0.75), (0.15, 0.75), (0.175, 0.75), (0.2, 0.75), (0.225, 0.75), (0.25, 0.75), (0.275, 0.75), (0.3, 0.75), (0.325, 0.75), (0.35, 0.75), (0.375, 0.75), (0.4, 0.75), (0.425, 0.75), (0.45, 0.75), (0.475, 0.75), (0.5, 0.75), (0.525, 0.75), (0.55, 0.75), (0.575, 0.75), (0.6, 0.75), (0.625, 0.75), (0.65, 0.75), (0.675, 0.75), (0.7, 0.75), (0.725, 0.75), (0.75, 0.75), (0.775, 0.75), (0.8, 0.75), (0.825, 0.75), (0.85, 0.75), (0.875, 0.75), (0.9, 0.75), (0.925, 0.75), (0.95, 0.75), (0.975, 0.75), (1, 0.75), (0, 0.775), (0.025, 0.775), (0.05, 0.775), (0.075, 0.775), (0.1, 0.775), (0.125, 0.775), (0.15, 0.775), (0.175, 0.775), (0.2, 0.775), (0.225, 0.775), (0.25, 0.775), (0.275, 0.775), (0.3, 0.775), (0.325, 0.775), (0.35, 0.775), (0.375, 0.775), (0.4, 0.775), (0.425, 0.775), (0.45, 0.775), (0.475, 0.775), (0.5, 0.775), (0.525, 0.775), (0.55, 0.775), (0.575, 0.775), (0.6, 0.775), (0.625, 0.775), (0.65, 0.775), (0.675, 0.775), (0.7, 0.775), (0.725, 0.775), (0.75, 0.775), (0.775, 0.775), (0.8, 0.775), (0.825, 0.775), (0.85, 0.775), (0.875, 0.775), (0.9, 0.775), (0.925, 0.775), (0.95, 0.775), (0.975, 0.775), (1, 0.775), (0, 0.8), (0.025, 0.8), (0.05, 0.8), (0.075, 0.8), (0.1, 0.8), (0.125, 0.8), (0.15, 0.8), (0.175, 0.8), (0.2, 0.8), (0.225, 0.8), (0.25, 0.8), (0.275, 0.8), (0.3, 0.8), (0.325, 0.8), (0.35, 0.8), (0.375, 0.8), (0.4, 0.8), (0.425, 0.8), (0.45, 0.8), (0.475, 0.8), (0.5, 0.8), (0.525, 0.8), (0.55, 0.8), (0.575, 0.8), (0.6, 0.8), (0.625, 0.8), (0.65, 0.8), (0.675, 0.8), (0.7, 0.8), (0.725, 0.8), (0.75, 0.8), (0.775, 0.8), (0.8, 0.8), (0.825, 0.8), (0.85, 0.8), (0.875, 0.8), (0.9, 0.8), (0.925, 0.8), (0.95, 0.8), (0.975, 0.8), (1, 0.8), (0, 0.825), (0.025, 0.825), (0.05, 0.825), (0.075, 0.825), (0.1, 0.825), (0.125, 0.825), (0.15, 0.825), (0.175, 0.825), (0.2, 0.825), (0.225, 0.825), (0.25, 0.825), (0.275, 0.825), (0.3, 0.825), (0.325, 0.825), (0.35, 0.825), (0.375, 0.825), (0.4, 0.825), (0.425, 0.825), (0.45, 0.825), (0.475, 0.825), (0.5, 0.825), (0.525, 0.825), (0.55, 0.825), (0.575, 0.825), (0.6, 0.825), (0.625, 0.825), (0.65, 0.825), (0.675, 0.825), (0.7, 0.825), (0.725, 0.825), (0.75, 0.825), (0.775, 0.825), (0.8, 0.825), (0.825, 0.825), (0.85, 0.825), (0.875, 0.825), (0.9, 0.825), (0.925, 0.825), (0.95, 0.825), (0.975, 0.825), (1, 0.825), (0, 0.85), (0.025, 0.85), (0.05, 0.85), (0.075, 0.85), (0.1, 0.85), (0.125, 0.85), (0.15, 0.85), (0.175, 0.85), (0.2, 0.85), (0.225, 0.85), (0.25, 0.85), (0.275, 0.85), (0.3, 0.85), (0.325, 0.85), (0.35, 0.85), (0.375, 0.85), (0.4, 0.85), (0.425, 0.85), (0.45, 0.85), (0.475, 0.85), (0.5, 0.85), (0.525, 0.85), (0.55, 0.85), (0.575, 0.85), (0.6, 0.85), (0.625, 0.85), (0.65, 0.85), (0.675, 0.85), (0.7, 0.85), (0.725, 0.85), (0.75, 0.85), (0.775, 0.85), (0.8, 0.85), (0.825, 0.85), (0.85, 0.85), (0.875, 0.85), (0.9, 0.85), (0.925, 0.85), (0.95, 0.85), (0.975, 0.85), (1, 0.85), (0, 0.875), (0.025, 0.875), (0.05, 0.875), (0.075, 0.875), (0.1, 0.875), (0.125, 0.875), (0.15, 0.875), (0.175, 0.875), (0.2, 0.875), (0.225, 0.875), (0.25, 0.875), (0.275, 0.875), (0.3, 0.875), (0.325, 0.875), (0.35, 0.875), (0.375, 0.875), (0.4, 0.875), (0.425, 0.875), (0.45, 0.875), (0.475, 0.875), (0.5, 0.875), (0.525, 0.875), (0.55, 0.875), (0.575, 0.875), (0.6, 0.875), (0.625, 0.875), (0.65, 0.875), (0.675, 0.875), (0.7, 0.875), (0.725, 0.875), (0.75, 0.875), (0.775, 0.875), (0.8, 0.875), (0.825, 0.875), (0.85, 0.875), (0.875, 0.875), (0.9, 0.875), (0.925, 0.875), (0.95, 0.875), (0.975, 0.875), (1, 0.875), (0, 0.9), (0.025, 0.9), (0.05, 0.9), (0.075, 0.9), (0.1, 0.9), (0.125, 0.9), (0.15, 0.9), (0.175, 0.9), (0.2, 0.9), (0.225, 0.9), (0.25, 0.9), (0.275, 0.9), (0.3, 0.9), (0.325, 0.9), (0.35, 0.9), (0.375, 0.9), (0.4, 0.9), (0.425, 0.9), (0.45, 0.9), (0.475, 0.9), (0.5, 0.9), (0.525, 0.9), (0.55, 0.9), (0.575, 0.9), (0.6, 0.9), (0.625, 0.9), (0.65, 0.9), (0.675, 0.9), (0.7, 0.9), (0.725, 0.9), (0.75, 0.9), (0.775, 0.9), (0.8, 0.9), (0.825, 0.9), (0.85, 0.9), (0.875, 0.9), (0.9, 0.9), (0.925, 0.9), (0.95, 0.9), (0.975, 0.9), (1, 0.9), (0, 0.925), (0.025, 0.925), (0.05, 0.925), (0.075, 0.925), (0.1, 0.925), (0.125, 0.925), (0.15, 0.925), (0.175, 0.925), (0.2, 0.925), (0.225, 0.925), (0.25, 0.925), (0.275, 0.925), (0.3, 0.925), (0.325, 0.925), (0.35, 0.925), (0.375, 0.925), (0.4, 0.925), (0.425, 0.925), (0.45, 0.925), (0.475, 0.925), (0.5, 0.925), (0.525, 0.925), (0.55, 0.925), (0.575, 0.925), (0.6, 0.925), (0.625, 0.925), (0.65, 0.925), (0.675, 0.925), (0.7, 0.925), (0.725, 0.925), (0.75, 0.925), (0.775, 0.925), (0.8, 0.925), (0.825, 0.925), (0.85, 0.925), (0.875, 0.925), (0.9, 0.925), (0.925, 0.925), (0.95, 0.925), (0.975, 0.925), (1, 0.925), (0, 0.95), (0.025, 0.95), (0.05, 0.95), (0.075, 0.95), (0.1, 0.95), (0.125, 0.95), (0.15, 0.95), (0.175, 0.95), (0.2, 0.95), (0.225, 0.95), (0.25, 0.95), (0.275, 0.95), (0.3, 0.95), (0.325, 0.95), (0.35, 0.95), (0.375, 0.95), (0.4, 0.95), (0.425, 0.95), (0.45, 0.95), (0.475, 0.95), (0.5, 0.95), (0.525, 0.95), (0.55, 0.95), (0.575, 0.95), (0.6, 0.95), (0.625, 0.95), (0.65, 0.95), (0.675, 0.95), (0.7, 0.95), (0.725, 0.95), (0.75, 0.95), (0.775, 0.95), (0.8, 0.95), (0.825, 0.95), (0.85, 0.95), (0.875, 0.95), (0.9, 0.95), (0.925, 0.95), (0.95, 0.95), (0.975, 0.95), (1, 0.95), (0, 0.975), (0.025, 0.975), (0.05, 0.975), (0.075, 0.975), (0.1, 0.975), (0.125, 0.975), (0.15, 0.975), (0.175, 0.975), (0.2, 0.975), (0.225, 0.975), (0.25, 0.975), (0.275, 0.975), (0.3, 0.975), (0.325, 0.975), (0.35, 0.975), (0.375, 0.975), (0.4, 0.975), (0.425, 0.975), (0.45, 0.975), (0.475, 0.975), (0.5, 0.975), (0.525, 0.975), (0.55, 0.975), (0.575, 0.975), (0.6, 0.975), (0.625, 0.975), (0.65, 0.975), (0.675, 0.975), (0.7, 0.975), (0.725, 0.975), (0.75, 0.975), (0.775, 0.975), (0.8, 0.975), (0.825, 0.975), (0.85, 0.975), (0.875, 0.975), (0.9, 0.975), (0.925, 0.975), (0.95, 0.975), (0.975, 0.975), (1, 0.975), (0, 1), (0.025, 1), (0.05, 1), (0.075, 1), (0.1, 1), (0.125, 1), (0.15, 1), (0.175, 1), (0.2, 1), (0.225, 1), (0.25, 1), (0.275, 1), (0.3, 1), (0.325, 1), (0.35, 1), (0.375, 1), (0.4, 1), (0.425, 1), (0.45, 1), (0.475, 1), (0.5, 1), (0.525, 1), (0.55, 1), (0.575, 1), (0.6, 1), (0.625, 1), (0.65, 1), (0.675, 1), (0.7, 1), (0.725, 1), (0.75, 1), (0.775, 1), (0.8, 1), (0.825, 1), (0.85, 1), (0.875, 1), (0.9, 1), (0.925, 1), (0.95, 1), (0.975, 1), (1, 1)] (
                interpolation = "vertex"
            )
            texCoord2f[] primvars:UVChannel_1 = [(0, 0), (0.025, 0), (0.05, 0), (0.075, 0), (0.1, 0), (0.125, 0), (0.15, 0), (0.175, 0), (0.2, 0), (0.225, 0), (0.25, 0), (0.275, 0), (0.3, 0), (0.325, 0), (0.35, 0), (0.375, 0), (0.4, 0), (0.425, 0), (0.45, 0), (0.475, 0), (0.5, 0), (0.525, 0), (0.55, 0), (0.575, 0), (0.6, 0), (0.625, 0), (0.65, 0), (0.675, 0), (0.7, 0), (0.725, 0), (0.75, 0), (0.775, 0), (0.8, 0), (0.825, 0), (0.85, 0), (0.875, 0), (0.9, 0), (0.925, 0), (0.95, 0), (0.975, 0), (1, 0), (0, 0.025), (0.025, 0.025), (0.05, 0.025), (0.075, 0.025), (0.1, 0.025), (0.125, 0.025), (0.15, 0.025), (0.175, 0.025), (0.2, 0.025), (0.225, 0.025), (0.25, 0.025), (0.275, 0.025), (0.3, 0.025), (0.325, 0.025), (0.35, 0.025), (0.375, 0.025), (0.4, 0.025), (0.425, 0.025), (0.45, 0.025), (0.475, 0.025), (0.5, 0.025), (0.525, 0.025), (0.55, 0.025), (0.575, 0.025), (0.6, 0.025), (0.625, 0.025), (0.65, 0.025), (0.675, 0.025), (0.7, 0.025), (0.725, 0.025), (0.75, 0.025), (0.775, 0.025), (0.8, 0.025), (0.825, 0.025), (0.85, 0.025), (0.875, 0.025), (0.9, 0.025), (0.925, 0.025), (0.95, 0.025), (0.975, 0.025), (1, 0.025), (0, 0.05), (0.025, 0.05), (0.05, 0.05), (0.075, 0.05), (0.1, 0.05), (0.125, 0.05), (0.15, 0.05), (0.175, 0.05), (0.2, 0.05), (0.225, 0.05), (0.25, 0.05), (0.275, 0.05), (0.3, 0.05), (0.325, 0.05), (0.35, 0.05), (0.375, 0.05), (0.4, 0.05), (0.425, 0.05), (0.45, 0.05), (0.475, 0.05), (0.5, 0.05), (0.525, 0.05), (0.55, 0.05), (0.575, 0.05), (0.6, 0.05), (0.625, 0.05), (0.65, 0.05), (0.675, 0.05), (0.7, 0.05), (0.725, 0.05), (0.75, 0.05), (0.775, 0.05), (0.8, 0.05), (0.825, 0.05), (0.85, 0.05), (0.875, 0.05), (0.9, 0.05), (0.925, 0.05), (0.95, 0.05), (0.975, 0.05), (1, 0.05), (0, 0.075), (0.025, 0.075), (0.05, 0.075), (0.075, 0.075), (0.1, 0.075), (0.125, 0.075), (0.15, 0.075), (0.175, 0.075), (0.2, 0.075), (0.225, 0.075), (0.25, 0.075), (0.275, 0.075), (0.3, 0.075), (0.325, 0.075), (0.35, 0.075), (0.375, 0.075), (0.4, 0.075), (0.425, 0.075), (0.45, 0.075), (0.475, 0.075), (0.5, 0.075), (0.525, 0.075), (0.55, 0.075), (0.575, 0.075), (0.6, 0.075), (0.625, 0.075), (0.65, 0.075), (0.675, 0.075), (0.7, 0.075), (0.725, 0.075), (0.75, 0.075), (0.775, 0.075), (0.8, 0.075), (0.825, 0.075), (0.85, 0.075), (0.875, 0.075), (0.9, 0.075), (0.925, 0.075), (0.95, 0.075), (0.975, 0.075), (1, 0.075), (0, 0.1), (0.025, 0.1), (0.05, 0.1), (0.075, 0.1), (0.1, 0.1), (0.125, 0.1), (0.15, 0.1), (0.175, 0.1), (0.2, 0.1), (0.225, 0.1), (0.25, 0.1), (0.275, 0.1), (0.3, 0.1), (0.325, 0.1), (0.35, 0.1), (0.375, 0.1), (0.4, 0.1), (0.425, 0.1), (0.45, 0.1), (0.475, 0.1), (0.5, 0.1), (0.525, 0.1), (0.55, 0.1), (0.575, 0.1), (0.6, 0.1), (0.625, 0.1), (0.65, 0.1), (0.675, 0.1), (0.7, 0.1), (0.725, 0.1), (0.75, 0.1), (0.775, 0.1), (0.8, 0.1), (0.825, 0.1), (0.85, 0.1), (0.875, 0.1), (0.9, 0.1), (0.925, 0.1), (0.95, 0.1), (0.975, 0.1), (1, 0.1), (0, 0.125), (0.025, 0.125), (0.05, 0.125), (0.075, 0.125), (0.1, 0.125), (0.125, 0.125), (0.15, 0.125), (0.175, 0.125), (0.2, 0.125), (0.225, 0.125), (0.25, 0.125), (0.275, 0.125), (0.3, 0.125), (0.325, 0.125), (0.35, 0.125), (0.375, 0.125), (0.4, 0.125), (0.425, 0.125), (0.45, 0.125), (0.475, 0.125), (0.5, 0.125), (0.525, 0.125), (0.55, 0.125), (0.575, 0.125), (0.6, 0.125), (0.625, 0.125), (0.65, 0.125), (0.675, 0.125), (0.7, 0.125), (0.725, 0.125), (0.75, 0.125), (0.775, 0.125), (0.8, 0.125), (0.825, 0.125), (0.85, 0.125), (0.875, 0.125), (0.9, 0.125), (0.925, 0.125), (0.95, 0.125), (0.975, 0.125), (1, 0.125), (0, 0.15), (0.025, 0.15), (0.05, 0.15), (0.075, 0.15), (0.1, 0.15), (0.125, 0.15), (0.15, 0.15), (0.175, 0.15), (0.2, 0.15), (0.225, 0.15), (0.25, 0.15), (0.275, 0.15), (0.3, 0.15), (0.325, 0.15), (0.35, 0.15), (0.375, 0.15), (0.4, 0.15), (0.425, 0.15), (0.45, 0.15), (0.475, 0.15), (0.5, 0.15), (0.525, 0.15), (0.55, 0.15), (0.575, 0.15), (0.6, 0.15), (0.625, 0.15), (0.65, 0.15), (0.675, 0.15), (0.7, 0.15), (0.725, 0.15), (0.75, 0.15), (0.775, 0.15), (0.8, 0.15), (0.825, 0.15), (0.85, 0.15), (0.875, 0.15), (0.9, 0.15), (0.925, 0.15), (0.95, 0.15), (0.975, 0.15), (1, 0.15), (0, 0.175), (0.025, 0.175), (0.05, 0.175), (0.075, 0.175), (0.1, 0.175), (0.125, 0.175), (0.15, 0.175), (0.175, 0.175), (0.2, 0.175), (0.225, 0.175), (0.25, 0.175), (0.275, 0.175), (0.3, 0.175), (0.325, 0.175), (0.35, 0.175), (0.375, 0.175), (0.4, 0.175), (0.425, 0.175), (0.45, 0.175), (0.475, 0.175), (0.5, 0.175), (0.525, 0.175), (0.55, 0.175), (0.575, 0.175), (0.6, 0.175), (0.625, 0.175), (0.65, 0.175), (0.675, 0.175), (0.7, 0.175), (0.725, 0.175), (0.75, 0.175), (0.775, 0.175), (0.8, 0.175), (0.825, 0.175), (0.85, 0.175), (0.875, 0.175), (0.9, 0.175), (0.925, 0.175), (0.95, 0.175), (0.975, 0.175), (1, 0.175), (0, 0.2), (0.025, 0.2), (0.05, 0.2), (0.075, 0.2), (0.1, 0.2), (0.125, 0.2), (0.15, 0.2), (0.175, 0.2), (0.2, 0.2), (0.225, 0.2), (0.25, 0.2), (0.275, 0.2), (0.3, 0.2), (0.325, 0.2), (0.35, 0.2), (0.375, 0.2), (0.4, 0.2), (0.425, 0.2), (0.45, 0.2), (0.475, 0.2), (0.5, 0.2), (0.525, 0.2), (0.55, 0.2), (0.575, 0.2), (0.6, 0.2), (0.625, 0.2), (0.65, 0.2), (0.675, 0.2), (0.7, 0.2), (0.725, 0.2), (0.75, 0.2), (0.775, 0.2), (0.8, 0.2), (0.825, 0.2), (0.85, 0.2), (0.875, 0.2), (0.9, 0.2), (0.925, 0.2), (0.95, 0.2), (0.975, 0.2), (1, 0.2), (0, 0.225), (0.025, 0.225), (0.05, 0.225), (0.075, 0.225), (0.1, 0.225), (0.125, 0.225), (0.15, 0.225), (0.175, 0.225), (0.2, 0.225), (0.225, 0.225), (0.25, 0.225), (0.275, 0.225), (0.3, 0.225), (0.325, 0.225), (0.35, 0.225), (0.375, 0.225), (0.4, 0.225), (0.425, 0.225), (0.45, 0.225), (0.475, 0.225), (0.5, 0.225), (0.525, 0.225), (0.55, 0.225), (0.575, 0.225), (0.6, 0.225), (0.625, 0.225), (0.65, 0.225), (0.675, 0.225), (0.7, 0.225), (0.725, 0.225), (0.75, 0.225), (0.775, 0.225), (0.8, 0.225), (0.825, 0.225), (0.85, 0.225), (0.875, 0.225), (0.9, 0.225), (0.925, 0.225), (0.95, 0.225), (0.975, 0.225), (1, 0.225), (0, 0.25), (0.025, 0.25), (0.05, 0.25), (0.075, 0.25), (0.1, 0.25), (0.125, 0.25), (0.15, 0.25), (0.175, 0.25), (0.2, 0.25), (0.225, 0.25), (0.25, 0.25), (0.275, 0.25), (0.3, 0.25), (0.325, 0.25), (0.35, 0.25), (0.375, 0.25), (0.4, 0.25), (0.425, 0.25), (0.45, 0.25), (0.475, 0.25), (0.5, 0.25), (0.525, 0.25), (0.55, 0.25), (0.575, 0.25), (0.6, 0.25), (0.625, 0.25), (0.65, 0.25), (0.675, 0.25), (0.7, 0.25), (0.725, 0.25), (0.75, 0.25), (0.775, 0.25), (0.8, 0.25), (0.825, 0.25), (0.85, 0.25), (0.875, 0.25), (0.9, 0.25), (0.925, 0.25), (0.95, 0.25), (0.975, 0.25), (1, 0.25), (0, 0.275), (0.025, 0.275), (0.05, 0.275), (0.075, 0.275), (0.1, 0.275), (0.125, 0.275), (0.15, 0.275), (0.175, 0.275), (0.2, 0.275), (0.225, 0.275), (0.25, 0.275), (0.275, 0.275), (0.3, 0.275), (0.325, 0.275), (0.35, 0.275), (0.375, 0.275), (0.4, 0.275), (0.425, 0.275), (0.45, 0.275), (0.475, 0.275), (0.5, 0.275), (0.525, 0.275), (0.55, 0.275), (0.575, 0.275), (0.6, 0.275), (0.625, 0.275), (0.65, 0.275), (0.675, 0.275), (0.7, 0.275), (0.725, 0.275), (0.75, 0.275), (0.775, 0.275), (0.8, 0.275), (0.825, 0.275), (0.85, 0.275), (0.875, 0.275), (0.9, 0.275), (0.925, 0.275), (0.95, 0.275), (0.975, 0.275), (1, 0.275), (0, 0.3), (0.025, 0.3), (0.05, 0.3), (0.075, 0.3), (0.1, 0.3), (0.125, 0.3), (0.15, 0.3), (0.175, 0.3), (0.2, 0.3), (0.225, 0.3), (0.25, 0.3), (0.275, 0.3), (0.3, 0.3), (0.325, 0.3), (0.35, 0.3), (0.375, 0.3), (0.4, 0.3), (0.425, 0.3), (0.45, 0.3), (0.475, 0.3), (0.5, 0.3), (0.525, 0.3), (0.55, 0.3), (0.575, 0.3), (0.6, 0.3), (0.625, 0.3), (0.65, 0.3), (0.675, 0.3), (0.7, 0.3), (0.725, 0.3), (0.75, 0.3), (0.775, 0.3), (0.8, 0.3), (0.825, 0.3), (0.85, 0.3), (0.875, 0.3), (0.9, 0.3), (0.925, 0.3), (0.95, 0.3), (0.975, 0.3), (1, 0.3), (0, 0.325), (0.025, 0.325), (0.05, 0.325), (0.075, 0.325), (0.1, 0.325), (0.125, 0.325), (0.15, 0.325), (0.175, 0.325), (0.2, 0.325), (0.225, 0.325), (0.25, 0.325), (0.275, 0.325), (0.3, 0.325), (0.325, 0.325), (0.35, 0.325), (0.375, 0.325), (0.4, 0.325), (0.425, 0.325), (0.45, 0.325), (0.475, 0.325), (0.5, 0.325), (0.525, 0.325), (0.55, 0.325), (0.575, 0.325), (0.6, 0.325), (0.625, 0.325), (0.65, 0.325), (0.675, 0.325), (0.7, 0.325), (0.725, 0.325), (0.75, 0.325), (0.775, 0.325), (0.8, 0.325), (0.825, 0.325), (0.85, 0.325), (0.875, 0.325), (0.9, 0.325), (0.925, 0.325), (0.95, 0.325), (0.975, 0.325), (1, 0.325), (0, 0.35), (0.025, 0.35), (0.05, 0.35), (0.075, 0.35), (0.1, 0.35), (0.125, 0.35), (0.15, 0.35), (0.175, 0.35), (0.2, 0.35), (0.225, 0.35), (0.25, 0.35), (0.275, 0.35), (0.3, 0.35), (0.325, 0.35), (0.35, 0.35), (0.375, 0.35), (0.4, 0.35), (0.425, 0.35), (0.45, 0.35), (0.475, 0.35), (0.5, 0.35), (0.525, 0.35), (0.55, 0.35), (0.575, 0.35), (0.6, 0.35), (0.625, 0.35), (0.65, 0.35), (0.675, 0.35), (0.7, 0.35), (0.725, 0.35), (0.75, 0.35), (0.775, 0.35), (0.8, 0.35), (0.825, 0.35), (0.85, 0.35), (0.875, 0.35), (0.9, 0.35), (0.925, 0.35), (0.95, 0.35), (0.975, 0.35), (1, 0.35), (0, 0.375), (0.025, 0.375), (0.05, 0.375), (0.075, 0.375), (0.1, 0.375), (0.125, 0.375), (0.15, 0.375), (0.175, 0.375), (0.2, 0.375), (0.225, 0.375), (0.25, 0.375), (0.275, 0.375), (0.3, 0.375), (0.325, 0.375), (0.35, 0.375), (0.375, 0.375), (0.4, 0.375), (0.425, 0.375), (0.45, 0.375), (0.475, 0.375), (0.5, 0.375), (0.525, 0.375), (0.55, 0.375), (0.575, 0.375), (0.6, 0.375), (0.625, 0.375), (0.65, 0.375), (0.675, 0.375), (0.7, 0.375), (0.725, 0.375), (0.75, 0.375), (0.775, 0.375), (0.8, 0.375), (0.825, 0.375), (0.85, 0.375), (0.875, 0.375), (0.9, 0.375), (0.925, 0.375), (0.95, 0.375), (0.975, 0.375), (1, 0.375), (0, 0.4), (0.025, 0.4), (0.05, 0.4), (0.075, 0.4), (0.1, 0.4), (0.125, 0.4), (0.15, 0.4), (0.175, 0.4), (0.2, 0.4), (0.225, 0.4), (0.25, 0.4), (0.275, 0.4), (0.3, 0.4), (0.325, 0.4), (0.35, 0.4), (0.375, 0.4), (0.4, 0.4), (0.425, 0.4), (0.45, 0.4), (0.475, 0.4), (0.5, 0.4), (0.525, 0.4), (0.55, 0.4), (0.575, 0.4), (0.6, 0.4), (0.625, 0.4), (0.65, 0.4), (0.675, 0.4), (0.7, 0.4), (0.725, 0.4), (0.75, 0.4), (0.775, 0.4), (0.8, 0.4), (0.825, 0.4), (0.85, 0.4), (0.875, 0.4), (0.9, 0.4), (0.925, 0.4), (0.95, 0.4), (0.975, 0.4), (1, 0.4), (0, 0.425), (0.025, 0.425), (0.05, 0.425), (0.075, 0.425), (0.1, 0.425), (0.125, 0.425), (0.15, 0.425), (0.175, 0.425), (0.2, 0.425), (0.225, 0.425), (0.25, 0.425), (0.275, 0.425), (0.3, 0.425), (0.325, 0.425), (0.35, 0.425), (0.375, 0.425), (0.4, 0.425), (0.425, 0.425), (0.45, 0.425), (0.475, 0.425), (0.5, 0.425), (0.525, 0.425), (0.55, 0.425), (0.575, 0.425), (0.6, 0.425), (0.625, 0.425), (0.65, 0.425), (0.675, 0.425), (0.7, 0.425), (0.725, 0.425), (0.75, 0.425), (0.775, 0.425), (0.8, 0.425), (0.825, 0.425), (0.85, 0.425), (0.875, 0.425), (0.9, 0.425), (0.925, 0.425), (0.95, 0.425), (0.975, 0.425), (1, 0.425), (0, 0.45), (0.025, 0.45), (0.05, 0.45), (0.075, 0.45), (0.1, 0.45), (0.125, 0.45), (0.15, 0.45), (0.175, 0.45), (0.2, 0.45), (0.225, 0.45), (0.25, 0.45), (0.275, 0.45), (0.3, 0.45), (0.325, 0.45), (0.35, 0.45), (0.375, 0.45), (0.4, 0.45), (0.425, 0.45), (0.45, 0.45), (0.475, 0.45), (0.5, 0.45), (0.525, 0.45), (0.55, 0.45), (0.575, 0.45), (0.6, 0.45), (0.625, 0.45), (0.65, 0.45), (0.675, 0.45), (0.7, 0.45), (0.725, 0.45), (0.75, 0.45), (0.775, 0.45), (0.8, 0.45), (0.825, 0.45), (0.85, 0.45), (0.875, 0.45), (0.9, 0.45), (0.925, 0.45), (0.95, 0.45), (0.975, 0.45), (1, 0.45), (0, 0.475), (0.025, 0.475), (0.05, 0.475), (0.075, 0.475), (0.1, 0.475), (0.125, 0.475), (0.15, 0.475), (0.175, 0.475), (0.2, 0.475), (0.225, 0.475), (0.25, 0.475), (0.275, 0.475), (0.3, 0.475), (0.325, 0.475), (0.35, 0.475), (0.375, 0.475), (0.4, 0.475), (0.425, 0.475), (0.45, 0.475), (0.475, 0.475), (0.5, 0.475), (0.525, 0.475), (0.55, 0.475), (0.575, 0.475), (0.6, 0.475), (0.625, 0.475), (0.65, 0.475), (0.675, 0.475), (0.7, 0.475), (0.725, 0.475), (0.75, 0.475), (0.775, 0.475), (0.8, 0.475), (0.825, 0.475), (0.85, 0.475), (0.875, 0.475), (0.9, 0.475), (0.925, 0.475), (0.95, 0.475), (0.975, 0.475), (1, 0.475), (0, 0.5), (0.025, 0.5), (0.05, 0.5), (0.075, 0.5), (0.1, 0.5), (0.125, 0.5), (0.15, 0.5), (0.175, 0.5), (0.2, 0.5), (0.225, 0.5), (0.25, 0.5), (0.275, 0.5), (0.3, 0.5), (0.325, 0.5), (0.35, 0.5), (0.375, 0.5), (0.4, 0.5), (0.425, 0.5), (0.45, 0.5), (0.475, 0.5), (0.5, 0.5), (0.525, 0.5), (0.55, 0.5), (0.575, 0.5), (0.6, 0.5), (0.625, 0.5), (0.65, 0.5), (0.675, 0.5), (0.7, 0.5), (0.725, 0.5), (0.75, 0.5), (0.775, 0.5), (0.8, 0.5), (0.825, 0.5), (0.85, 0.5), (0.875, 0.5), (0.9, 0.5), (0.925, 0.5), (0.95, 0.5), (0.975, 0.5), (1, 0.5), (0, 0.525), (0.025, 0.525), (0.05, 0.525), (0.075, 0.525), (0.1, 0.525), (0.125, 0.525), (0.15, 0.525), (0.175, 0.525), (0.2, 0.525), (0.225, 0.525), (0.25, 0.525), (0.275, 0.525), (0.3, 0.525), (0.325, 0.525), (0.35, 0.525), (0.375, 0.525), (0.4, 0.525), (0.425, 0.525), (0.45, 0.525), (0.475, 0.525), (0.5, 0.525), (0.525, 0.525), (0.55, 0.525), (0.575, 0.525), (0.6, 0.525), (0.625, 0.525), (0.65, 0.525), (0.675, 0.525), (0.7, 0.525), (0.725, 0.525), (0.75, 0.525), (0.775, 0.525), (0.8, 0.525), (0.825, 0.525), (0.85, 0.525), (0.875, 0.525), (0.9, 0.525), (0.925, 0.525), (0.95, 0.525), (0.975, 0.525), (1, 0.525), (0, 0.55), (0.025, 0.55), (0.05, 0.55), (0.075, 0.55), (0.1, 0.55), (0.125, 0.55), (0.15, 0.55), (0.175, 0.55), (0.2, 0.55), (0.225, 0.55), (0.25, 0.55), (0.275, 0.55), (0.3, 0.55), (0.325, 0.55), (0.35, 0.55), (0.375, 0.55), (0.4, 0.55), (0.425, 0.55), (0.45, 0.55), (0.475, 0.55), (0.5, 0.55), (0.525, 0.55), (0.55, 0.55), (0.575, 0.55), (0.6, 0.55), (0.625, 0.55), (0.65, 0.55), (0.675, 0.55), (0.7, 0.55), (0.725, 0.55), (0.75, 0.55), (0.775, 0.55), (0.8, 0.55), (0.825, 0.55), (0.85, 0.55), (0.875, 0.55), (0.9, 0.55), (0.925, 0.55), (0.95, 0.55), (0.975, 0.55), (1, 0.55), (0, 0.575), (0.025, 0.575), (0.05, 0.575), (0.075, 0.575), (0.1, 0.575), (0.125, 0.575), (0.15, 0.575), (0.175, 0.575), (0.2, 0.575), (0.225, 0.575), (0.25, 0.575), (0.275, 0.575), (0.3, 0.575), (0.325, 0.575), (0.35, 0.575), (0.375, 0.575), (0.4, 0.575), (0.425, 0.575), (0.45, 0.575), (0.475, 0.575), (0.5, 0.575), (0.525, 0.575), (0.55, 0.575), (0.575, 0.575), (0.6, 0.575), (0.625, 0.575), (0.65, 0.575), (0.675, 0.575), (0.7, 0.575), (0.725, 0.575), (0.75, 0.575), (0.775, 0.575), (0.8, 0.575), (0.825, 0.575), (0.85, 0.575), (0.875, 0.575), (0.9, 0.575), (0.925, 0.575), (0.95, 0.575), (0.975, 0.575), (1, 0.575), (0, 0.6), (0.025, 0.6), (0.05, 0.6), (0.075, 0.6), (0.1, 0.6), (0.125, 0.6), (0.15, 0.6), (0.175, 0.6), (0.2, 0.6), (0.225, 0.6), (0.25, 0.6), (0.275, 0.6), (0.3, 0.6), (0.325, 0.6), (0.35, 0.6), (0.375, 0.6), (0.4, 0.6), (0.425, 0.6), (0.45, 0.6), (0.475, 0.6), (0.5, 0.6), (0.525, 0.6), (0.55, 0.6), (0.575, 0.6), (0.6, 0.6), (0.625, 0.6), (0.65, 0.6), (0.675, 0.6), (0.7, 0.6), (0.725, 0.6), (0.75, 0.6), (0.775, 0.6), (0.8, 0.6), (0.825, 0.6), (0.85, 0.6), (0.875, 0.6), (0.9, 0.6), (0.925, 0.6), (0.95, 0.6), (0.975, 0.6), (1, 0.6), (0, 0.625), (0.025, 0.625), (0.05, 0.625), (0.075, 0.625), (0.1, 0.625), (0.125, 0.625), (0.15, 0.625), (0.175, 0.625), (0.2, 0.625), (0.225, 0.625), (0.25, 0.625), (0.275, 0.625), (0.3, 0.625), (0.325, 0.625), (0.35, 0.625), (0.375, 0.625), (0.4, 0.625), (0.425, 0.625), (0.45, 0.625), (0.475, 0.625), (0.5, 0.625), (0.525, 0.625), (0.55, 0.625), (0.575, 0.625), (0.6, 0.625), (0.625, 0.625), (0.65, 0.625), (0.675, 0.625), (0.7, 0.625), (0.725, 0.625), (0.75, 0.625), (0.775, 0.625), (0.8, 0.625), (0.825, 0.625), (0.85, 0.625), (0.875, 0.625), (0.9, 0.625), (0.925, 0.625), (0.95, 0.625), (0.975, 0.625), (1, 0.625), (0, 0.65), (0.025, 0.65), (0.05, 0.65), (0.075, 0.65), (0.1, 0.65), (0.125, 0.65), (0.15, 0.65), (0.175, 0.65), (0.2, 0.65), (0.225, 0.65), (0.25, 0.65), (0.275, 0.65), (0.3, 0.65), (0.325, 0.65), (0.35, 0.65), (0.375, 0.65), (0.4, 0.65), (0.425, 0.65), (0.45, 0.65), (0.475, 0.65), (0.5, 0.65), (0.525, 0.65), (0.55, 0.65), (0.575, 0.65), (0.6, 0.65), (0.625, 0.65), (0.65, 0.65), (0.675, 0.65), (0.7, 0.65), (0.725, 0.65), (0.75, 0.65), (0.775, 0.65), (0.8, 0.65), (0.825, 0.65), (0.85, 0.65), (0.875, 0.65), (0.9, 0.65), (0.925, 0.65), (0.95, 0.65), (0.975, 0.65), (1, 0.65), (0, 0.675), (0.025, 0.675), (0.05, 0.675), (0.075, 0.675), (0.1, 0.675), (0.125, 0.675), (0.15, 0.675), (0.175, 0.675), (0.2, 0.675), (0.225, 0.675), (0.25, 0.675), (0.275, 0.675), (0.3, 0.675), (0.325, 0.675), (0.35, 0.675), (0.375, 0.675), (0.4, 0.675), (0.425, 0.675), (0.45, 0.675), (0.475, 0.675), (0.5, 0.675), (0.525, 0.675), (0.55, 0.675), (0.575, 0.675), (0.6, 0.675), (0.625, 0.675), (0.65, 0.675), (0.675, 0.675), (0.7, 0.675), (0.725, 0.675), (0.75, 0.675), (0.775, 0.675), (0.8, 0.675), (0.825, 0.675), (0.85, 0.675), (0.875, 0.675), (0.9, 0.675), (0.925, 0.675), (0.95, 0.675), (0.975, 0.675), (1, 0.675), (0, 0.7), (0.025, 0.7), (0.05, 0.7), (0.075, 0.7), (0.1, 0.7), (0.125, 0.7), (0.15, 0.7), (0.175, 0.7), (0.2, 0.7), (0.225, 0.7), (0.25, 0.7), (0.275, 0.7), (0.3, 0.7), (0.325, 0.7), (0.35, 0.7), (0.375, 0.7), (0.4, 0.7), (0.425, 0.7), (0.45, 0.7), (0.475, 0.7), (0.5, 0.7), (0.525, 0.7), (0.55, 0.7), (0.575, 0.7), (0.6, 0.7), (0.625, 0.7), (0.65, 0.7), (0.675, 0.7), (0.7, 0.7), (0.725, 0.7), (0.75, 0.7), (0.775, 0.7), (0.8, 0.7), (0.825, 0.7), (0.85, 0.7), (0.875, 0.7), (0.9, 0.7), (0.925, 0.7), (0.95, 0.7), (0.975, 0.7), (1, 0.7), (0, 0.725), (0.025, 0.725), (0.05, 0.725), (0.075, 0.725), (0.1, 0.725), (0.125, 0.725), (0.15, 0.725), (0.175, 0.725), (0.2, 0.725), (0.225, 0.725), (0.25, 0.725), (0.275, 0.725), (0.3, 0.725), (0.325, 0.725), (0.35, 0.725), (0.375, 0.725), (0.4, 0.725), (0.425, 0.725), (0.45, 0.725), (0.475, 0.725), (0.5, 0.725), (0.525, 0.725), (0.55, 0.725), (0.575, 0.725), (0.6, 0.725), (0.625, 0.725), (0.65, 0.725), (0.675, 0.725), (0.7, 0.725), (0.725, 0.725), (0.75, 0.725), (0.775, 0.725), (0.8, 0.725), (0.825, 0.725), (0.85, 0.725), (0.875, 0.725), (0.9, 0.725), (0.925, 0.725), (0.95, 0.725), (0.975, 0.725), (1, 0.725), (0, 0.75), (0.025, 0.75), (0.05, 0.75), (0.075, 0.75), (0.1, 0.75), (0.125, 0.75), (0.15, 0.75), (0.175, 0.75), (0.2, 0.75), (0.225, 0.75), (0.25, 0.75), (0.275, 0.75), (0.3, 0.75), (0.325, 0.75), (0.35, 0.75), (0.375, 0.75), (0.4, 0.75), (0.425, 0.75), (0.45, 0.75), (0.475, 0.75), (0.5, 0.75), (0.525, 0.75), (0.55, 0.75), (0.575, 0.75), (0.6, 0.75), (0.625, 0.75), (0.65, 0.75), (0.675, 0.75), (0.7, 0.75), (0.725, 0.75), (0.75, 0.75), (0.775, 0.75), (0.8, 0.75), (0.825, 0.75), (0.85, 0.75), (0.875, 0.75), (0.9, 0.75), (0.925, 0.75), (0.95, 0.75), (0.975, 0.75), (1, 0.75), (0, 0.775), (0.025, 0.775), (0.05, 0.775), (0.075, 0.775), (0.1, 0.775), (0.125, 0.775), (0.15, 0.775), (0.175, 0.775), (0.2, 0.775), (0.225, 0.775), (0.25, 0.775), (0.275, 0.775), (0.3, 0.775), (0.325, 0.775), (0.35, 0.775), (0.375, 0.775), (0.4, 0.775), (0.425, 0.775), (0.45, 0.775), (0.475, 0.775), (0.5, 0.775), (0.525, 0.775), (0.55, 0.775), (0.575, 0.775), (0.6, 0.775), (0.625, 0.775), (0.65, 0.775), (0.675, 0.775), (0.7, 0.775), (0.725, 0.775), (0.75, 0.775), (0.775, 0.775), (0.8, 0.775), (0.825, 0.775), (0.85, 0.775), (0.875, 0.775), (0.9, 0.775), (0.925, 0.775), (0.95, 0.775), (0.975, 0.775), (1, 0.775), (0, 0.8), (0.025, 0.8), (0.05, 0.8), (0.075, 0.8), (0.1, 0.8), (0.125, 0.8), (0.15, 0.8), (0.175, 0.8), (0.2, 0.8), (0.225, 0.8), (0.25, 0.8), (0.275, 0.8), (0.3, 0.8), (0.325, 0.8), (0.35, 0.8), (0.375, 0.8), (0.4, 0.8), (0.425, 0.8), (0.45, 0.8), (0.475, 0.8), (0.5, 0.8), (0.525, 0.8), (0.55, 0.8), (0.575, 0.8), (0.6, 0.8), (0.625, 0.8), (0.65, 0.8), (0.675, 0.8), (0.7, 0.8), (0.725, 0.8), (0.75, 0.8), (0.775, 0.8), (0.8, 0.8), (0.825, 0.8), (0.85, 0.8), (0.875, 0.8), (0.9, 0.8), (0.925, 0.8), (0.95, 0.8), (0.975, 0.8), (1, 0.8), (0, 0.825), (0.025, 0.825), (0.05, 0.825), (0.075, 0.825), (0.1, 0.825), (0.125, 0.825), (0.15, 0.825), (0.175, 0.825), (0.2, 0.825), (0.225, 0.825), (0.25, 0.825), (0.275, 0.825), (0.3, 0.825), (0.325, 0.825), (0.35, 0.825), (0.375, 0.825), (0.4, 0.825), (0.425, 0.825), (0.45, 0.825), (0.475, 0.825), (0.5, 0.825), (0.525, 0.825), (0.55, 0.825), (0.575, 0.825), (0.6, 0.825), (0.625, 0.825), (0.65, 0.825), (0.675, 0.825), (0.7, 0.825), (0.725, 0.825), (0.75, 0.825), (0.775, 0.825), (0.8, 0.825), (0.825, 0.825), (0.85, 0.825), (0.875, 0.825), (0.9, 0.825), (0.925, 0.825), (0.95, 0.825), (0.975, 0.825), (1, 0.825), (0, 0.85), (0.025, 0.85), (0.05, 0.85), (0.075, 0.85), (0.1, 0.85), (0.125, 0.85), (0.15, 0.85), (0.175, 0.85), (0.2, 0.85), (0.225, 0.85), (0.25, 0.85), (0.275, 0.85), (0.3, 0.85), (0.325, 0.85), (0.35, 0.85), (0.375, 0.85), (0.4, 0.85), (0.425, 0.85), (0.45, 0.85), (0.475, 0.85), (0.5, 0.85), (0.525, 0.85), (0.55, 0.85), (0.575, 0.85), (0.6, 0.85), (0.625, 0.85), (0.65, 0.85), (0.675, 0.85), (0.7, 0.85), (0.725, 0.85), (0.75, 0.85), (0.775, 0.85), (0.8, 0.85), (0.825, 0.85), (0.85, 0.85), (0.875, 0.85), (0.9, 0.85), (0.925, 0.85), (0.95, 0.85), (0.975, 0.85), (1, 0.85), (0, 0.875), (0.025, 0.875), (0.05, 0.875), (0.075, 0.875), (0.1, 0.875), (0.125, 0.875), (0.15, 0.875), (0.175, 0.875), (0.2, 0.875), (0.225, 0.875), (0.25, 0.875), (0.275, 0.875), (0.3, 0.875), (0.325, 0.875), (0.35, 0.875), (0.375, 0.875), (0.4, 0.875), (0.425, 0.875), (0.45, 0.875), (0.475, 0.875), (0.5, 0.875), (0.525, 0.875), (0.55, 0.875), (0.575, 0.875), (0.6, 0.875), (0.625, 0.875), (0.65, 0.875), (0.675, 0.875), (0.7, 0.875), (0.725, 0.875), (0.75, 0.875), (0.775, 0.875), (0.8, 0.875), (0.825, 0.875), (0.85, 0.875), (0.875, 0.875), (0.9, 0.875), (0.925, 0.875), (0.95, 0.875), (0.975, 0.875), (1, 0.875), (0, 0.9), (0.025, 0.9), (0.05, 0.9), (0.075, 0.9), (0.1, 0.9), (0.125, 0.9), (0.15, 0.9), (0.175, 0.9), (0.2, 0.9), (0.225, 0.9), (0.25, 0.9), (0.275, 0.9), (0.3, 0.9), (0.325, 0.9), (0.35, 0.9), (0.375, 0.9), (0.4, 0.9), (0.425, 0.9), (0.45, 0.9), (0.475, 0.9), (0.5, 0.9), (0.525, 0.9), (0.55, 0.9), (0.575, 0.9), (0.6, 0.9), (0.625, 0.9), (0.65, 0.9), (0.675, 0.9), (0.7, 0.9), (0.725, 0.9), (0.75, 0.9), (0.775, 0.9), (0.8, 0.9), (0.825, 0.9), (0.85, 0.9), (0.875, 0.9), (0.9, 0.9), (0.925, 0.9), (0.95, 0.9), (0.975, 0.9), (1, 0.9), (0, 0.925), (0.025, 0.925), (0.05, 0.925), (0.075, 0.925), (0.1, 0.925), (0.125, 0.925), (0.15, 0.925), (0.175, 0.925), (0.2, 0.925), (0.225, 0.925), (0.25, 0.925), (0.275, 0.925), (0.3, 0.925), (0.325, 0.925), (0.35, 0.925), (0.375, 0.925), (0.4, 0.925), (0.425, 0.925), (0.45, 0.925), (0.475, 0.925), (0.5, 0.925), (0.525, 0.925), (0.55, 0.925), (0.575, 0.925), (0.6, 0.925), (0.625, 0.925), (0.65, 0.925), (0.675, 0.925), (0.7, 0.925), (0.725, 0.925), (0.75, 0.925), (0.775, 0.925), (0.8, 0.925), (0.825, 0.925), (0.85, 0.925), (0.875, 0.925), (0.9, 0.925), (0.925, 0.925), (0.95, 0.925), (0.975, 0.925), (1, 0.925), (0, 0.95), (0.025, 0.95), (0.05, 0.95), (0.075, 0.95), (0.1, 0.95), (0.125, 0.95), (0.15, 0.95), (0.175, 0.95), (0.2, 0.95), (0.225, 0.95), (0.25, 0.95), (0.275, 0.95), (0.3, 0.95), (0.325, 0.95), (0.35, 0.95), (0.375, 0.95), (0.4, 0.95), (0.425, 0.95), (0.45, 0.95), (0.475, 0.95), (0.5, 0.95), (0.525, 0.95), (0.55, 0.95), (0.575, 0.95), (0.6, 0.95), (0.625, 0.95), (0.65, 0.95), (0.675, 0.95), (0.7, 0.95), (0.725, 0.95), (0.75, 0.95), (0.775, 0.95), (0.8, 0.95), (0.825, 0.95), (0.85, 0.95), (0.875, 0.95), (0.9, 0.95), (0.925, 0.95), (0.95, 0.95), (0.975, 0.95), (1, 0.95), (0, 0.975), (0.025, 0.975), (0.05, 0.975), (0.075, 0.975), (0.1, 0.975), (0.125, 0.975), (0.15, 0.975), (0.175, 0.975), (0.2, 0.975), (0.225, 0.975), (0.25, 0.975), (0.275, 0.975), (0.3, 0.975), (0.325, 0.975), (0.35, 0.975), (0.375, 0.975), (0.4, 0.975), (0.425, 0.975), (0.45, 0.975), (0.475, 0.975), (0.5, 0.975), (0.525, 0.975), (0.55, 0.975), (0.575, 0.975), (0.6, 0.975), (0.625, 0.975), (0.65, 0.975), (0.675, 0.975), (0.7, 0.975), (0.725, 0.975), (0.75, 0.975), (0.775, 0.975), (0.8, 0.975), (0.825, 0.975), (0.85, 0.975), (0.875, 0.975), (0.9, 0.975), (0.925, 0.975), (0.95, 0.975), (0.975, 0.975), (1, 0.975), (0, 1), (0.025, 1), (0.05, 1), (0.075, 1), (0.1, 1), (0.125, 1), (0.15, 1), (0.175, 1), (0.2, 1), (0.225, 1), (0.25, 1), (0.275, 1), (0.3, 1), (0.325, 1), (0.35, 1), (0.375, 1), (0.4, 1), (0.425, 1), (0.45, 1), (0.475, 1), (0.5, 1), (0.525, 1), (0.55, 1), (0.575, 1), (0.6, 1), (0.625, 1), (0.65, 1), (0.675, 1), (0.7, 1), (0.725, 1), (0.75, 1), (0.775, 1), (0.8, 1), (0.825, 1), (0.85, 1), (0.875, 1), (0.9, 1), (0.925, 1), (0.95, 1), (0.975, 1), (1, 1)] (
                interpolation = "vertex"
            )
            uniform token subdivisionScheme = "none"

            def RealityKitComponent "SceneUnderstanding"
            {
                custom token info:id = "RealityKit.SceneUnderstanding"
            }
        }

        def Mesh "Lightspill_Floor" (
            apiSchemas = ["MaterialBindingAPI"]
        )
        {
            uniform bool doubleSided = 1
            int[] faceVertexCounts = [4, 4, 4, 4, 4, 4, 4, 4, 4, 4, 4, 4, 4, 4, 4, 4, 4, 4, 4, 4, 4, 4, 4, 4, 4, 4, 4, 4, 4, 4, 4, 4, 4, 4, 4, 4, 4, 4, 4, 4, 4, 4, 4, 4, 4, 4, 4, 4, 4, 4, 4, 4, 4, 4, 4, 4, 4, 4, 4, 4, 4, 4, 4, 4, 4, 4, 4, 4, 4, 4, 4, 4, 4, 4, 4, 4, 4, 4, 4, 4, 4, 4, 4, 4, 4, 4, 4, 4, 4, 4, 4, 4, 4, 4, 4, 4, 4, 4, 4, 4, 4, 4, 4, 4, 4, 4, 4, 4, 4, 4, 4, 4, 4, 4, 4, 4, 4, 4, 4, 4, 4, 4, 4, 4, 4, 4, 4, 4, 4, 4, 4, 4, 4, 4, 4, 4, 4, 4, 4, 4, 4, 4, 4, 4, 4, 4, 4, 4, 4, 4, 4, 4, 4, 4, 4, 4, 4, 4, 4, 4, 4, 4, 4, 4, 4, 4, 4, 4, 4, 4, 4, 4, 4, 4, 4, 4, 4, 4, 4, 4, 4, 4, 4, 4, 4, 4, 4, 4, 4, 4, 4, 4, 4, 4, 4, 4, 4, 4, 4, 4, 4, 4, 4, 4, 4, 4, 4, 4, 4, 4, 4, 4, 4, 4, 4, 4, 4, 4, 4, 4, 4, 4, 4, 4, 4, 4, 4, 4, 4, 4, 4, 4, 4, 4, 4, 4, 4, 4, 4, 4, 4, 4, 4, 4, 4, 4, 4, 4, 4, 4, 4, 4, 4, 4, 4, 4, 4, 4, 4, 4, 4, 4, 4, 4, 4, 4, 4, 4, 4, 4, 4, 4, 4, 4, 4, 4, 4, 4, 4, 4, 4, 4, 4, 4, 4, 4, 4, 4, 4, 4, 4, 4, 4, 4, 4, 4, 4, 4, 4, 4, 4, 4, 4, 4, 4, 4, 4, 4, 4, 4, 4, 4, 4, 4, 4, 4, 4, 4, 4, 4, 4, 4, 4, 4, 4, 4, 4, 4, 4, 4, 4, 4, 4, 4, 4, 4, 4, 4, 4, 4, 4, 4, 4, 4, 4, 4, 4, 4, 4, 4, 4, 4, 4, 4, 4, 4, 4, 4, 4, 4, 4, 4, 4, 4, 4, 4, 4, 4, 4, 4, 4, 4, 4, 4, 4, 4, 4, 4, 4, 4, 4, 4, 4, 4, 4, 4, 4, 4, 4, 4, 4, 4, 4, 4, 4, 4, 4, 4, 4, 4, 4, 4, 4, 4, 4, 4, 4, 4, 4, 4, 4, 4, 4, 4, 4, 4, 4, 4, 4, 4, 4, 4, 4, 4, 4, 4, 4, 4, 4, 4, 4, 4, 4, 4, 4, 4, 4, 4, 4, 4, 4, 4, 4, 4, 4, 4, 4, 4, 4, 4, 4, 4, 4, 4, 4, 4, 4, 4, 4, 4, 4, 4, 4, 4, 4, 4, 4, 4, 4, 4, 4, 4, 4, 4, 4, 4, 4, 4, 4, 4, 4, 4, 4, 4, 4, 4, 4, 4, 4, 4, 4, 4, 4, 4, 4, 4, 4, 4, 4, 4, 4, 4, 4, 4, 4, 4, 4, 4, 4, 4, 4, 4, 4, 4, 4, 4, 4, 4, 4, 4, 4, 4, 4, 4, 4, 4, 4, 4, 4, 4, 4, 4, 4, 4, 4, 4, 4, 4, 4, 4, 4, 4, 4, 4, 4, 4, 4, 4, 4, 4, 4, 4, 4, 4, 4, 4, 4, 4, 4, 4, 4, 4, 4, 4, 4, 4, 4, 4, 4, 4, 4, 4, 4, 4, 4, 4, 4, 4, 4, 4, 4, 4, 4, 4, 4, 4, 4, 4, 4, 4, 4, 4, 4, 4, 4, 4, 4, 4, 4, 4, 4, 4, 4, 4, 4, 4, 4, 4, 4, 4, 4, 4, 4, 4, 4, 4, 4, 4, 4, 4, 4, 4, 4, 4, 4, 4, 4, 4, 4, 4, 4, 4, 4, 4, 4, 4, 4, 4, 4, 4, 4, 4, 4, 4, 4, 4, 4, 4, 4, 4, 4, 4, 4, 4, 4, 4, 4, 4, 4, 4, 4, 4, 4, 4, 4, 4, 4, 4, 4, 4, 4, 4, 4, 4, 4, 4, 4, 4, 4, 4, 4, 4, 4, 4, 4, 4, 4, 4, 4, 4, 4, 4, 4, 4, 4, 4, 4, 4, 4, 4, 4, 4, 4, 4, 4, 4, 4, 4, 4, 4, 4, 4, 4, 4, 4, 4, 4, 4, 4, 4, 4, 4, 4, 4, 4, 4, 4, 4, 4, 4, 4, 4, 4, 4, 4, 4, 4, 4, 4, 4, 4, 4, 4, 4, 4, 4, 4, 4, 4, 4, 4, 4, 4, 4, 4, 4, 4, 4, 4, 4, 4, 4, 4, 4, 4, 4, 4, 4, 4, 4, 4, 4, 4, 4, 4, 4, 4, 4, 4, 4, 4, 4, 4, 4, 4, 4, 4, 4, 4, 4, 4, 4, 4, 4, 4, 4, 4, 4, 4, 4, 4, 4, 4, 4, 4, 4, 4, 4, 4, 4, 4, 4, 4, 4, 4, 4, 4, 4, 4, 4, 4, 4, 4, 4, 4, 4, 4, 4, 4, 4, 4, 4, 4, 4, 4, 4, 4, 4, 4, 4, 4, 4, 4, 4, 4, 4, 4, 4, 4, 4, 4, 4, 4, 4, 4, 4, 4, 4, 4, 4, 4, 4, 4, 4, 4, 4, 4, 4, 4, 4, 4, 4, 4, 4, 4, 4, 4, 4, 4, 4, 4, 4, 4, 4, 4, 4, 4, 4, 4, 4, 4, 4, 4, 4, 4, 4, 4, 4, 4, 4, 4, 4, 4, 4, 4, 4, 4, 4, 4, 4, 4, 4, 4, 4, 4, 4, 4, 4, 4, 4, 4, 4, 4, 4, 4, 4, 4, 4, 4, 4, 4, 4, 4, 4, 4, 4, 4, 4, 4, 4, 4, 4, 4, 4, 4, 4, 4, 4, 4, 4, 4, 4, 4, 4, 4, 4, 4, 4, 4, 4, 4, 4, 4, 4, 4, 4, 4, 4, 4, 4, 4, 4, 4, 4, 4, 4, 4, 4, 4, 4, 4, 4, 4, 4, 4, 4, 4, 4, 4, 4, 4, 4, 4, 4, 4, 4, 4, 4, 4, 4, 4, 4, 4, 4, 4, 4, 4, 4, 4, 4, 4, 4, 4, 4, 4, 4, 4, 4, 4, 4, 4, 4, 4, 4, 4, 4, 4, 4, 4, 4, 4, 4, 4, 4, 4, 4, 4, 4, 4, 4, 4, 4, 4, 4, 4, 4, 4, 4, 4, 4, 4, 4, 4, 4, 4, 4, 4, 4, 4, 4, 4, 4, 4, 4, 4, 4, 4, 4, 4, 4, 4, 4, 4, 4, 4, 4, 4, 4, 4, 4, 4, 4, 4, 4, 4, 4, 4, 4, 4, 4, 4, 4, 4, 4, 4, 4, 4, 4, 4, 4, 4, 4, 4, 4, 4, 4, 4, 4, 4, 4, 4, 4, 4, 4, 4, 4, 4, 4, 4, 4, 4, 4, 4, 4, 4, 4, 4, 4, 4, 4, 4, 4, 4, 4, 4, 4, 4, 4, 4, 4, 4, 4, 4, 4, 4, 4, 4, 4, 4, 4, 4, 4, 4, 4, 4, 4, 4, 4, 4, 4, 4, 4, 4, 4, 4, 4, 4, 4, 4, 4, 4, 4, 4, 4, 4, 4, 4, 4, 4, 4, 4, 4, 4, 4, 4, 4, 4, 4, 4, 4, 4, 4, 4, 4, 4, 4, 4, 4, 4, 4, 4, 4, 4, 4, 4, 4, 4, 4, 4, 4, 4, 4, 4, 4, 4, 4, 4, 4, 4, 4, 4, 4, 4, 4, 4, 4, 4, 4, 4, 4, 4, 4, 4, 4, 4, 4, 4, 4, 4, 4, 4, 4, 4, 4, 4, 4, 4, 4, 4, 4, 4, 4, 4, 4, 4, 4, 4, 4, 4, 4, 4, 4, 4, 4, 4, 4, 4, 4, 4, 4, 4, 4, 4, 4, 4, 4, 4, 4, 4, 4, 4, 4, 4, 4, 4, 4, 4, 4, 4, 4, 4, 4, 4, 4, 4, 4, 4, 4, 4, 4, 4, 4, 4, 4, 4, 4, 4, 4, 4, 4, 4, 4, 4, 4, 4, 4, 4, 4, 4, 4, 4, 4, 4, 4, 4, 4, 4, 4, 4, 4, 4, 4, 4, 4, 4, 4, 4, 4, 4, 4, 4, 4, 4, 4, 4, 4, 4, 4, 4, 4, 4, 4, 4, 4, 4, 4, 4, 4, 4, 4, 4, 4, 4, 4, 4, 4, 4, 4, 4, 4, 4, 4, 4, 4, 4, 4, 4, 4, 4, 4, 4, 4, 4, 4, 4, 4, 4, 4, 4, 4, 4, 4, 4, 4, 4, 4, 4, 4, 4, 4, 4, 4, 4, 4, 4, 4, 4, 4, 4, 4, 4, 4, 4, 4, 4, 4, 4, 4, 4, 4, 4, 4, 4, 4, 4, 4, 4, 4, 4, 4, 4, 4, 4, 4, 4, 4, 4, 4, 4, 4, 4, 4, 4, 4, 4, 4, 4, 4, 4, 4, 4, 4, 4, 4, 4, 4, 4, 4, 4, 4, 4, 4, 4, 4, 4, 4, 4, 4, 4, 4, 4, 4, 4, 4, 4, 4, 4, 4, 4, 4, 4, 4, 4, 4, 4, 4, 4, 4, 4, 4, 4, 4, 4, 4, 4, 4, 4, 4, 4, 4, 4, 4, 4, 4, 4, 4, 4, 4, 4, 4, 4, 4, 4, 4, 4, 4, 4, 4, 4, 4, 4, 4, 4, 4, 4, 4, 4, 4, 4, 4, 4, 4, 4, 4, 4, 4, 4, 4, 4, 4, 4, 4, 4, 4, 4, 4, 4, 4, 4, 4, 4, 4, 4, 4, 4, 4, 4, 4, 4, 4, 4, 4, 4, 4, 4, 4, 4, 4, 4, 4, 4, 4, 4, 4, 4, 4, 4, 4, 4, 4, 4, 4, 4, 4, 4, 4, 4, 4, 4, 4, 4, 4, 4, 4, 4, 4, 4, 4, 4, 4]
            int[] faceVertexIndices = [0, 41, 42, 1, 1, 42, 43, 2, 2, 43, 44, 3, 3, 44, 45, 4, 4, 45, 46, 5, 5, 46, 47, 6, 6, 47, 48, 7, 7, 48, 49, 8, 8, 49, 50, 9, 9, 50, 51, 10, 10, 51, 52, 11, 11, 52, 53, 12, 12, 53, 54, 13, 13, 54, 55, 14, 14, 55, 56, 15, 15, 56, 57, 16, 16, 57, 58, 17, 17, 58, 59, 18, 18, 59, 60, 19, 19, 60, 61, 20, 20, 61, 62, 21, 21, 62, 63, 22, 22, 63, 64, 23, 23, 64, 65, 24, 24, 65, 66, 25, 25, 66, 67, 26, 26, 67, 68, 27, 27, 68, 69, 28, 28, 69, 70, 29, 29, 70, 71, 30, 30, 71, 72, 31, 31, 72, 73, 32, 32, 73, 74, 33, 33, 74, 75, 34, 34, 75, 76, 35, 35, 76, 77, 36, 36, 77, 78, 37, 37, 78, 79, 38, 38, 79, 80, 39, 39, 80, 81, 40, 41, 82, 83, 42, 42, 83, 84, 43, 43, 84, 85, 44, 44, 85, 86, 45, 45, 86, 87, 46, 46, 87, 88, 47, 47, 88, 89, 48, 48, 89, 90, 49, 49, 90, 91, 50, 50, 91, 92, 51, 51, 92, 93, 52, 52, 93, 94, 53, 53, 94, 95, 54, 54, 95, 96, 55, 55, 96, 97, 56, 56, 97, 98, 57, 57, 98, 99, 58, 58, 99, 100, 59, 59, 100, 101, 60, 60, 101, 102, 61, 61, 102, 103, 62, 62, 103, 104, 63, 63, 104, 105, 64, 64, 105, 106, 65, 65, 106, 107, 66, 66, 107, 108, 67, 67, 108, 109, 68, 68, 109, 110, 69, 69, 110, 111, 70, 70, 111, 112, 71, 71, 112, 113, 72, 72, 113, 114, 73, 73, 114, 115, 74, 74, 115, 116, 75, 75, 116, 117, 76, 76, 117, 118, 77, 77, 118, 119, 78, 78, 119, 120, 79, 79, 120, 121, 80, 80, 121, 122, 81, 82, 123, 124, 83, 83, 124, 125, 84, 84, 125, 126, 85, 85, 126, 127, 86, 86, 127, 128, 87, 87, 128, 129, 88, 88, 129, 130, 89, 89, 130, 131, 90, 90, 131, 132, 91, 91, 132, 133, 92, 92, 133, 134, 93, 93, 134, 135, 94, 94, 135, 136, 95, 95, 136, 137, 96, 96, 137, 138, 97, 97, 138, 139, 98, 98, 139, 140, 99, 99, 140, 141, 100, 100, 141, 142, 101, 101, 142, 143, 102, 102, 143, 144, 103, 103, 144, 145, 104, 104, 145, 146, 105, 105, 146, 147, 106, 106, 147, 148, 107, 107, 148, 149, 108, 108, 149, 150, 109, 109, 150, 151, 110, 110, 151, 152, 111, 111, 152, 153, 112, 112, 153, 154, 113, 113, 154, 155, 114, 114, 155, 156, 115, 115, 156, 157, 116, 116, 157, 158, 117, 117, 158, 159, 118, 118, 159, 160, 119, 119, 160, 161, 120, 120, 161, 162, 121, 121, 162, 163, 122, 123, 164, 165, 124, 124, 165, 166, 125, 125, 166, 167, 126, 126, 167, 168, 127, 127, 168, 169, 128, 128, 169, 170, 129, 129, 170, 171, 130, 130, 171, 172, 131, 131, 172, 173, 132, 132, 173, 174, 133, 133, 174, 175, 134, 134, 175, 176, 135, 135, 176, 177, 136, 136, 177, 178, 137, 137, 178, 179, 138, 138, 179, 180, 139, 139, 180, 181, 140, 140, 181, 182, 141, 141, 182, 183, 142, 142, 183, 184, 143, 143, 184, 185, 144, 144, 185, 186, 145, 145, 186, 187, 146, 146, 187, 188, 147, 147, 188, 189, 148, 148, 189, 190, 149, 149, 190, 191, 150, 150, 191, 192, 151, 151, 192, 193, 152, 152, 193, 194, 153, 153, 194, 195, 154, 154, 195, 196, 155, 155, 196, 197, 156, 156, 197, 198, 157, 157, 198, 199, 158, 158, 199, 200, 159, 159, 200, 201, 160, 160, 201, 202, 161, 161, 202, 203, 162, 162, 203, 204, 163, 164, 205, 206, 165, 165, 206, 207, 166, 166, 207, 208, 167, 167, 208, 209, 168, 168, 209, 210, 169, 169, 210, 211, 170, 170, 211, 212, 171, 171, 212, 213, 172, 172, 213, 214, 173, 173, 214, 215, 174, 174, 215, 216, 175, 175, 216, 217, 176, 176, 217, 218, 177, 177, 218, 219, 178, 178, 219, 220, 179, 179, 220, 221, 180, 180, 221, 222, 181, 181, 222, 223, 182, 182, 223, 224, 183, 183, 224, 225, 184, 184, 225, 226, 185, 185, 226, 227, 186, 186, 227, 228, 187, 187, 228, 229, 188, 188, 229, 230, 189, 189, 230, 231, 190, 190, 231, 232, 191, 191, 232, 233, 192, 192, 233, 234, 193, 193, 234, 235, 194, 194, 235, 236, 195, 195, 236, 237, 196, 196, 237, 238, 197, 197, 238, 239, 198, 198, 239, 240, 199, 199, 240, 241, 200, 200, 241, 242, 201, 201, 242, 243, 202, 202, 243, 244, 203, 203, 244, 245, 204, 205, 246, 247, 206, 206, 247, 248, 207, 207, 248, 249, 208, 208, 249, 250, 209, 209, 250, 251, 210, 210, 251, 252, 211, 211, 252, 253, 212, 212, 253, 254, 213, 213, 254, 255, 214, 214, 255, 256, 215, 215, 256, 257, 216, 216, 257, 258, 217, 217, 258, 259, 218, 218, 259, 260, 219, 219, 260, 261, 220, 220, 261, 262, 221, 221, 262, 263, 222, 222, 263, 264, 223, 223, 264, 265, 224, 224, 265, 266, 225, 225, 266, 267, 226, 226, 267, 268, 227, 227, 268, 269, 228, 228, 269, 270, 229, 229, 270, 271, 230, 230, 271, 272, 231, 231, 272, 273, 232, 232, 273, 274, 233, 233, 274, 275, 234, 234, 275, 276, 235, 235, 276, 277, 236, 236, 277, 278, 237, 237, 278, 279, 238, 238, 279, 280, 239, 239, 280, 281, 240, 240, 281, 282, 241, 241, 282, 283, 242, 242, 283, 284, 243, 243, 284, 285, 244, 244, 285, 286, 245, 246, 287, 288, 247, 247, 288, 289, 248, 248, 289, 290, 249, 249, 290, 291, 250, 250, 291, 292, 251, 251, 292, 293, 252, 252, 293, 294, 253, 253, 294, 295, 254, 254, 295, 296, 255, 255, 296, 297, 256, 256, 297, 298, 257, 257, 298, 299, 258, 258, 299, 300, 259, 259, 300, 301, 260, 260, 301, 302, 261, 261, 302, 303, 262, 262, 303, 304, 263, 263, 304, 305, 264, 264, 305, 306, 265, 265, 306, 307, 266, 266, 307, 308, 267, 267, 308, 309, 268, 268, 309, 310, 269, 269, 310, 311, 270, 270, 311, 312, 271, 271, 312, 313, 272, 272, 313, 314, 273, 273, 314, 315, 274, 274, 315, 316, 275, 275, 316, 317, 276, 276, 317, 318, 277, 277, 318, 319, 278, 278, 319, 320, 279, 279, 320, 321, 280, 280, 321, 322, 281, 281, 322, 323, 282, 282, 323, 324, 283, 283, 324, 325, 284, 284, 325, 326, 285, 285, 326, 327, 286, 287, 328, 329, 288, 288, 329, 330, 289, 289, 330, 331, 290, 290, 331, 332, 291, 291, 332, 333, 292, 292, 333, 334, 293, 293, 334, 335, 294, 294, 335, 336, 295, 295, 336, 337, 296, 296, 337, 338, 297, 297, 338, 339, 298, 298, 339, 340, 299, 299, 340, 341, 300, 300, 341, 342, 301, 301, 342, 343, 302, 302, 343, 344, 303, 303, 344, 345, 304, 304, 345, 346, 305, 305, 346, 347, 306, 306, 347, 348, 307, 307, 348, 349, 308, 308, 349, 350, 309, 309, 350, 351, 310, 310, 351, 352, 311, 311, 352, 353, 312, 312, 353, 354, 313, 313, 354, 355, 314, 314, 355, 356, 315, 315, 356, 357, 316, 316, 357, 358, 317, 317, 358, 359, 318, 318, 359, 360, 319, 319, 360, 361, 320, 320, 361, 362, 321, 321, 362, 363, 322, 322, 363, 364, 323, 323, 364, 365, 324, 324, 365, 366, 325, 325, 366, 367, 326, 326, 367, 368, 327, 328, 369, 370, 329, 329, 370, 371, 330, 330, 371, 372, 331, 331, 372, 373, 332, 332, 373, 374, 333, 333, 374, 375, 334, 334, 375, 376, 335, 335, 376, 377, 336, 336, 377, 378, 337, 337, 378, 379, 338, 338, 379, 380, 339, 339, 380, 381, 340, 340, 381, 382, 341, 341, 382, 383, 342, 342, 383, 384, 343, 343, 384, 385, 344, 344, 385, 386, 345, 345, 386, 387, 346, 346, 387, 388, 347, 347, 388, 389, 348, 348, 389, 390, 349, 349, 390, 391, 350, 350, 391, 392, 351, 351, 392, 393, 352, 352, 393, 394, 353, 353, 394, 395, 354, 354, 395, 396, 355, 355, 396, 397, 356, 356, 397, 398, 357, 357, 398, 399, 358, 358, 399, 400, 359, 359, 400, 401, 360, 360, 401, 402, 361, 361, 402, 403, 362, 362, 403, 404, 363, 363, 404, 405, 364, 364, 405, 406, 365, 365, 406, 407, 366, 366, 407, 408, 367, 367, 408, 409, 368, 369, 410, 411, 370, 370, 411, 412, 371, 371, 412, 413, 372, 372, 413, 414, 373, 373, 414, 415, 374, 374, 415, 416, 375, 375, 416, 417, 376, 376, 417, 418, 377, 377, 418, 419, 378, 378, 419, 420, 379, 379, 420, 421, 380, 380, 421, 422, 381, 381, 422, 423, 382, 382, 423, 424, 383, 383, 424, 425, 384, 384, 425, 426, 385, 385, 426, 427, 386, 386, 427, 428, 387, 387, 428, 429, 388, 388, 429, 430, 389, 389, 430, 431, 390, 390, 431, 432, 391, 391, 432, 433, 392, 392, 433, 434, 393, 393, 434, 435, 394, 394, 435, 436, 395, 395, 436, 437, 396, 396, 437, 438, 397, 397, 438, 439, 398, 398, 439, 440, 399, 399, 440, 441, 400, 400, 441, 442, 401, 401, 442, 443, 402, 402, 443, 444, 403, 403, 444, 445, 404, 404, 445, 446, 405, 405, 446, 447, 406, 406, 447, 448, 407, 407, 448, 449, 408, 408, 449, 450, 409, 410, 451, 452, 411, 411, 452, 453, 412, 412, 453, 454, 413, 413, 454, 455, 414, 414, 455, 456, 415, 415, 456, 457, 416, 416, 457, 458, 417, 417, 458, 459, 418, 418, 459, 460, 419, 419, 460, 461, 420, 420, 461, 462, 421, 421, 462, 463, 422, 422, 463, 464, 423, 423, 464, 465, 424, 424, 465, 466, 425, 425, 466, 467, 426, 426, 467, 468, 427, 427, 468, 469, 428, 428, 469, 470, 429, 429, 470, 471, 430, 430, 471, 472, 431, 431, 472, 473, 432, 432, 473, 474, 433, 433, 474, 475, 434, 434, 475, 476, 435, 435, 476, 477, 436, 436, 477, 478, 437, 437, 478, 479, 438, 438, 479, 480, 439, 439, 480, 481, 440, 440, 481, 482, 441, 441, 482, 483, 442, 442, 483, 484, 443, 443, 484, 485, 444, 444, 485, 486, 445, 445, 486, 487, 446, 446, 487, 488, 447, 447, 488, 489, 448, 448, 489, 490, 449, 449, 490, 491, 450, 451, 492, 493, 452, 452, 493, 494, 453, 453, 494, 495, 454, 454, 495, 496, 455, 455, 496, 497, 456, 456, 497, 498, 457, 457, 498, 499, 458, 458, 499, 500, 459, 459, 500, 501, 460, 460, 501, 502, 461, 461, 502, 503, 462, 462, 503, 504, 463, 463, 504, 505, 464, 464, 505, 506, 465, 465, 506, 507, 466, 466, 507, 508, 467, 467, 508, 509, 468, 468, 509, 510, 469, 469, 510, 511, 470, 470, 511, 512, 471, 471, 512, 513, 472, 472, 513, 514, 473, 473, 514, 515, 474, 474, 515, 516, 475, 475, 516, 517, 476, 476, 517, 518, 477, 477, 518, 519, 478, 478, 519, 520, 479, 479, 520, 521, 480, 480, 521, 522, 481, 481, 522, 523, 482, 482, 523, 524, 483, 483, 524, 525, 484, 484, 525, 526, 485, 485, 526, 527, 486, 486, 527, 528, 487, 487, 528, 529, 488, 488, 529, 530, 489, 489, 530, 531, 490, 490, 531, 532, 491, 492, 533, 534, 493, 493, 534, 535, 494, 494, 535, 536, 495, 495, 536, 537, 496, 496, 537, 538, 497, 497, 538, 539, 498, 498, 539, 540, 499, 499, 540, 541, 500, 500, 541, 542, 501, 501, 542, 543, 502, 502, 543, 544, 503, 503, 544, 545, 504, 504, 545, 546, 505, 505, 546, 547, 506, 506, 547, 548, 507, 507, 548, 549, 508, 508, 549, 550, 509, 509, 550, 551, 510, 510, 551, 552, 511, 511, 552, 553, 512, 512, 553, 554, 513, 513, 554, 555, 514, 514, 555, 556, 515, 515, 556, 557, 516, 516, 557, 558, 517, 517, 558, 559, 518, 518, 559, 560, 519, 519, 560, 561, 520, 520, 561, 562, 521, 521, 562, 563, 522, 522, 563, 564, 523, 523, 564, 565, 524, 524, 565, 566, 525, 525, 566, 567, 526, 526, 567, 568, 527, 527, 568, 569, 528, 528, 569, 570, 529, 529, 570, 571, 530, 530, 571, 572, 531, 531, 572, 573, 532, 533, 574, 575, 534, 534, 575, 576, 535, 535, 576, 577, 536, 536, 577, 578, 537, 537, 578, 579, 538, 538, 579, 580, 539, 539, 580, 581, 540, 540, 581, 582, 541, 541, 582, 583, 542, 542, 583, 584, 543, 543, 584, 585, 544, 544, 585, 586, 545, 545, 586, 587, 546, 546, 587, 588, 547, 547, 588, 589, 548, 548, 589, 590, 549, 549, 590, 591, 550, 550, 591, 592, 551, 551, 592, 593, 552, 552, 593, 594, 553, 553, 594, 595, 554, 554, 595, 596, 555, 555, 596, 597, 556, 556, 597, 598, 557, 557, 598, 599, 558, 558, 599, 600, 559, 559, 600, 601, 560, 560, 601, 602, 561, 561, 602, 603, 562, 562, 603, 604, 563, 563, 604, 605, 564, 564, 605, 606, 565, 565, 606, 607, 566, 566, 607, 608, 567, 567, 608, 609, 568, 568, 609, 610, 569, 569, 610, 611, 570, 570, 611, 612, 571, 571, 612, 613, 572, 572, 613, 614, 573, 574, 615, 616, 575, 575, 616, 617, 576, 576, 617, 618, 577, 577, 618, 619, 578, 578, 619, 620, 579, 579, 620, 621, 580, 580, 621, 622, 581, 581, 622, 623, 582, 582, 623, 624, 583, 583, 624, 625, 584, 584, 625, 626, 585, 585, 626, 627, 586, 586, 627, 628, 587, 587, 628, 629, 588, 588, 629, 630, 589, 589, 630, 631, 590, 590, 631, 632, 591, 591, 632, 633, 592, 592, 633, 634, 593, 593, 634, 635, 594, 594, 635, 636, 595, 595, 636, 637, 596, 596, 637, 638, 597, 597, 638, 639, 598, 598, 639, 640, 599, 599, 640, 641, 600, 600, 641, 642, 601, 601, 642, 643, 602, 602, 643, 644, 603, 603, 644, 645, 604, 604, 645, 646, 605, 605, 646, 647, 606, 606, 647, 648, 607, 607, 648, 649, 608, 608, 649, 650, 609, 609, 650, 651, 610, 610, 651, 652, 611, 611, 652, 653, 612, 612, 653, 654, 613, 613, 654, 655, 614, 615, 656, 657, 616, 616, 657, 658, 617, 617, 658, 659, 618, 618, 659, 660, 619, 619, 660, 661, 620, 620, 661, 662, 621, 621, 662, 663, 622, 622, 663, 664, 623, 623, 664, 665, 624, 624, 665, 666, 625, 625, 666, 667, 626, 626, 667, 668, 627, 627, 668, 669, 628, 628, 669, 670, 629, 629, 670, 671, 630, 630, 671, 672, 631, 631, 672, 673, 632, 632, 673, 674, 633, 633, 674, 675, 634, 634, 675, 676, 635, 635, 676, 677, 636, 636, 677, 678, 637, 637, 678, 679, 638, 638, 679, 680, 639, 639, 680, 681, 640, 640, 681, 682, 641, 641, 682, 683, 642, 642, 683, 684, 643, 643, 684, 685, 644, 644, 685, 686, 645, 645, 686, 687, 646, 646, 687, 688, 647, 647, 688, 689, 648, 648, 689, 690, 649, 649, 690, 691, 650, 650, 691, 692, 651, 651, 692, 693, 652, 652, 693, 694, 653, 653, 694, 695, 654, 654, 695, 696, 655, 656, 697, 698, 657, 657, 698, 699, 658, 658, 699, 700, 659, 659, 700, 701, 660, 660, 701, 702, 661, 661, 702, 703, 662, 662, 703, 704, 663, 663, 704, 705, 664, 664, 705, 706, 665, 665, 706, 707, 666, 666, 707, 708, 667, 667, 708, 709, 668, 668, 709, 710, 669, 669, 710, 711, 670, 670, 711, 712, 671, 671, 712, 713, 672, 672, 713, 714, 673, 673, 714, 715, 674, 674, 715, 716, 675, 675, 716, 717, 676, 676, 717, 718, 677, 677, 718, 719, 678, 678, 719, 720, 679, 679, 720, 721, 680, 680, 721, 722, 681, 681, 722, 723, 682, 682, 723, 724, 683, 683, 724, 725, 684, 684, 725, 726, 685, 685, 726, 727, 686, 686, 727, 728, 687, 687, 728, 729, 688, 688, 729, 730, 689, 689, 730, 731, 690, 690, 731, 732, 691, 691, 732, 733, 692, 692, 733, 734, 693, 693, 734, 735, 694, 694, 735, 736, 695, 695, 736, 737, 696, 697, 738, 739, 698, 698, 739, 740, 699, 699, 740, 741, 700, 700, 741, 742, 701, 701, 742, 743, 702, 702, 743, 744, 703, 703, 744, 745, 704, 704, 745, 746, 705, 705, 746, 747, 706, 706, 747, 748, 707, 707, 748, 749, 708, 708, 749, 750, 709, 709, 750, 751, 710, 710, 751, 752, 711, 711, 752, 753, 712, 712, 753, 754, 713, 713, 754, 755, 714, 714, 755, 756, 715, 715, 756, 757, 716, 716, 757, 758, 717, 717, 758, 759, 718, 718, 759, 760, 719, 719, 760, 761, 720, 720, 761, 762, 721, 721, 762, 763, 722, 722, 763, 764, 723, 723, 764, 765, 724, 724, 765, 766, 725, 725, 766, 767, 726, 726, 767, 768, 727, 727, 768, 769, 728, 728, 769, 770, 729, 729, 770, 771, 730, 730, 771, 772, 731, 731, 772, 773, 732, 732, 773, 774, 733, 733, 774, 775, 734, 734, 775, 776, 735, 735, 776, 777, 736, 736, 777, 778, 737, 738, 779, 780, 739, 739, 780, 781, 740, 740, 781, 782, 741, 741, 782, 783, 742, 742, 783, 784, 743, 743, 784, 785, 744, 744, 785, 786, 745, 745, 786, 787, 746, 746, 787, 788, 747, 747, 788, 789, 748, 748, 789, 790, 749, 749, 790, 791, 750, 750, 791, 792, 751, 751, 792, 793, 752, 752, 793, 794, 753, 753, 794, 795, 754, 754, 795, 796, 755, 755, 796, 797, 756, 756, 797, 798, 757, 757, 798, 799, 758, 758, 799, 800, 759, 759, 800, 801, 760, 760, 801, 802, 761, 761, 802, 803, 762, 762, 803, 804, 763, 763, 804, 805, 764, 764, 805, 806, 765, 765, 806, 807, 766, 766, 807, 808, 767, 767, 808, 809, 768, 768, 809, 810, 769, 769, 810, 811, 770, 770, 811, 812, 771, 771, 812, 813, 772, 772, 813, 814, 773, 773, 814, 815, 774, 774, 815, 816, 775, 775, 816, 817, 776, 776, 817, 818, 777, 777, 818, 819, 778, 779, 820, 821, 780, 780, 821, 822, 781, 781, 822, 823, 782, 782, 823, 824, 783, 783, 824, 825, 784, 784, 825, 826, 785, 785, 826, 827, 786, 786, 827, 828, 787, 787, 828, 829, 788, 788, 829, 830, 789, 789, 830, 831, 790, 790, 831, 832, 791, 791, 832, 833, 792, 792, 833, 834, 793, 793, 834, 835, 794, 794, 835, 836, 795, 795, 836, 837, 796, 796, 837, 838, 797, 797, 838, 839, 798, 798, 839, 840, 799, 799, 840, 841, 800, 800, 841, 842, 801, 801, 842, 843, 802, 802, 843, 844, 803, 803, 844, 845, 804, 804, 845, 846, 805, 805, 846, 847, 806, 806, 847, 848, 807, 807, 848, 849, 808, 808, 849, 850, 809, 809, 850, 851, 810, 810, 851, 852, 811, 811, 852, 853, 812, 812, 853, 854, 813, 813, 854, 855, 814, 814, 855, 856, 815, 815, 856, 857, 816, 816, 857, 858, 817, 817, 858, 859, 818, 818, 859, 860, 819, 820, 861, 862, 821, 821, 862, 863, 822, 822, 863, 864, 823, 823, 864, 865, 824, 824, 865, 866, 825, 825, 866, 867, 826, 826, 867, 868, 827, 827, 868, 869, 828, 828, 869, 870, 829, 829, 870, 871, 830, 830, 871, 872, 831, 831, 872, 873, 832, 832, 873, 874, 833, 833, 874, 875, 834, 834, 875, 876, 835, 835, 876, 877, 836, 836, 877, 878, 837, 837, 878, 879, 838, 838, 879, 880, 839, 839, 880, 881, 840, 840, 881, 882, 841, 841, 882, 883, 842, 842, 883, 884, 843, 843, 884, 885, 844, 844, 885, 886, 845, 845, 886, 887, 846, 846, 887, 888, 847, 847, 888, 889, 848, 848, 889, 890, 849, 849, 890, 891, 850, 850, 891, 892, 851, 851, 892, 893, 852, 852, 893, 894, 853, 853, 894, 895, 854, 854, 895, 896, 855, 855, 896, 897, 856, 856, 897, 898, 857, 857, 898, 899, 858, 858, 899, 900, 859, 859, 900, 901, 860, 861, 902, 903, 862, 862, 903, 904, 863, 863, 904, 905, 864, 864, 905, 906, 865, 865, 906, 907, 866, 866, 907, 908, 867, 867, 908, 909, 868, 868, 909, 910, 869, 869, 910, 911, 870, 870, 911, 912, 871, 871, 912, 913, 872, 872, 913, 914, 873, 873, 914, 915, 874, 874, 915, 916, 875, 875, 916, 917, 876, 876, 917, 918, 877, 877, 918, 919, 878, 878, 919, 920, 879, 879, 920, 921, 880, 880, 921, 922, 881, 881, 922, 923, 882, 882, 923, 924, 883, 883, 924, 925, 884, 884, 925, 926, 885, 885, 926, 927, 886, 886, 927, 928, 887, 887, 928, 929, 888, 888, 929, 930, 889, 889, 930, 931, 890, 890, 931, 932, 891, 891, 932, 933, 892, 892, 933, 934, 893, 893, 934, 935, 894, 894, 935, 936, 895, 895, 936, 937, 896, 896, 937, 938, 897, 897, 938, 939, 898, 898, 939, 940, 899, 899, 940, 941, 900, 900, 941, 942, 901, 902, 943, 944, 903, 903, 944, 945, 904, 904, 945, 946, 905, 905, 946, 947, 906, 906, 947, 948, 907, 907, 948, 949, 908, 908, 949, 950, 909, 909, 950, 951, 910, 910, 951, 952, 911, 911, 952, 953, 912, 912, 953, 954, 913, 913, 954, 955, 914, 914, 955, 956, 915, 915, 956, 957, 916, 916, 957, 958, 917, 917, 958, 959, 918, 918, 959, 960, 919, 919, 960, 961, 920, 920, 961, 962, 921, 921, 962, 963, 922, 922, 963, 964, 923, 923, 964, 965, 924, 924, 965, 966, 925, 925, 966, 967, 926, 926, 967, 968, 927, 927, 968, 969, 928, 928, 969, 970, 929, 929, 970, 971, 930, 930, 971, 972, 931, 931, 972, 973, 932, 932, 973, 974, 933, 933, 974, 975, 934, 934, 975, 976, 935, 935, 976, 977, 936, 936, 977, 978, 937, 937, 978, 979, 938, 938, 979, 980, 939, 939, 980, 981, 940, 940, 981, 982, 941, 941, 982, 983, 942, 943, 984, 985, 944, 944, 985, 986, 945, 945, 986, 987, 946, 946, 987, 988, 947, 947, 988, 989, 948, 948, 989, 990, 949, 949, 990, 991, 950, 950, 991, 992, 951, 951, 992, 993, 952, 952, 993, 994, 953, 953, 994, 995, 954, 954, 995, 996, 955, 955, 996, 997, 956, 956, 997, 998, 957, 957, 998, 999, 958, 958, 999, 1000, 959, 959, 1000, 1001, 960, 960, 1001, 1002, 961, 961, 1002, 1003, 962, 962, 1003, 1004, 963, 963, 1004, 1005, 964, 964, 1005, 1006, 965, 965, 1006, 1007, 966, 966, 1007, 1008, 967, 967, 1008, 1009, 968, 968, 1009, 1010, 969, 969, 1010, 1011, 970, 970, 1011, 1012, 971, 971, 1012, 1013, 972, 972, 1013, 1014, 973, 973, 1014, 1015, 974, 974, 1015, 1016, 975, 975, 1016, 1017, 976, 976, 1017, 1018, 977, 977, 1018, 1019, 978, 978, 1019, 1020, 979, 979, 1020, 1021, 980, 980, 1021, 1022, 981, 981, 1022, 1023, 982, 982, 1023, 1024, 983, 984, 1025, 1026, 985, 985, 1026, 1027, 986, 986, 1027, 1028, 987, 987, 1028, 1029, 988, 988, 1029, 1030, 989, 989, 1030, 1031, 990, 990, 1031, 1032, 991, 991, 1032, 1033, 992, 992, 1033, 1034, 993, 993, 1034, 1035, 994, 994, 1035, 1036, 995, 995, 1036, 1037, 996, 996, 1037, 1038, 997, 997, 1038, 1039, 998, 998, 1039, 1040, 999, 999, 1040, 1041, 1000, 1000, 1041, 1042, 1001, 1001, 1042, 1043, 1002, 1002, 1043, 1044, 1003, 1003, 1044, 1045, 1004, 1004, 1045, 1046, 1005, 1005, 1046, 1047, 1006, 1006, 1047, 1048, 1007, 1007, 1048, 1049, 1008, 1008, 1049, 1050, 1009, 1009, 1050, 1051, 1010, 1010, 1051, 1052, 1011, 1011, 1052, 1053, 1012, 1012, 1053, 1054, 1013, 1013, 1054, 1055, 1014, 1014, 1055, 1056, 1015, 1015, 1056, 1057, 1016, 1016, 1057, 1058, 1017, 1017, 1058, 1059, 1018, 1018, 1059, 1060, 1019, 1019, 1060, 1061, 1020, 1020, 1061, 1062, 1021, 1021, 1062, 1063, 1022, 1022, 1063, 1064, 1023, 1023, 1064, 1065, 1024, 1025, 1066, 1067, 1026, 1026, 1067, 1068, 1027, 1027, 1068, 1069, 1028, 1028, 1069, 1070, 1029, 1029, 1070, 1071, 1030, 1030, 1071, 1072, 1031, 1031, 1072, 1073, 1032, 1032, 1073, 1074, 1033, 1033, 1074, 1075, 1034, 1034, 1075, 1076, 1035, 1035, 1076, 1077, 1036, 1036, 1077, 1078, 1037, 1037, 1078, 1079, 1038, 1038, 1079, 1080, 1039, 1039, 1080, 1081, 1040, 1040, 1081, 1082, 1041, 1041, 1082, 1083, 1042, 1042, 1083, 1084, 1043, 1043, 1084, 1085, 1044, 1044, 1085, 1086, 1045, 1045, 1086, 1087, 1046, 1046, 1087, 1088, 1047, 1047, 1088, 1089, 1048, 1048, 1089, 1090, 1049, 1049, 1090, 1091, 1050, 1050, 1091, 1092, 1051, 1051, 1092, 1093, 1052, 1052, 1093, 1094, 1053, 1053, 1094, 1095, 1054, 1054, 1095, 1096, 1055, 1055, 1096, 1097, 1056, 1056, 1097, 1098, 1057, 1057, 1098, 1099, 1058, 1058, 1099, 1100, 1059, 1059, 1100, 1101, 1060, 1060, 1101, 1102, 1061, 1061, 1102, 1103, 1062, 1062, 1103, 1104, 1063, 1063, 1104, 1105, 1064, 1064, 1105, 1106, 1065, 1066, 1107, 1108, 1067, 1067, 1108, 1109, 1068, 1068, 1109, 1110, 1069, 1069, 1110, 1111, 1070, 1070, 1111, 1112, 1071, 1071, 1112, 1113, 1072, 1072, 1113, 1114, 1073, 1073, 1114, 1115, 1074, 1074, 1115, 1116, 1075, 1075, 1116, 1117, 1076, 1076, 1117, 1118, 1077, 1077, 1118, 1119, 1078, 1078, 1119, 1120, 1079, 1079, 1120, 1121, 1080, 1080, 1121, 1122, 1081, 1081, 1122, 1123, 1082, 1082, 1123, 1124, 1083, 1083, 1124, 1125, 1084, 1084, 1125, 1126, 1085, 1085, 1126, 1127, 1086, 1086, 1127, 1128, 1087, 1087, 1128, 1129, 1088, 1088, 1129, 1130, 1089, 1089, 1130, 1131, 1090, 1090, 1131, 1132, 1091, 1091, 1132, 1133, 1092, 1092, 1133, 1134, 1093, 1093, 1134, 1135, 1094, 1094, 1135, 1136, 1095, 1095, 1136, 1137, 1096, 1096, 1137, 1138, 1097, 1097, 1138, 1139, 1098, 1098, 1139, 1140, 1099, 1099, 1140, 1141, 1100, 1100, 1141, 1142, 1101, 1101, 1142, 1143, 1102, 1102, 1143, 1144, 1103, 1103, 1144, 1145, 1104, 1104, 1145, 1146, 1105, 1105, 1146, 1147, 1106, 1107, 1148, 1149, 1108, 1108, 1149, 1150, 1109, 1109, 1150, 1151, 1110, 1110, 1151, 1152, 1111, 1111, 1152, 1153, 1112, 1112, 1153, 1154, 1113, 1113, 1154, 1155, 1114, 1114, 1155, 1156, 1115, 1115, 1156, 1157, 1116, 1116, 1157, 1158, 1117, 1117, 1158, 1159, 1118, 1118, 1159, 1160, 1119, 1119, 1160, 1161, 1120, 1120, 1161, 1162, 1121, 1121, 1162, 1163, 1122, 1122, 1163, 1164, 1123, 1123, 1164, 1165, 1124, 1124, 1165, 1166, 1125, 1125, 1166, 1167, 1126, 1126, 1167, 1168, 1127, 1127, 1168, 1169, 1128, 1128, 1169, 1170, 1129, 1129, 1170, 1171, 1130, 1130, 1171, 1172, 1131, 1131, 1172, 1173, 1132, 1132, 1173, 1174, 1133, 1133, 1174, 1175, 1134, 1134, 1175, 1176, 1135, 1135, 1176, 1177, 1136, 1136, 1177, 1178, 1137, 1137, 1178, 1179, 1138, 1138, 1179, 1180, 1139, 1139, 1180, 1181, 1140, 1140, 1181, 1182, 1141, 1141, 1182, 1183, 1142, 1142, 1183, 1184, 1143, 1143, 1184, 1185, 1144, 1144, 1185, 1186, 1145, 1145, 1186, 1187, 1146, 1146, 1187, 1188, 1147, 1148, 1189, 1190, 1149, 1149, 1190, 1191, 1150, 1150, 1191, 1192, 1151, 1151, 1192, 1193, 1152, 1152, 1193, 1194, 1153, 1153, 1194, 1195, 1154, 1154, 1195, 1196, 1155, 1155, 1196, 1197, 1156, 1156, 1197, 1198, 1157, 1157, 1198, 1199, 1158, 1158, 1199, 1200, 1159, 1159, 1200, 1201, 1160, 1160, 1201, 1202, 1161, 1161, 1202, 1203, 1162, 1162, 1203, 1204, 1163, 1163, 1204, 1205, 1164, 1164, 1205, 1206, 1165, 1165, 1206, 1207, 1166, 1166, 1207, 1208, 1167, 1167, 1208, 1209, 1168, 1168, 1209, 1210, 1169, 1169, 1210, 1211, 1170, 1170, 1211, 1212, 1171, 1171, 1212, 1213, 1172, 1172, 1213, 1214, 1173, 1173, 1214, 1215, 1174, 1174, 1215, 1216, 1175, 1175, 1216, 1217, 1176, 1176, 1217, 1218, 1177, 1177, 1218, 1219, 1178, 1178, 1219, 1220, 1179, 1179, 1220, 1221, 1180, 1180, 1221, 1222, 1181, 1181, 1222, 1223, 1182, 1182, 1223, 1224, 1183, 1183, 1224, 1225, 1184, 1184, 1225, 1226, 1185, 1185, 1226, 1227, 1186, 1186, 1227, 1228, 1187, 1187, 1228, 1229, 1188, 1189, 1230, 1231, 1190, 1190, 1231, 1232, 1191, 1191, 1232, 1233, 1192, 1192, 1233, 1234, 1193, 1193, 1234, 1235, 1194, 1194, 1235, 1236, 1195, 1195, 1236, 1237, 1196, 1196, 1237, 1238, 1197, 1197, 1238, 1239, 1198, 1198, 1239, 1240, 1199, 1199, 1240, 1241, 1200, 1200, 1241, 1242, 1201, 1201, 1242, 1243, 1202, 1202, 1243, 1244, 1203, 1203, 1244, 1245, 1204, 1204, 1245, 1246, 1205, 1205, 1246, 1247, 1206, 1206, 1247, 1248, 1207, 1207, 1248, 1249, 1208, 1208, 1249, 1250, 1209, 1209, 1250, 1251, 1210, 1210, 1251, 1252, 1211, 1211, 1252, 1253, 1212, 1212, 1253, 1254, 1213, 1213, 1254, 1255, 1214, 1214, 1255, 1256, 1215, 1215, 1256, 1257, 1216, 1216, 1257, 1258, 1217, 1217, 1258, 1259, 1218, 1218, 1259, 1260, 1219, 1219, 1260, 1261, 1220, 1220, 1261, 1262, 1221, 1221, 1262, 1263, 1222, 1222, 1263, 1264, 1223, 1223, 1264, 1265, 1224, 1224, 1265, 1266, 1225, 1225, 1266, 1267, 1226, 1226, 1267, 1268, 1227, 1227, 1268, 1269, 1228, 1228, 1269, 1270, 1229, 1230, 1271, 1272, 1231, 1231, 1272, 1273, 1232, 1232, 1273, 1274, 1233, 1233, 1274, 1275, 1234, 1234, 1275, 1276, 1235, 1235, 1276, 1277, 1236, 1236, 1277, 1278, 1237, 1237, 1278, 1279, 1238, 1238, 1279, 1280, 1239, 1239, 1280, 1281, 1240, 1240, 1281, 1282, 1241, 1241, 1282, 1283, 1242, 1242, 1283, 1284, 1243, 1243, 1284, 1285, 1244, 1244, 1285, 1286, 1245, 1245, 1286, 1287, 1246, 1246, 1287, 1288, 1247, 1247, 1288, 1289, 1248, 1248, 1289, 1290, 1249, 1249, 1290, 1291, 1250, 1250, 1291, 1292, 1251, 1251, 1292, 1293, 1252, 1252, 1293, 1294, 1253, 1253, 1294, 1295, 1254, 1254, 1295, 1296, 1255, 1255, 1296, 1297, 1256, 1256, 1297, 1298, 1257, 1257, 1298, 1299, 1258, 1258, 1299, 1300, 1259, 1259, 1300, 1301, 1260, 1260, 1301, 1302, 1261, 1261, 1302, 1303, 1262, 1262, 1303, 1304, 1263, 1263, 1304, 1305, 1264, 1264, 1305, 1306, 1265, 1265, 1306, 1307, 1266, 1266, 1307, 1308, 1267, 1267, 1308, 1309, 1268, 1268, 1309, 1310, 1269, 1269, 1310, 1311, 1270, 1271, 1312, 1313, 1272, 1272, 1313, 1314, 1273, 1273, 1314, 1315, 1274, 1274, 1315, 1316, 1275, 1275, 1316, 1317, 1276, 1276, 1317, 1318, 1277, 1277, 1318, 1319, 1278, 1278, 1319, 1320, 1279, 1279, 1320, 1321, 1280, 1280, 1321, 1322, 1281, 1281, 1322, 1323, 1282, 1282, 1323, 1324, 1283, 1283, 1324, 1325, 1284, 1284, 1325, 1326, 1285, 1285, 1326, 1327, 1286, 1286, 1327, 1328, 1287, 1287, 1328, 1329, 1288, 1288, 1329, 1330, 1289, 1289, 1330, 1331, 1290, 1290, 1331, 1332, 1291, 1291, 1332, 1333, 1292, 1292, 1333, 1334, 1293, 1293, 1334, 1335, 1294, 1294, 1335, 1336, 1295, 1295, 1336, 1337, 1296, 1296, 1337, 1338, 1297, 1297, 1338, 1339, 1298, 1298, 1339, 1340, 1299, 1299, 1340, 1341, 1300, 1300, 1341, 1342, 1301, 1301, 1342, 1343, 1302, 1302, 1343, 1344, 1303, 1303, 1344, 1345, 1304, 1304, 1345, 1346, 1305, 1305, 1346, 1347, 1306, 1306, 1347, 1348, 1307, 1307, 1348, 1349, 1308, 1308, 1349, 1350, 1309, 1309, 1350, 1351, 1310, 1310, 1351, 1352, 1311, 1312, 1353, 1354, 1313, 1313, 1354, 1355, 1314, 1314, 1355, 1356, 1315, 1315, 1356, 1357, 1316, 1316, 1357, 1358, 1317, 1317, 1358, 1359, 1318, 1318, 1359, 1360, 1319, 1319, 1360, 1361, 1320, 1320, 1361, 1362, 1321, 1321, 1362, 1363, 1322, 1322, 1363, 1364, 1323, 1323, 1364, 1365, 1324, 1324, 1365, 1366, 1325, 1325, 1366, 1367, 1326, 1326, 1367, 1368, 1327, 1327, 1368, 1369, 1328, 1328, 1369, 1370, 1329, 1329, 1370, 1371, 1330, 1330, 1371, 1372, 1331, 1331, 1372, 1373, 1332, 1332, 1373, 1374, 1333, 1333, 1374, 1375, 1334, 1334, 1375, 1376, 1335, 1335, 1376, 1377, 1336, 1336, 1377, 1378, 1337, 1337, 1378, 1379, 1338, 1338, 1379, 1380, 1339, 1339, 1380, 1381, 1340, 1340, 1381, 1382, 1341, 1341, 1382, 1383, 1342, 1342, 1383, 1384, 1343, 1343, 1384, 1385, 1344, 1344, 1385, 1386, 1345, 1345, 1386, 1387, 1346, 1346, 1387, 1388, 1347, 1347, 1388, 1389, 1348, 1348, 1389, 1390, 1349, 1349, 1390, 1391, 1350, 1350, 1391, 1392, 1351, 1351, 1392, 1393, 1352, 1353, 1394, 1395, 1354, 1354, 1395, 1396, 1355, 1355, 1396, 1397, 1356, 1356, 1397, 1398, 1357, 1357, 1398, 1399, 1358, 1358, 1399, 1400, 1359, 1359, 1400, 1401, 1360, 1360, 1401, 1402, 1361, 1361, 1402, 1403, 1362, 1362, 1403, 1404, 1363, 1363, 1404, 1405, 1364, 1364, 1405, 1406, 1365, 1365, 1406, 1407, 1366, 1366, 1407, 1408, 1367, 1367, 1408, 1409, 1368, 1368, 1409, 1410, 1369, 1369, 1410, 1411, 1370, 1370, 1411, 1412, 1371, 1371, 1412, 1413, 1372, 1372, 1413, 1414, 1373, 1373, 1414, 1415, 1374, 1374, 1415, 1416, 1375, 1375, 1416, 1417, 1376, 1376, 1417, 1418, 1377, 1377, 1418, 1419, 1378, 1378, 1419, 1420, 1379, 1379, 1420, 1421, 1380, 1380, 1421, 1422, 1381, 1381, 1422, 1423, 1382, 1382, 1423, 1424, 1383, 1383, 1424, 1425, 1384, 1384, 1425, 1426, 1385, 1385, 1426, 1427, 1386, 1386, 1427, 1428, 1387, 1387, 1428, 1429, 1388, 1388, 1429, 1430, 1389, 1389, 1430, 1431, 1390, 1390, 1431, 1432, 1391, 1391, 1432, 1433, 1392, 1392, 1433, 1434, 1393, 1394, 1435, 1436, 1395, 1395, 1436, 1437, 1396, 1396, 1437, 1438, 1397, 1397, 1438, 1439, 1398, 1398, 1439, 1440, 1399, 1399, 1440, 1441, 1400, 1400, 1441, 1442, 1401, 1401, 1442, 1443, 1402, 1402, 1443, 1444, 1403, 1403, 1444, 1445, 1404, 1404, 1445, 1446, 1405, 1405, 1446, 1447, 1406, 1406, 1447, 1448, 1407, 1407, 1448, 1449, 1408, 1408, 1449, 1450, 1409, 1409, 1450, 1451, 1410, 1410, 1451, 1452, 1411, 1411, 1452, 1453, 1412, 1412, 1453, 1454, 1413, 1413, 1454, 1455, 1414, 1414, 1455, 1456, 1415, 1415, 1456, 1457, 1416, 1416, 1457, 1458, 1417, 1417, 1458, 1459, 1418, 1418, 1459, 1460, 1419, 1419, 1460, 1461, 1420, 1420, 1461, 1462, 1421, 1421, 1462, 1463, 1422, 1422, 1463, 1464, 1423, 1423, 1464, 1465, 1424, 1424, 1465, 1466, 1425, 1425, 1466, 1467, 1426, 1426, 1467, 1468, 1427, 1427, 1468, 1469, 1428, 1428, 1469, 1470, 1429, 1429, 1470, 1471, 1430, 1430, 1471, 1472, 1431, 1431, 1472, 1473, 1432, 1432, 1473, 1474, 1433, 1433, 1474, 1475, 1434, 1435, 1476, 1477, 1436, 1436, 1477, 1478, 1437, 1437, 1478, 1479, 1438, 1438, 1479, 1480, 1439, 1439, 1480, 1481, 1440, 1440, 1481, 1482, 1441, 1441, 1482, 1483, 1442, 1442, 1483, 1484, 1443, 1443, 1484, 1485, 1444, 1444, 1485, 1486, 1445, 1445, 1486, 1487, 1446, 1446, 1487, 1488, 1447, 1447, 1488, 1489, 1448, 1448, 1489, 1490, 1449, 1449, 1490, 1491, 1450, 1450, 1491, 1492, 1451, 1451, 1492, 1493, 1452, 1452, 1493, 1494, 1453, 1453, 1494, 1495, 1454, 1454, 1495, 1496, 1455, 1455, 1496, 1497, 1456, 1456, 1497, 1498, 1457, 1457, 1498, 1499, 1458, 1458, 1499, 1500, 1459, 1459, 1500, 1501, 1460, 1460, 1501, 1502, 1461, 1461, 1502, 1503, 1462, 1462, 1503, 1504, 1463, 1463, 1504, 1505, 1464, 1464, 1505, 1506, 1465, 1465, 1506, 1507, 1466, 1466, 1507, 1508, 1467, 1467, 1508, 1509, 1468, 1468, 1509, 1510, 1469, 1469, 1510, 1511, 1470, 1470, 1511, 1512, 1471, 1471, 1512, 1513, 1472, 1472, 1513, 1514, 1473, 1473, 1514, 1515, 1474, 1474, 1515, 1516, 1475, 1476, 1517, 1518, 1477, 1477, 1518, 1519, 1478, 1478, 1519, 1520, 1479, 1479, 1520, 1521, 1480, 1480, 1521, 1522, 1481, 1481, 1522, 1523, 1482, 1482, 1523, 1524, 1483, 1483, 1524, 1525, 1484, 1484, 1525, 1526, 1485, 1485, 1526, 1527, 1486, 1486, 1527, 1528, 1487, 1487, 1528, 1529, 1488, 1488, 1529, 1530, 1489, 1489, 1530, 1531, 1490, 1490, 1531, 1532, 1491, 1491, 1532, 1533, 1492, 1492, 1533, 1534, 1493, 1493, 1534, 1535, 1494, 1494, 1535, 1536, 1495, 1495, 1536, 1537, 1496, 1496, 1537, 1538, 1497, 1497, 1538, 1539, 1498, 1498, 1539, 1540, 1499, 1499, 1540, 1541, 1500, 1500, 1541, 1542, 1501, 1501, 1542, 1543, 1502, 1502, 1543, 1544, 1503, 1503, 1544, 1545, 1504, 1504, 1545, 1546, 1505, 1505, 1546, 1547, 1506, 1506, 1547, 1548, 1507, 1507, 1548, 1549, 1508, 1508, 1549, 1550, 1509, 1509, 1550, 1551, 1510, 1510, 1551, 1552, 1511, 1511, 1552, 1553, 1512, 1512, 1553, 1554, 1513, 1513, 1554, 1555, 1514, 1514, 1555, 1556, 1515, 1515, 1556, 1557, 1516, 1517, 1558, 1559, 1518, 1518, 1559, 1560, 1519, 1519, 1560, 1561, 1520, 1520, 1561, 1562, 1521, 1521, 1562, 1563, 1522, 1522, 1563, 1564, 1523, 1523, 1564, 1565, 1524, 1524, 1565, 1566, 1525, 1525, 1566, 1567, 1526, 1526, 1567, 1568, 1527, 1527, 1568, 1569, 1528, 1528, 1569, 1570, 1529, 1529, 1570, 1571, 1530, 1530, 1571, 1572, 1531, 1531, 1572, 1573, 1532, 1532, 1573, 1574, 1533, 1533, 1574, 1575, 1534, 1534, 1575, 1576, 1535, 1535, 1576, 1577, 1536, 1536, 1577, 1578, 1537, 1537, 1578, 1579, 1538, 1538, 1579, 1580, 1539, 1539, 1580, 1581, 1540, 1540, 1581, 1582, 1541, 1541, 1582, 1583, 1542, 1542, 1583, 1584, 1543, 1543, 1584, 1585, 1544, 1544, 1585, 1586, 1545, 1545, 1586, 1587, 1546, 1546, 1587, 1588, 1547, 1547, 1588, 1589, 1548, 1548, 1589, 1590, 1549, 1549, 1590, 1591, 1550, 1550, 1591, 1592, 1551, 1551, 1592, 1593, 1552, 1552, 1593, 1594, 1553, 1553, 1594, 1595, 1554, 1554, 1595, 1596, 1555, 1555, 1596, 1597, 1556, 1556, 1597, 1598, 1557, 1558, 1599, 1600, 1559, 1559, 1600, 1601, 1560, 1560, 1601, 1602, 1561, 1561, 1602, 1603, 1562, 1562, 1603, 1604, 1563, 1563, 1604, 1605, 1564, 1564, 1605, 1606, 1565, 1565, 1606, 1607, 1566, 1566, 1607, 1608, 1567, 1567, 1608, 1609, 1568, 1568, 1609, 1610, 1569, 1569, 1610, 1611, 1570, 1570, 1611, 1612, 1571, 1571, 1612, 1613, 1572, 1572, 1613, 1614, 1573, 1573, 1614, 1615, 1574, 1574, 1615, 1616, 1575, 1575, 1616, 1617, 1576, 1576, 1617, 1618, 1577, 1577, 1618, 1619, 1578, 1578, 1619, 1620, 1579, 1579, 1620, 1621, 1580, 1580, 1621, 1622, 1581, 1581, 1622, 1623, 1582, 1582, 1623, 1624, 1583, 1583, 1624, 1625, 1584, 1584, 1625, 1626, 1585, 1585, 1626, 1627, 1586, 1586, 1627, 1628, 1587, 1587, 1628, 1629, 1588, 1588, 1629, 1630, 1589, 1589, 1630, 1631, 1590, 1590, 1631, 1632, 1591, 1591, 1632, 1633, 1592, 1592, 1633, 1634, 1593, 1593, 1634, 1635, 1594, 1594, 1635, 1636, 1595, 1595, 1636, 1637, 1596, 1596, 1637, 1638, 1597, 1597, 1638, 1639, 1598, 1599, 1640, 1641, 1600, 1600, 1641, 1642, 1601, 1601, 1642, 1643, 1602, 1602, 1643, 1644, 1603, 1603, 1644, 1645, 1604, 1604, 1645, 1646, 1605, 1605, 1646, 1647, 1606, 1606, 1647, 1648, 1607, 1607, 1648, 1649, 1608, 1608, 1649, 1650, 1609, 1609, 1650, 1651, 1610, 1610, 1651, 1652, 1611, 1611, 1652, 1653, 1612, 1612, 1653, 1654, 1613, 1613, 1654, 1655, 1614, 1614, 1655, 1656, 1615, 1615, 1656, 1657, 1616, 1616, 1657, 1658, 1617, 1617, 1658, 1659, 1618, 1618, 1659, 1660, 1619, 1619, 1660, 1661, 1620, 1620, 1661, 1662, 1621, 1621, 1662, 1663, 1622, 1622, 1663, 1664, 1623, 1623, 1664, 1665, 1624, 1624, 1665, 1666, 1625, 1625, 1666, 1667, 1626, 1626, 1667, 1668, 1627, 1627, 1668, 1669, 1628, 1628, 1669, 1670, 1629, 1629, 1670, 1671, 1630, 1630, 1671, 1672, 1631, 1631, 1672, 1673, 1632, 1632, 1673, 1674, 1633, 1633, 1674, 1675, 1634, 1634, 1675, 1676, 1635, 1635, 1676, 1677, 1636, 1636, 1677, 1678, 1637, 1637, 1678, 1679, 1638, 1638, 1679, 1680, 1639]
            rel material:binding = </Root/Materials/FloorSpill>
            normal3f[] normals = [(0, 1, 0), (0, 1, 0), (0, 1, 0), (0, 1, 0), (0, 1, 0), (0, 1, 0), (0, 1, 0), (0, 1, 0), (0, 1, 0), (0, 1, 0), (0, 1, 0), (0, 1, 0), (0, 1, 0), (0, 1, 0), (0, 1, 0), (0, 1, 0), (0, 1, 0), (0, 1, 0), (0, 1, 0), (0, 1, 0), (0, 1, 0), (0, 1, 0), (0, 1, 0), (0, 1, 0), (0, 1, 0), (0, 1, 0), (0, 1, 0), (0, 1, 0), (0, 1, 0), (0, 1, 0), (0, 1, 0), (0, 1, 0), (0, 1, 0), (0, 1, 0), (0, 1, 0), (0, 1, 0), (0, 1, 0), (0, 1, 0), (0, 1, 0), (0, 1, 0), (0, 1, 0), (0, 1, 0), (0, 1, 0), (0, 1, 0), (0, 1, 0), (0, 1, 0), (0, 1, 0), (0, 1, 0), (0, 1, 0), (0, 1, 0), (0, 1, 0), (0, 1, 0), (0, 1, 0), (0, 1, 0), (0, 1, 0), (0, 1, 0), (0, 1, 0), (0, 1, 0), (0, 1, 0), (0, 1, 0), (0, 1, 0), (0, 1, 0), (0, 1, 0), (0, 1, 0), (0, 1, 0), (0, 1, 0), (0, 1, 0), (0, 1, 0), (0, 1, 0), (0, 1, 0), (0, 1, 0), (0, 1, 0), (0, 1, 0), (0, 1, 0), (0, 1, 0), (0, 1, 0), (0, 1, 0), (0, 1, 0), (0, 1, 0), (0, 1, 0), (0, 1, 0), (0, 1, 0), (0, 1, 0), (0, 1, 0), (0, 1, 0), (0, 1, 0), (0, 1, 0), (0, 1, 0), (0, 1, 0), (0, 1, 0), (0, 1, 0), (0, 1, 0), (0, 1, 0), (0, 1, 0), (0, 1, 0), (0, 1, 0), (0, 1, 0), (0, 1, 0), (0, 1, 0), (0, 1, 0), (0, 1, 0), (0, 1, 0), (0, 1, 0), (0, 1, 0), (0, 1, 0), (0, 1, 0), (0, 1, 0), (0, 1, 0), (0, 1, 0), (0, 1, 0), (0, 1, 0), (0, 1, 0), (0, 1, 0), (0, 1, 0), (0, 1, 0), (0, 1, 0), (0, 1, 0), (0, 1, 0), (0, 1, 0), (0, 1, 0), (0, 1, 0), (0, 1, 0), (0, 1, 0), (0, 1, 0), (0, 1, 0), (0, 1, 0), (0, 1, 0), (0, 1, 0), (0, 1, 0), (0, 1, 0), (0, 1, 0), (0, 1, 0), (0, 1, 0), (0, 1, 0), (0, 1, 0), (0, 1, 0), (0, 1, 0), (0, 1, 0), (0, 1, 0), (0, 1, 0), (0, 1, 0), (0, 1, 0), (0, 1, 0), (0, 1, 0), (0, 1, 0), (0, 1, 0), (0, 1, 0), (0, 1, 0), (0, 1, 0), (0, 1, 0), (0, 1, 0), (0, 1, 0), (0, 1, 0), (0, 1, 0), (0, 1, 0), (0, 1, 0), (0, 1, 0), (0, 1, 0), (0, 1, 0), (0, 1, 0), (0, 1, 0), (0, 1, 0), (0, 1, 0), (0, 1, 0), (0, 1, 0), (0, 1, 0), (0, 1, 0), (0, 1, 0), (0, 1, 0), (0, 1, 0), (0, 1, 0), (0, 1, 0), (0, 1, 0), (0, 1, 0), (0, 1, 0), (0, 1, 0), (0, 1, 0), (0, 1, 0), (0, 1, 0), (0, 1, 0), (0, 1, 0), (0, 1, 0), (0, 1, 0), (0, 1, 0), (0, 1, 0), (0, 1, 0), (0, 1, 0), (0, 1, 0), (0, 1, 0), (0, 1, 0), (0, 1, 0), (0, 1, 0), (0, 1, 0), (0, 1, 0), (0, 1, 0), (0, 1, 0), (0, 1, 0), (0, 1, 0), (0, 1, 0), (0, 1, 0), (0, 1, 0), (0, 1, 0), (0, 1, 0), (0, 1, 0), (0, 1, 0), (0, 1, 0), (0, 1, 0), (0, 1, 0), (0, 1, 0), (0, 1, 0), (0, 1, 0), (0, 1, 0), (0, 1, 0), (0, 1, 0), (0, 1, 0), (0, 1, 0), (0, 1, 0), (0, 1, 0), (0, 1, 0), (0, 1, 0), (0, 1, 0), (0, 1, 0), (0, 1, 0), (0, 1, 0), (0, 1, 0), (0, 1, 0), (0, 1, 0), (0, 1, 0), (0, 1, 0), (0, 1, 0), (0, 1, 0), (0, 1, 0), (0, 1, 0), (0, 1, 0), (0, 1, 0), (0, 1, 0), (0, 1, 0), (0, 1, 0), (0, 1, 0), (0, 1, 0), (0, 1, 0), (0, 1, 0), (0, 1, 0), (0, 1, 0), (0, 1, 0), (0, 1, 0), (0, 1, 0), (0, 1, 0), (0, 1, 0), (0, 1, 0), (0, 1, 0), (0, 1, 0), (0, 1, 0), (0, 1, 0), (0, 1, 0), (0, 1, 0), (0, 1, 0), (0, 1, 0), (0, 1, 0), (0, 1, 0), (0, 1, 0), (0, 1, 0), (0, 1, 0), (0, 1, 0), (0, 1, 0), (0, 1, 0), (0, 1, 0), (0, 1, 0), (0, 1, 0), (0, 1, 0), (0, 1, 0), (0, 1, 0), (0, 1, 0), (0, 1, 0), (0, 1, 0), (0, 1, 0), (0, 1, 0), (0, 1, 0), (0, 1, 0), (0, 1, 0), (0, 1, 0), (0, 1, 0), (0, 1, 0), (0, 1, 0), (0, 1, 0), (0, 1, 0), (0, 1, 0), (0, 1, 0), (0, 1, 0), (0, 1, 0), (0, 1, 0), (0, 1, 0), (0, 1, 0), (0, 1, 0), (0, 1, 0), (0, 1, 0), (0, 1, 0), (0, 1, 0), (0, 1, 0), (0, 1, 0), (0, 1, 0), (0, 1, 0), (0, 1, 0), (0, 1, 0), (0, 1, 0), (0, 1, 0), (0, 1, 0), (0, 1, 0), (0, 1, 0), (0, 1, 0), (0, 1, 0), (0, 1, 0), (0, 1, 0), (0, 1, 0), (0, 1, 0), (0, 1, 0), (0, 1, 0), (0, 1, 0), (0, 1, 0), (0, 1, 0), (0, 1, 0), (0, 1, 0), (0, 1, 0), (0, 1, 0), (0, 1, 0), (0, 1, 0), (0, 1, 0), (0, 1, 0), (0, 1, 0), (0, 1, 0), (0, 1, 0), (0, 1, 0), (0, 1, 0), (0, 1, 0), (0, 1, 0), (0, 1, 0), (0, 1, 0), (0, 1, 0), (0, 1, 0), (0, 1, 0), (0, 1, 0), (0, 1, 0), (0, 1, 0), (0, 1, 0), (0, 1, 0), (0, 1, 0), (0, 1, 0), (0, 1, 0), (0, 1, 0), (0, 1, 0), (0, 1, 0), (0, 1, 0), (0, 1, 0), (0, 1, 0), (0, 1, 0), (0, 1, 0), (0, 1, 0), (0, 1, 0), (0, 1, 0), (0, 1, 0), (0, 1, 0), (0, 1, 0), (0, 1, 0), (0, 1, 0), (0, 1, 0), (0, 1, 0), (0, 1, 0), (0, 1, 0), (0, 1, 0), (0, 1, 0), (0, 1, 0), (0, 1, 0), (0, 1, 0), (0, 1, 0), (0, 1, 0), (0, 1, 0), (0, 1, 0), (0, 1, 0), (0, 1, 0), (0, 1, 0), (0, 1, 0), (0, 1, 0), (0, 1, 0), (0, 1, 0), (0, 1, 0), (0, 1, 0), (0, 1, 0), (0, 1, 0), (0, 1, 0), (0, 1, 0), (0, 1, 0), (0, 1, 0), (0, 1, 0), (0, 1, 0), (0, 1, 0), (0, 1, 0), (0, 1, 0), (0, 1, 0), (0, 1, 0), (0, 1, 0), (0, 1, 0), (0, 1, 0), (0, 1, 0), (0, 1, 0), (0, 1, 0), (0, 1, 0), (0, 1, 0), (0, 1, 0), (0, 1, 0), (0, 1, 0), (0, 1, 0), (0, 1, 0), (0, 1, 0), (0, 1, 0), (0, 1, 0), (0, 1, 0), (0, 1, 0), (0, 1, 0), (0, 1, 0), (0, 1, 0), (0, 1, 0), (0, 1, 0), (0, 1, 0), (0, 1, 0), (0, 1, 0), (0, 1, 0), (0, 1, 0), (0, 1, 0), (0, 1, 0), (0, 1, 0), (0, 1, 0), (0, 1, 0), (0, 1, 0), (0, 1, 0), (0, 1, 0), (0, 1, 0), (0, 1, 0), (0, 1, 0), (0, 1, 0), (0, 1, 0), (0, 1, 0), (0, 1, 0), (0, 1, 0), (0, 1, 0), (0, 1, 0), (0, 1, 0), (0, 1, 0), (0, 1, 0), (0, 1, 0), (0, 1, 0), (0, 1, 0), (0, 1, 0), (0, 1, 0), (0, 1, 0), (0, 1, 0), (0, 1, 0), (0, 1, 0), (0, 1, 0), (0, 1, 0), (0, 1, 0), (0, 1, 0), (0, 1, 0), (0, 1, 0), (0, 1, 0), (0, 1, 0), (0, 1, 0), (0, 1, 0), (0, 1, 0), (0, 1, 0), (0, 1, 0), (0, 1, 0), (0, 1, 0), (0, 1, 0), (0, 1, 0), (0, 1, 0), (0, 1, 0), (0, 1, 0), (0, 1, 0), (0, 1, 0), (0, 1, 0), (0, 1, 0), (0, 1, 0), (0, 1, 0), (0, 1, 0), (0, 1, 0), (0, 1, 0), (0, 1, 0), (0, 1, 0), (0, 1, 0), (0, 1, 0), (0, 1, 0), (0, 1, 0), (0, 1, 0), (0, 1, 0), (0, 1, 0), (0, 1, 0), (0, 1, 0), (0, 1, 0), (0, 1, 0), (0, 1, 0), (0, 1, 0), (0, 1, 0), (0, 1, 0), (0, 1, 0), (0, 1, 0), (0, 1, 0), (0, 1, 0), (0, 1, 0), (0, 1, 0), (0, 1, 0), (0, 1, 0), (0, 1, 0), (0, 1, 0), (0, 1, 0), (0, 1, 0), (0, 1, 0), (0, 1, 0), (0, 1, 0), (0, 1, 0), (0, 1, 0), (0, 1, 0), (0, 1, 0), (0, 1, 0), (0, 1, 0), (0, 1, 0), (0, 1, 0), (0, 1, 0), (0, 1, 0), (0, 1, 0), (0, 1, 0), (0, 1, 0), (0, 1, 0), (0, 1, 0), (0, 1, 0), (0, 1, 0), (0, 1, 0), (0, 1, 0), (0, 1, 0), (0, 1, 0), (0, 1, 0), (0, 1, 0), (0, 1, 0), (0, 1, 0), (0, 1, 0), (0, 1, 0), (0, 1, 0), (0, 1, 0), (0, 1, 0), (0, 1, 0), (0, 1, 0), (0, 1, 0), (0, 1, 0), (0, 1, 0), (0, 1, 0), (0, 1, 0), (0, 1, 0), (0, 1, 0), (0, 1, 0), (0, 1, 0), (0, 1, 0), (0, 1, 0), (0, 1, 0), (0, 1, 0), (0, 1, 0), (0, 1, 0), (0, 1, 0), (0, 1, 0), (0, 1, 0), (0, 1, 0), (0, 1, 0), (0, 1, 0), (0, 1, 0), (0, 1, 0), (0, 1, 0), (0, 1, 0), (0, 1, 0), (0, 1, 0), (0, 1, 0), (0, 1, 0), (0, 1, 0), (0, 1, 0), (0, 1, 0), (0, 1, 0), (0, 1, 0), (0, 1, 0), (0, 1, 0), (0, 1, 0), (0, 1, 0), (0, 1, 0), (0, 1, 0), (0, 1, 0), (0, 1, 0), (0, 1, 0), (0, 1, 0), (0, 1, 0), (0, 1, 0), (0, 1, 0), (0, 1, 0), (0, 1, 0), (0, 1, 0), (0, 1, 0), (0, 1, 0), (0, 1, 0), (0, 1, 0), (0, 1, 0), (0, 1, 0), (0, 1, 0), (0, 1, 0), (0, 1, 0), (0, 1, 0), (0, 1, 0), (0, 1, 0), (0, 1, 0), (0, 1, 0), (0, 1, 0), (0, 1, 0), (0, 1, 0), (0, 1, 0), (0, 1, 0), (0, 1, 0), (0, 1, 0), (0, 1, 0), (0, 1, 0), (0, 1, 0), (0, 1, 0), (0, 1, 0), (0, 1, 0), (0, 1, 0), (0, 1, 0), (0, 1, 0), (0, 1, 0), (0, 1, 0), (0, 1, 0), (0, 1, 0), (0, 1, 0), (0, 1, 0), (0, 1, 0), (0, 1, 0), (0, 1, 0), (0, 1, 0), (0, 1, 0), (0, 1, 0), (0, 1, 0), (0, 1, 0), (0, 1, 0), (0, 1, 0), (0, 1, 0), (0, 1, 0), (0, 1, 0), (0, 1, 0), (0, 1, 0), (0, 1, 0), (0, 1, 0), (0, 1, 0), (0, 1, 0), (0, 1, 0), (0, 1, 0), (0, 1, 0), (0, 1, 0), (0, 1, 0), (0, 1, 0), (0, 1, 0), (0, 1, 0), (0, 1, 0), (0, 1, 0), (0, 1, 0), (0, 1, 0), (0, 1, 0), (0, 1, 0), (0, 1, 0), (0, 1, 0), (0, 1, 0), (0, 1, 0), (0, 1, 0), (0, 1, 0), (0, 1, 0), (0, 1, 0), (0, 1, 0), (0, 1, 0), (0, 1, 0), (0, 1, 0), (0, 1, 0), (0, 1, 0), (0, 1, 0), (0, 1, 0), (0, 1, 0), (0, 1, 0), (0, 1, 0), (0, 1, 0), (0, 1, 0), (0, 1, 0), (0, 1, 0), (0, 1, 0), (0, 1, 0), (0, 1, 0), (0, 1, 0), (0, 1, 0), (0, 1, 0), (0, 1, 0), (0, 1, 0), (0, 1, 0), (0, 1, 0), (0, 1, 0), (0, 1, 0), (0, 1, 0), (0, 1, 0), (0, 1, 0), (0, 1, 0), (0, 1, 0), (0, 1, 0), (0, 1, 0), (0, 1, 0), (0, 1, 0), (0, 1, 0), (0, 1, 0), (0, 1, 0), (0, 1, 0), (0, 1, 0), (0, 1, 0), (0, 1, 0), (0, 1, 0), (0, 1, 0), (0, 1, 0), (0, 1, 0), (0, 1, 0), (0, 1, 0), (0, 1, 0), (0, 1, 0), (0, 1, 0), (0, 1, 0), (0, 1, 0), (0, 1, 0), (0, 1, 0), (0, 1, 0), (0, 1, 0), (0, 1, 0), (0, 1, 0), (0, 1, 0), (0, 1, 0), (0, 1, 0), (0, 1, 0), (0, 1, 0), (0, 1, 0), (0, 1, 0), (0, 1, 0), (0, 1, 0), (0, 1, 0), (0, 1, 0), (0, 1, 0), (0, 1, 0), (0, 1, 0), (0, 1, 0), (0, 1, 0), (0, 1, 0), (0, 1, 0), (0, 1, 0), (0, 1, 0), (0, 1, 0), (0, 1, 0), (0, 1, 0), (0, 1, 0), (0, 1, 0), (0, 1, 0), (0, 1, 0), (0, 1, 0), (0, 1, 0), (0, 1, 0), (0, 1, 0), (0, 1, 0), (0, 1, 0), (0, 1, 0), (0, 1, 0), (0, 1, 0), (0, 1, 0), (0, 1, 0), (0, 1, 0), (0, 1, 0), (0, 1, 0), (0, 1, 0), (0, 1, 0), (0, 1, 0), (0, 1, 0), (0, 1, 0), (0, 1, 0), (0, 1, 0), (0, 1, 0), (0, 1, 0), (0, 1, 0), (0, 1, 0), (0, 1, 0), (0, 1, 0), (0, 1, 0), (0, 1, 0), (0, 1, 0), (0, 1, 0), (0, 1, 0), (0, 1, 0), (0, 1, 0), (0, 1, 0), (0, 1, 0), (0, 1, 0), (0, 1, 0), (0, 1, 0), (0, 1, 0), (0, 1, 0), (0, 1, 0), (0, 1, 0), (0, 1, 0), (0, 1, 0), (0, 1, 0), (0, 1, 0), (0, 1, 0), (0, 1, 0), (0, 1, 0), (0, 1, 0), (0, 1, 0), (0, 1, 0), (0, 1, 0), (0, 1, 0), (0, 1, 0), (0, 1, 0), (0, 1, 0), (0, 1, 0), (0, 1, 0), (0, 1, 0), (0, 1, 0), (0, 1, 0), (0, 1, 0), (0, 1, 0), (0, 1, 0), (0, 1, 0), (0, 1, 0), (0, 1, 0), (0, 1, 0), (0, 1, 0), (0, 1, 0), (0, 1, 0), (0, 1, 0), (0, 1, 0), (0, 1, 0), (0, 1, 0), (0, 1, 0), (0, 1, 0), (0, 1, 0), (0, 1, 0), (0, 1, 0), (0, 1, 0), (0, 1, 0), (0, 1, 0), (0, 1, 0), (0, 1, 0), (0, 1, 0), (0, 1, 0), (0, 1, 0), (0, 1, 0), (0, 1, 0), (0, 1, 0), (0, 1, 0), (0, 1, 0), (0, 1, 0), (0, 1, 0), (0, 1, 0), (0, 1, 0), (0, 1, 0), (0, 1, 0), (0, 1, 0), (0, 1, 0), (0, 1, 0), (0, 1, 0), (0, 1, 0), (0, 1, 0), (0, 1, 0), (0, 1, 0), (0, 1, 0), (0, 1, 0), (0, 1, 0), (0, 1, 0), (0, 1, 0), (0, 1, 0), (0, 1, 0), (0, 1, 0), (0, 1, 0), (0, 1, 0), (0, 1, 0), (0, 1, 0), (0, 1, 0), (0, 1, 0), (0, 1, 0), (0, 1, 0), (0, 1, 0), (0, 1, 0), (0, 1, 0), (0, 1, 0), (0, 1, 0), (0, 1, 0), (0, 1, 0), (0, 1, 0), (0, 1, 0), (0, 1, 0), (0, 1, 0), (0, 1, 0), (0, 1, 0), (0, 1, 0), (0, 1, 0), (0, 1, 0), (0, 1, 0), (0, 1, 0), (0, 1, 0), (0, 1, 0), (0, 1, 0), (0, 1, 0), (0, 1, 0), (0, 1, 0), (0, 1, 0), (0, 1, 0), (0, 1, 0), (0, 1, 0), (0, 1, 0), (0, 1, 0), (0, 1, 0), (0, 1, 0), (0, 1, 0), (0, 1, 0), (0, 1, 0), (0, 1, 0), (0, 1, 0), (0, 1, 0), (0, 1, 0), (0, 1, 0), (0, 1, 0), (0, 1, 0), (0, 1, 0), (0, 1, 0), (0, 1, 0), (0, 1, 0), (0, 1, 0), (0, 1, 0), (0, 1, 0), (0, 1, 0), (0, 1, 0), (0, 1, 0), (0, 1, 0), (0, 1, 0), (0, 1, 0), (0, 1, 0), (0, 1, 0), (0, 1, 0), (0, 1, 0), (0, 1, 0), (0, 1, 0), (0, 1, 0), (0, 1, 0), (0, 1, 0), (0, 1, 0), (0, 1, 0), (0, 1, 0), (0, 1, 0), (0, 1, 0), (0, 1, 0), (0, 1, 0), (0, 1, 0), (0, 1, 0), (0, 1, 0), (0, 1, 0), (0, 1, 0), (0, 1, 0), (0, 1, 0), (0, 1, 0), (0, 1, 0), (0, 1, 0), (0, 1, 0), (0, 1, 0), (0, 1, 0), (0, 1, 0), (0, 1, 0), (0, 1, 0), (0, 1, 0), (0, 1, 0), (0, 1, 0), (0, 1, 0), (0, 1, 0), (0, 1, 0), (0, 1, 0), (0, 1, 0), (0, 1, 0), (0, 1, 0), (0, 1, 0), (0, 1, 0), (0, 1, 0), (0, 1, 0), (0, 1, 0), (0, 1, 0), (0, 1, 0), (0, 1, 0), (0, 1, 0), (0, 1, 0), (0, 1, 0), (0, 1, 0), (0, 1, 0), (0, 1, 0), (0, 1, 0), (0, 1, 0), (0, 1, 0), (0, 1, 0), (0, 1, 0), (0, 1, 0), (0, 1, 0), (0, 1, 0), (0, 1, 0), (0, 1, 0), (0, 1, 0), (0, 1, 0), (0, 1, 0), (0, 1, 0), (0, 1, 0), (0, 1, 0), (0, 1, 0), (0, 1, 0), (0, 1, 0), (0, 1, 0), (0, 1, 0), (0, 1, 0), (0, 1, 0), (0, 1, 0), (0, 1, 0), (0, 1, 0), (0, 1, 0), (0, 1, 0), (0, 1, 0), (0, 1, 0), (0, 1, 0), (0, 1, 0), (0, 1, 0), (0, 1, 0), (0, 1, 0), (0, 1, 0), (0, 1, 0), (0, 1, 0), (0, 1, 0), (0, 1, 0), (0, 1, 0), (0, 1, 0), (0, 1, 0), (0, 1, 0), (0, 1, 0), (0, 1, 0), (0, 1, 0), (0, 1, 0), (0, 1, 0), (0, 1, 0), (0, 1, 0), (0, 1, 0), (0, 1, 0), (0, 1, 0), (0, 1, 0), (0, 1, 0), (0, 1, 0), (0, 1, 0), (0, 1, 0), (0, 1, 0), (0, 1, 0), (0, 1, 0), (0, 1, 0), (0, 1, 0), (0, 1, 0), (0, 1, 0), (0, 1, 0), (0, 1, 0), (0, 1, 0), (0, 1, 0), (0, 1, 0), (0, 1, 0), (0, 1, 0), (0, 1, 0), (0, 1, 0), (0, 1, 0), (0, 1, 0), (0, 1, 0), (0, 1, 0), (0, 1, 0), (0, 1, 0), (0, 1, 0), (0, 1, 0), (0, 1, 0), (0, 1, 0), (0, 1, 0), (0, 1, 0), (0, 1, 0), (0, 1, 0), (0, 1, 0), (0, 1, 0), (0, 1, 0), (0, 1, 0), (0, 1, 0), (0, 1, 0), (0, 1, 0), (0, 1, 0), (0, 1, 0), (0, 1, 0), (0, 1, 0), (0, 1, 0), (0, 1, 0), (0, 1, 0), (0, 1, 0), (0, 1, 0), (0, 1, 0), (0, 1, 0), (0, 1, 0), (0, 1, 0), (0, 1, 0), (0, 1, 0), (0, 1, 0), (0, 1, 0), (0, 1, 0), (0, 1, 0), (0, 1, 0), (0, 1, 0), (0, 1, 0), (0, 1, 0), (0, 1, 0), (0, 1, 0), (0, 1, 0), (0, 1, 0), (0, 1, 0), (0, 1, 0), (0, 1, 0), (0, 1, 0), (0, 1, 0), (0, 1, 0), (0, 1, 0), (0, 1, 0), (0, 1, 0), (0, 1, 0), (0, 1, 0), (0, 1, 0), (0, 1, 0), (0, 1, 0), (0, 1, 0), (0, 1, 0), (0, 1, 0), (0, 1, 0), (0, 1, 0), (0, 1, 0), (0, 1, 0), (0, 1, 0), (0, 1, 0), (0, 1, 0), (0, 1, 0), (0, 1, 0), (0, 1, 0), (0, 1, 0), (0, 1, 0), (0, 1, 0), (0, 1, 0), (0, 1, 0), (0, 1, 0), (0, 1, 0), (0, 1, 0), (0, 1, 0), (0, 1, 0), (0, 1, 0), (0, 1, 0), (0, 1, 0), (0, 1, 0), (0, 1, 0), (0, 1, 0), (0, 1, 0), (0, 1, 0), (0, 1, 0), (0, 1, 0), (0, 1, 0), (0, 1, 0), (0, 1, 0), (0, 1, 0), (0, 1, 0), (0, 1, 0), (0, 1, 0), (0, 1, 0), (0, 1, 0), (0, 1, 0), (0, 1, 0), (0, 1, 0), (0, 1, 0), (0, 1, 0), (0, 1, 0), (0, 1, 0), (0, 1, 0), (0, 1, 0), (0, 1, 0), (0, 1, 0), (0, 1, 0), (0, 1, 0), (0, 1, 0), (0, 1, 0), (0, 1, 0), (0, 1, 0), (0, 1, 0), (0, 1, 0), (0, 1, 0), (0, 1, 0), (0, 1, 0), (0, 1, 0), (0, 1, 0), (0, 1, 0), (0, 1, 0), (0, 1, 0), (0, 1, 0), (0, 1, 0), (0, 1, 0), (0, 1, 0), (0, 1, 0), (0, 1, 0), (0, 1, 0), (0, 1, 0), (0, 1, 0), (0, 1, 0), (0, 1, 0), (0, 1, 0), (0, 1, 0), (0, 1, 0), (0, 1, 0), (0, 1, 0), (0, 1, 0), (0, 1, 0), (0, 1, 0), (0, 1, 0), (0, 1, 0), (0, 1, 0), (0, 1, 0), (0, 1, 0), (0, 1, 0), (0, 1, 0), (0, 1, 0), (0, 1, 0), (0, 1, 0), (0, 1, 0), (0, 1, 0), (0, 1, 0), (0, 1, 0), (0, 1, 0), (0, 1, 0), (0, 1, 0), (0, 1, 0), (0, 1, 0), (0, 1, 0), (0, 1, 0), (0, 1, 0), (0, 1, 0), (0, 1, 0), (0, 1, 0), (0, 1, 0), (0, 1, 0), (0, 1, 0), (0, 1, 0), (0, 1, 0), (0, 1, 0), (0, 1, 0), (0, 1, 0), (0, 1, 0), (0, 1, 0), (0, 1, 0), (0, 1, 0), (0, 1, 0), (0, 1, 0), (0, 1, 0), (0, 1, 0), (0, 1, 0), (0, 1, 0), (0, 1, 0), (0, 1, 0), (0, 1, 0), (0, 1, 0), (0, 1, 0), (0, 1, 0), (0, 1, 0), (0, 1, 0), (0, 1, 0), (0, 1, 0), (0, 1, 0), (0, 1, 0), (0, 1, 0), (0, 1, 0), (0, 1, 0), (0, 1, 0), (0, 1, 0), (0, 1, 0), (0, 1, 0), (0, 1, 0), (0, 1, 0), (0, 1, 0), (0, 1, 0), (0, 1, 0), (0, 1, 0), (0, 1, 0), (0, 1, 0), (0, 1, 0), (0, 1, 0), (0, 1, 0), (0, 1, 0), (0, 1, 0), (0, 1, 0), (0, 1, 0), (0, 1, 0), (0, 1, 0), (0, 1, 0), (0, 1, 0), (0, 1, 0), (0, 1, 0), (0, 1, 0), (0, 1, 0), (0, 1, 0), (0, 1, 0), (0, 1, 0), (0, 1, 0), (0, 1, 0), (0, 1, 0), (0, 1, 0), (0, 1, 0), (0, 1, 0), (0, 1, 0), (0, 1, 0), (0, 1, 0), (0, 1, 0), (0, 1, 0), (0, 1, 0), (0, 1, 0), (0, 1, 0), (0, 1, 0), (0, 1, 0), (0, 1, 0), (0, 1, 0), (0, 1, 0), (0, 1, 0), (0, 1, 0), (0, 1, 0), (0, 1, 0), (0, 1, 0), (0, 1, 0), (0, 1, 0), (0, 1, 0), (0, 1, 0), (0, 1, 0), (0, 1, 0), (0, 1, 0), (0, 1, 0), (0, 1, 0), (0, 1, 0), (0, 1, 0), (0, 1, 0), (0, 1, 0), (0, 1, 0), (0, 1, 0), (0, 1, 0), (0, 1, 0), (0, 1, 0), (0, 1, 0), (0, 1, 0), (0, 1, 0), (0, 1, 0), (0, 1, 0), (0, 1, 0), (0, 1, 0), (0, 1, 0), (0, 1, 0), (0, 1, 0), (0, 1, 0), (0, 1, 0), (0, 1, 0), (0, 1, 0), (0, 1, 0), (0, 1, 0), (0, 1, 0), (0, 1, 0), (0, 1, 0), (0, 1, 0), (0, 1, 0), (0, 1, 0), (0, 1, 0), (0, 1, 0), (0, 1, 0), (0, 1, 0), (0, 1, 0), (0, 1, 0), (0, 1, 0), (0, 1, 0), (0, 1, 0), (0, 1, 0), (0, 1, 0), (0, 1, 0), (0, 1, 0), (0, 1, 0), (0, 1, 0), (0, 1, 0), (0, 1, 0), (0, 1, 0), (0, 1, 0), (0, 1, 0), (0, 1, 0), (0, 1, 0), (0, 1, 0), (0, 1, 0), (0, 1, 0), (0, 1, 0), (0, 1, 0), (0, 1, 0), (0, 1, 0), (0, 1, 0), (0, 1, 0), (0, 1, 0), (0, 1, 0), (0, 1, 0), (0, 1, 0), (0, 1, 0), (0, 1, 0), (0, 1, 0), (0, 1, 0), (0, 1, 0), (0, 1, 0), (0, 1, 0), (0, 1, 0), (0, 1, 0), (0, 1, 0), (0, 1, 0), (0, 1, 0), (0, 1, 0), (0, 1, 0), (0, 1, 0), (0, 1, 0), (0, 1, 0), (0, 1, 0), (0, 1, 0), (0, 1, 0), (0, 1, 0), (0, 1, 0), (0, 1, 0), (0, 1, 0), (0, 1, 0), (0, 1, 0), (0, 1, 0), (0, 1, 0), (0, 1, 0), (0, 1, 0), (0, 1, 0), (0, 1, 0), (0, 1, 0), (0, 1, 0), (0, 1, 0), (0, 1, 0), (0, 1, 0), (0, 1, 0), (0, 1, 0), (0, 1, 0), (0, 1, 0), (0, 1, 0), (0, 1, 0), (0, 1, 0), (0, 1, 0), (0, 1, 0), (0, 1, 0), (0, 1, 0), (0, 1, 0), (0, 1, 0), (0, 1, 0), (0, 1, 0), (0, 1, 0), (0, 1, 0), (0, 1, 0), (0, 1, 0), (0, 1, 0), (0, 1, 0), (0, 1, 0), (0, 1, 0), (0, 1, 0), (0, 1, 0), (0, 1, 0), (0, 1, 0), (0, 1, 0), (0, 1, 0), (0, 1, 0), (0, 1, 0), (0, 1, 0), (0, 1, 0), (0, 1, 0), (0, 1, 0), (0, 1, 0), (0, 1, 0), (0, 1, 0), (0, 1, 0), (0, 1, 0), (0, 1, 0), (0, 1, 0), (0, 1, 0), (0, 1, 0), (0, 1, 0), (0, 1, 0), (0, 1, 0), (0, 1, 0), (0, 1, 0), (0, 1, 0), (0, 1, 0), (0, 1, 0), (0, 1, 0), (0, 1, 0), (0, 1, 0), (0, 1, 0), (0, 1, 0), (0, 1, 0), (0, 1, 0), (0, 1, 0), (0, 1, 0), (0, 1, 0), (0, 1, 0), (0, 1, 0), (0, 1, 0), (0, 1, 0), (0, 1, 0), (0, 1, 0), (0, 1, 0), (0, 1, 0), (0, 1, 0), (0, 1, 0), (0, 1, 0), (0, 1, 0), (0, 1, 0), (0, 1, 0), (0, 1, 0), (0, 1, 0), (0, 1, 0), (0, 1, 0), (0, 1, 0), (0, 1, 0), (0, 1, 0), (0, 1, 0), (0, 1, 0), (0, 1, 0), (0, 1, 0), (0, 1, 0), (0, 1, 0), (0, 1, 0), (0, 1, 0), (0, 1, 0), (0, 1, 0), (0, 1, 0), (0, 1, 0), (0, 1, 0), (0, 1, 0), (0, 1, 0), (0, 1, 0), (0, 1, 0), (0, 1, 0), (0, 1, 0), (0, 1, 0), (0, 1, 0), (0, 1, 0), (0, 1, 0), (0, 1, 0), (0, 1, 0), (0, 1, 0), (0, 1, 0), (0, 1, 0), (0, 1, 0), (0, 1, 0), (0, 1, 0), (0, 1, 0), (0, 1, 0), (0, 1, 0), (0, 1, 0), (0, 1, 0), (0, 1, 0), (0, 1, 0), (0, 1, 0), (0, 1, 0), (0, 1, 0), (0, 1, 0), (0, 1, 0), (0, 1, 0), (0, 1, 0), (0, 1, 0), (0, 1, 0), (0, 1, 0), (0, 1, 0), (0, 1, 0), (0, 1, 0), (0, 1, 0), (0, 1, 0), (0, 1, 0), (0, 1, 0), (0, 1, 0), (0, 1, 0), (0, 1, 0), (0, 1, 0), (0, 1, 0), (0, 1, 0), (0, 1, 0), (0, 1, 0), (0, 1, 0), (0, 1, 0), (0, 1, 0), (0, 1, 0), (0, 1, 0), (0, 1, 0), (0, 1, 0), (0, 1, 0), (0, 1, 0), (0, 1, 0), (0, 1, 0), (0, 1, 0), (0, 1, 0), (0, 1, 0), (0, 1, 0), (0, 1, 0), (0, 1, 0), (0, 1, 0), (0, 1, 0), (0, 1, 0), (0, 1, 0), (0, 1, 0), (0, 1, 0), (0, 1, 0), (0, 1, 0), (0, 1, 0), (0, 1, 0), (0, 1, 0), (0, 1, 0), (0, 1, 0), (0, 1, 0), (0, 1, 0), (0, 1, 0), (0, 1, 0), (0, 1, 0), (0, 1, 0), (0, 1, 0), (0, 1, 0), (0, 1, 0), (0, 1, 0), (0, 1, 0), (0, 1, 0), (0, 1, 0), (0, 1, 0), (0, 1, 0), (0, 1, 0), (0, 1, 0), (0, 1, 0), (0, 1, 0), (0, 1, 0), (0, 1, 0), (0, 1, 0), (0, 1, 0), (0, 1, 0), (0, 1, 0), (0, 1, 0), (0, 1, 0), (0, 1, 0), (0, 1, 0), (0, 1, 0), (0, 1, 0), (0, 1, 0), (0, 1, 0), (0, 1, 0), (0, 1, 0), (0, 1, 0), (0, 1, 0), (0, 1, 0), (0, 1, 0), (0, 1, 0), (0, 1, 0), (0, 1, 0), (0, 1, 0), (0, 1, 0), (0, 1, 0), (0, 1, 0), (0, 1, 0), (0, 1, 0), (0, 1, 0), (0, 1, 0), (0, 1, 0), (0, 1, 0), (0, 1, 0), (0, 1, 0), (0, 1, 0), (0, 1, 0)] (
                interpolation = "vertex"
            )
            point3f[] points = [(-35, -1.4, -12.200001), (-33.25, -1.4, -12.200001), (-31.5, -1.4, -12.200001), (-29.75, -1.4, -12.200001), (-28, -1.4, -12.200001), (-26.25, -1.4, -12.200001), (-24.5, -1.4, -12.200001), (-22.75, -1.4, -12.200001), (-21, -1.4, -12.200001), (-19.25, -1.4, -12.200001), (-17.5, -1.4, -12.200001), (-15.75, -1.4, -12.200001), (-14, -1.4, -12.200001), (-12.25, -1.4, -12.200001), (-10.5, -1.4, -12.200001), (-8.75, -1.4, -12.200001), (-7, -1.4, -12.200001), (-5.25, -1.4, -12.200001), (-3.5, -1.4, -12.200001), (-1.75, -1.4, -12.200001), (0, -1.4, -12.200001), (1.75, -1.4, -12.200001), (3.5, -1.4, -12.200001), (5.25, -1.4, -12.200001), (7, -1.4, -12.200001), (8.75, -1.4, -12.200001), (10.5, -1.4, -12.200001), (12.25, -1.4, -12.200001), (14, -1.4, -12.200001), (15.75, -1.4, -12.200001), (17.5, -1.4, -12.200001), (19.25, -1.4, -12.200001), (21, -1.4, -12.200001), (22.75, -1.4, -12.200001), (24.5, -1.4, -12.200001), (26.25, -1.4, -12.200001), (28, -1.4, -12.200001), (29.75, -1.4, -12.200001), (31.5, -1.4, -12.200001), (33.25, -1.4, -12.200001), (35, -1.4, -12.200001), (-35, -1.4, -11.620001), (-33.25, -1.4, -11.620001), (-31.5, -1.4, -11.620001), (-29.75, -1.4, -11.620001), (-28, -1.4, -11.620001), (-26.25, -1.4, -11.620001), (-24.5, -1.4, -11.620001), (-22.75, -1.4, -11.620001), (-21, -1.4, -11.620001), (-19.25, -1.4, -11.620001), (-17.5, -1.4, -11.620001), (-15.75, -1.4, -11.620001), (-14, -1.4, -11.620001), (-12.25, -1.4, -11.620001), (-10.5, -1.4, -11.620001), (-8.75, -1.4, -11.620001), (-7, -1.4, -11.620001), (-5.25, -1.4, -11.620001), (-3.5, -1.4, -11.620001), (-1.75, -1.4, -11.620001), (0, -1.4, -11.620001), (1.75, -1.4, -11.620001), (3.5, -1.4, -11.620001), (5.25, -1.4, -11.620001), (7, -1.4, -11.620001), (8.75, -1.4, -11.620001), (10.5, -1.4, -11.620001), (12.25, -1.4, -11.620001), (14, -1.4, -11.620001), (15.75, -1.4, -11.620001), (17.5, -1.4, -11.620001), (19.25, -1.4, -11.620001), (21, -1.4, -11.620001), (22.75, -1.4, -11.620001), (24.5, -1.4, -11.620001), (26.25, -1.4, -11.620001), (28, -1.4, -11.620001), (29.75, -1.4, -11.620001), (31.5, -1.4, -11.620001), (33.25, -1.4, -11.620001), (35, -1.4, -11.620001), (-35, -1.4, -11.04), (-33.25, -1.4, -11.04), (-31.5, -1.4, -11.04), (-29.75, -1.4, -11.04), (-28, -1.4, -11.04), (-26.25, -1.4, -11.04), (-24.5, -1.4, -11.04), (-22.75, -1.4, -11.04), (-21, -1.4, -11.04), (-19.25, -1.4, -11.04), (-17.5, -1.4, -11.04), (-15.75, -1.4, -11.04), (-14, -1.4, -11.04), (-12.25, -1.4, -11.04), (-10.5, -1.4, -11.04), (-8.75, -1.4, -11.04), (-7, -1.4, -11.04), (-5.25, -1.4, -11.04), (-3.5, -1.4, -11.04), (-1.75, -1.4, -11.04), (0, -1.4, -11.04), (1.75, -1.4, -11.04), (3.5, -1.4, -11.04), (5.25, -1.4, -11.04), (7, -1.4, -11.04), (8.75, -1.4, -11.04), (10.5, -1.4, -11.04), (12.25, -1.4, -11.04), (14, -1.4, -11.04), (15.75, -1.4, -11.04), (17.5, -1.4, -11.04), (19.25, -1.4, -11.04), (21, -1.4, -11.04), (22.75, -1.4, -11.04), (24.5, -1.4, -11.04), (26.25, -1.4, -11.04), (28, -1.4, -11.04), (29.75, -1.4, -11.04), (31.5, -1.4, -11.04), (33.25, -1.4, -11.04), (35, -1.4, -11.04), (-35, -1.4, -10.46), (-33.25, -1.4, -10.46), (-31.5, -1.4, -10.46), (-29.75, -1.4, -10.46), (-28, -1.4, -10.46), (-26.25, -1.4, -10.46), (-24.5, -1.4, -10.46), (-22.75, -1.4, -10.46), (-21, -1.4, -10.46), (-19.25, -1.4, -10.46), (-17.5, -1.4, -10.46), (-15.75, -1.4, -10.46), (-14, -1.4, -10.46), (-12.25, -1.4, -10.46), (-10.5, -1.4, -10.46), (-8.75, -1.4, -10.46), (-7, -1.4, -10.46), (-5.25, -1.4, -10.46), (-3.5, -1.4, -10.46), (-1.75, -1.4, -10.46), (0, -1.4, -10.46), (1.75, -1.4, -10.46), (3.5, -1.4, -10.46), (5.25, -1.4, -10.46), (7, -1.4, -10.46), (8.75, -1.4, -10.46), (10.5, -1.4, -10.46), (12.25, -1.4, -10.46), (14, -1.4, -10.46), (15.75, -1.4, -10.46), (17.5, -1.4, -10.46), (19.25, -1.4, -10.46), (21, -1.4, -10.46), (22.75, -1.4, -10.46), (24.5, -1.4, -10.46), (26.25, -1.4, -10.46), (28, -1.4, -10.46), (29.75, -1.4, -10.46), (31.5, -1.4, -10.46), (33.25, -1.4, -10.46), (35, -1.4, -10.46), (-35, -1.4, -9.88), (-33.25, -1.4, -9.88), (-31.5, -1.4, -9.88), (-29.75, -1.4, -9.88), (-28, -1.4, -9.88), (-26.25, -1.4, -9.88), (-24.5, -1.4, -9.88), (-22.75, -1.4, -9.88), (-21, -1.4, -9.88), (-19.25, -1.4, -9.88), (-17.5, -1.4, -9.88), (-15.75, -1.4, -9.88), (-14, -1.4, -9.88), (-12.25, -1.4, -9.88), (-10.5, -1.4, -9.88), (-8.75, -1.4, -9.88), (-7, -1.4, -9.88), (-5.25, -1.4, -9.88), (-3.5, -1.4, -9.88), (-1.75, -1.4, -9.88), (0, -1.4, -9.88), (1.75, -1.4, -9.88), (3.5, -1.4, -9.88), (5.25, -1.4, -9.88), (7, -1.4, -9.88), (8.75, -1.4, -9.88), (10.5, -1.4, -9.88), (12.25, -1.4, -9.88), (14, -1.4, -9.88), (15.75, -1.4, -9.88), (17.5, -1.4, -9.88), (19.25, -1.4, -9.88), (21, -1.4, -9.88), (22.75, -1.4, -9.88), (24.5, -1.4, -9.88), (26.25, -1.4, -9.88), (28, -1.4, -9.88), (29.75, -1.4, -9.88), (31.5, -1.4, -9.88), (33.25, -1.4, -9.88), (35, -1.4, -9.88), (-35, -1.4, -9.3), (-33.25, -1.4, -9.3), (-31.5, -1.4, -9.3), (-29.75, -1.4, -9.3), (-28, -1.4, -9.3), (-26.25, -1.4, -9.3), (-24.5, -1.4, -9.3), (-22.75, -1.4, -9.3), (-21, -1.4, -9.3), (-19.25, -1.4, -9.3), (-17.5, -1.4, -9.3), (-15.75, -1.4, -9.3), (-14, -1.4, -9.3), (-12.25, -1.4, -9.3), (-10.5, -1.4, -9.3), (-8.75, -1.4, -9.3), (-7, -1.4, -9.3), (-5.25, -1.4, -9.3), (-3.5, -1.4, -9.3), (-1.75, -1.4, -9.3), (0, -1.4, -9.3), (1.75, -1.4, -9.3), (3.5, -1.4, -9.3), (5.25, -1.4, -9.3), (7, -1.4, -9.3), (8.75, -1.4, -9.3), (10.5, -1.4, -9.3), (12.25, -1.4, -9.3), (14, -1.4, -9.3), (15.75, -1.4, -9.3), (17.5, -1.4, -9.3), (19.25, -1.4, -9.3), (21, -1.4, -9.3), (22.75, -1.4, -9.3), (24.5, -1.4, -9.3), (26.25, -1.4, -9.3), (28, -1.4, -9.3), (29.75, -1.4, -9.3), (31.5, -1.4, -9.3), (33.25, -1.4, -9.3), (35, -1.4, -9.3), (-35, -1.4, -8.72), (-33.25, -1.4, -8.72), (-31.5, -1.4, -8.72), (-29.75, -1.4, -8.72), (-28, -1.4, -8.72), (-26.25, -1.4, -8.72), (-24.5, -1.4, -8.72), (-22.75, -1.4, -8.72), (-21, -1.4, -8.72), (-19.25, -1.4, -8.72), (-17.5, -1.4, -8.72), (-15.75, -1.4, -8.72), (-14, -1.4, -8.72), (-12.25, -1.4, -8.72), (-10.5, -1.4, -8.72), (-8.75, -1.4, -8.72), (-7, -1.4, -8.72), (-5.25, -1.4, -8.72), (-3.5, -1.4, -8.72), (-1.75, -1.4, -8.72), (0, -1.4, -8.72), (1.75, -1.4, -8.72), (3.5, -1.4, -8.72), (5.25, -1.4, -8.72), (7, -1.4, -8.72), (8.75, -1.4, -8.72), (10.5, -1.4, -8.72), (12.25, -1.4, -8.72), (14, -1.4, -8.72), (15.75, -1.4, -8.72), (17.5, -1.4, -8.72), (19.25, -1.4, -8.72), (21, -1.4, -8.72), (22.75, -1.4, -8.72), (24.5, -1.4, -8.72), (26.25, -1.4, -8.72), (28, -1.4, -8.72), (29.75, -1.4, -8.72), (31.5, -1.4, -8.72), (33.25, -1.4, -8.72), (35, -1.4, -8.72), (-35, -1.4, -8.14), (-33.25, -1.4, -8.14), (-31.5, -1.4, -8.14), (-29.75, -1.4, -8.14), (-28, -1.4, -8.14), (-26.25, -1.4, -8.14), (-24.5, -1.4, -8.14), (-22.75, -1.4, -8.14), (-21, -1.4, -8.14), (-19.25, -1.4, -8.14), (-17.5, -1.4, -8.14), (-15.75, -1.4, -8.14), (-14, -1.4, -8.14), (-12.25, -1.4, -8.14), (-10.5, -1.4, -8.14), (-8.75, -1.4, -8.14), (-7, -1.4, -8.14), (-5.25, -1.4, -8.14), (-3.5, -1.4, -8.14), (-1.75, -1.4, -8.14), (0, -1.4, -8.14), (1.75, -1.4, -8.14), (3.5, -1.4, -8.14), (5.25, -1.4, -8.14), (7, -1.4, -8.14), (8.75, -1.4, -8.14), (10.5, -1.4, -8.14), (12.25, -1.4, -8.14), (14, -1.4, -8.14), (15.75, -1.4, -8.14), (17.5, -1.4, -8.14), (19.25, -1.4, -8.14), (21, -1.4, -8.14), (22.75, -1.4, -8.14), (24.5, -1.4, -8.14), (26.25, -1.4, -8.14), (28, -1.4, -8.14), (29.75, -1.4, -8.14), (31.5, -1.4, -8.14), (33.25, -1.4, -8.14), (35, -1.4, -8.14), (-35, -1.4, -7.56), (-33.25, -1.4, -7.56), (-31.5, -1.4, -7.56), (-29.75, -1.4, -7.56), (-28, -1.4, -7.56), (-26.25, -1.4, -7.56), (-24.5, -1.4, -7.56), (-22.75, -1.4, -7.56), (-21, -1.4, -7.56), (-19.25, -1.4, -7.56), (-17.5, -1.4, -7.56), (-15.75, -1.4, -7.56), (-14, -1.4, -7.56), (-12.25, -1.4, -7.56), (-10.5, -1.4, -7.56), (-8.75, -1.4, -7.56), (-7, -1.4, -7.56), (-5.25, -1.4, -7.56), (-3.5, -1.4, -7.56), (-1.75, -1.4, -7.56), (0, -1.4, -7.56), (1.75, -1.4, -7.56), (3.5, -1.4, -7.56), (5.25, -1.4, -7.56), (7, -1.4, -7.56), (8.75, -1.4, -7.56), (10.5, -1.4, -7.56), (12.25, -1.4, -7.56), (14, -1.4, -7.56), (15.75, -1.4, -7.56), (17.5, -1.4, -7.56), (19.25, -1.4, -7.56), (21, -1.4, -7.56), (22.75, -1.4, -7.56), (24.5, -1.4, -7.56), (26.25, -1.4, -7.56), (28, -1.4, -7.56), (29.75, -1.4, -7.56), (31.5, -1.4, -7.56), (33.25, -1.4, -7.56), (35, -1.4, -7.56), (-35, -1.4, -6.98), (-33.25, -1.4, -6.98), (-31.5, -1.4, -6.98), (-29.75, -1.4, -6.98), (-28, -1.4, -6.98), (-26.25, -1.4, -6.98), (-24.5, -1.4, -6.98), (-22.75, -1.4, -6.98), (-21, -1.4, -6.98), (-19.25, -1.4, -6.98), (-17.5, -1.4, -6.98), (-15.75, -1.4, -6.98), (-14, -1.4, -6.98), (-12.25, -1.4, -6.98), (-10.5, -1.4, -6.98), (-8.75, -1.4, -6.98), (-7, -1.4, -6.98), (-5.25, -1.4, -6.98), (-3.5, -1.4, -6.98), (-1.75, -1.4, -6.98), (0, -1.4, -6.98), (1.75, -1.4, -6.98), (3.5, -1.4, -6.98), (5.25, -1.4, -6.98), (7, -1.4, -6.98), (8.75, -1.4, -6.98), (10.5, -1.4, -6.98), (12.25, -1.4, -6.98), (14, -1.4, -6.98), (15.75, -1.4, -6.98), (17.5, -1.4, -6.98), (19.25, -1.4, -6.98), (21, -1.4, -6.98), (22.75, -1.4, -6.98), (24.5, -1.4, -6.98), (26.25, -1.4, -6.98), (28, -1.4, -6.98), (29.75, -1.4, -6.98), (31.5, -1.4, -6.98), (33.25, -1.4, -6.98), (35, -1.4, -6.98), (-35, -1.4, -6.4), (-33.25, -1.4, -6.4), (-31.5, -1.4, -6.4), (-29.75, -1.4, -6.4), (-28, -1.4, -6.4), (-26.25, -1.4, -6.4), (-24.5, -1.4, -6.4), (-22.75, -1.4, -6.4), (-21, -1.4, -6.4), (-19.25, -1.4, -6.4), (-17.5, -1.4, -6.4), (-15.75, -1.4, -6.4), (-14, -1.4, -6.4), (-12.25, -1.4, -6.4), (-10.5, -1.4, -6.4), (-8.75, -1.4, -6.4), (-7, -1.4, -6.4), (-5.25, -1.4, -6.4), (-3.5, -1.4, -6.4), (-1.75, -1.4, -6.4), (0, -1.4, -6.4), (1.75, -1.4, -6.4), (3.5, -1.4, -6.4), (5.25, -1.4, -6.4), (7, -1.4, -6.4), (8.75, -1.4, -6.4), (10.5, -1.4, -6.4), (12.25, -1.4, -6.4), (14, -1.4, -6.4), (15.75, -1.4, -6.4), (17.5, -1.4, -6.4), (19.25, -1.4, -6.4), (21, -1.4, -6.4), (22.75, -1.4, -6.4), (24.5, -1.4, -6.4), (26.25, -1.4, -6.4), (28, -1.4, -6.4), (29.75, -1.4, -6.4), (31.5, -1.4, -6.4), (33.25, -1.4, -6.4), (35, -1.4, -6.4), (-35, -1.4, -5.8199997), (-33.25, -1.4, -5.8199997), (-31.5, -1.4, -5.8199997), (-29.75, -1.4, -5.8199997), (-28, -1.4, -5.8199997), (-26.25, -1.4, -5.8199997), (-24.5, -1.4, -5.8199997), (-22.75, -1.4, -5.8199997), (-21, -1.4, -5.8199997), (-19.25, -1.4, -5.8199997), (-17.5, -1.4, -5.8199997), (-15.75, -1.4, -5.8199997), (-14, -1.4, -5.8199997), (-12.25, -1.4, -5.8199997), (-10.5, -1.4, -5.8199997), (-8.75, -1.4, -5.8199997), (-7, -1.4, -5.8199997), (-5.25, -1.4, -5.8199997), (-3.5, -1.4, -5.8199997), (-1.75, -1.4, -5.8199997), (0, -1.4, -5.8199997), (1.75, -1.4, -5.8199997), (3.5, -1.4, -5.8199997), (5.25, -1.4, -5.8199997), (7, -1.4, -5.8199997), (8.75, -1.4, -5.8199997), (10.5, -1.4, -5.8199997), (12.25, -1.4, -5.8199997), (14, -1.4, -5.8199997), (15.75, -1.4, -5.8199997), (17.5, -1.4, -5.8199997), (19.25, -1.4, -5.8199997), (21, -1.4, -5.8199997), (22.75, -1.4, -5.8199997), (24.5, -1.4, -5.8199997), (26.25, -1.4, -5.8199997), (28, -1.4, -5.8199997), (29.75, -1.4, -5.8199997), (31.5, -1.4, -5.8199997), (33.25, -1.4, -5.8199997), (35, -1.4, -5.8199997), (-35, -1.4, -5.24), (-33.25, -1.4, -5.24), (-31.5, -1.4, -5.24), (-29.75, -1.4, -5.24), (-28, -1.4, -5.24), (-26.25, -1.4, -5.24), (-24.5, -1.4, -5.24), (-22.75, -1.4, -5.24), (-21, -1.4, -5.24), (-19.25, -1.4, -5.24), (-17.5, -1.4, -5.24), (-15.75, -1.4, -5.24), (-14, -1.4, -5.24), (-12.25, -1.4, -5.24), (-10.5, -1.4, -5.24), (-8.75, -1.4, -5.24), (-7, -1.4, -5.24), (-5.25, -1.4, -5.24), (-3.5, -1.4, -5.24), (-1.75, -1.4, -5.24), (0, -1.4, -5.24), (1.75, -1.4, -5.24), (3.5, -1.4, -5.24), (5.25, -1.4, -5.24), (7, -1.4, -5.24), (8.75, -1.4, -5.24), (10.5, -1.4, -5.24), (12.25, -1.4, -5.24), (14, -1.4, -5.24), (15.75, -1.4, -5.24), (17.5, -1.4, -5.24), (19.25, -1.4, -5.24), (21, -1.4, -5.24), (22.75, -1.4, -5.24), (24.5, -1.4, -5.24), (26.25, -1.4, -5.24), (28, -1.4, -5.24), (29.75, -1.4, -5.24), (31.5, -1.4, -5.24), (33.25, -1.4, -5.24), (35, -1.4, -5.24), (-35, -1.4, -4.66), (-33.25, -1.4, -4.66), (-31.5, -1.4, -4.66), (-29.75, -1.4, -4.66), (-28, -1.4, -4.66), (-26.25, -1.4, -4.66), (-24.5, -1.4, -4.66), (-22.75, -1.4, -4.66), (-21, -1.4, -4.66), (-19.25, -1.4, -4.66), (-17.5, -1.4, -4.66), (-15.75, -1.4, -4.66), (-14, -1.4, -4.66), (-12.25, -1.4, -4.66), (-10.5, -1.4, -4.66), (-8.75, -1.4, -4.66), (-7, -1.4, -4.66), (-5.25, -1.4, -4.66), (-3.5, -1.4, -4.66), (-1.75, -1.4, -4.66), (0, -1.4, -4.66), (1.75, -1.4, -4.66), (3.5, -1.4, -4.66), (5.25, -1.4, -4.66), (7, -1.4, -4.66), (8.75, -1.4, -4.66), (10.5, -1.4, -4.66), (12.25, -1.4, -4.66), (14, -1.4, -4.66), (15.75, -1.4, -4.66), (17.5, -1.4, -4.66), (19.25, -1.4, -4.66), (21, -1.4, -4.66), (22.75, -1.4, -4.66), (24.5, -1.4, -4.66), (26.25, -1.4, -4.66), (28, -1.4, -4.66), (29.75, -1.4, -4.66), (31.5, -1.4, -4.66), (33.25, -1.4, -4.66), (35, -1.4, -4.66), (-35, -1.4, -4.08), (-33.25, -1.4, -4.08), (-31.5, -1.4, -4.08), (-29.75, -1.4, -4.08), (-28, -1.4, -4.08), (-26.25, -1.4, -4.08), (-24.5, -1.4, -4.08), (-22.75, -1.4, -4.08), (-21, -1.4, -4.08), (-19.25, -1.4, -4.08), (-17.5, -1.4, -4.08), (-15.75, -1.4, -4.08), (-14, -1.4, -4.08), (-12.25, -1.4, -4.08), (-10.5, -1.4, -4.08), (-8.75, -1.4, -4.08), (-7, -1.4, -4.08), (-5.25, -1.4, -4.08), (-3.5, -1.4, -4.08), (-1.75, -1.4, -4.08), (0, -1.4, -4.08), (1.75, -1.4, -4.08), (3.5, -1.4, -4.08), (5.25, -1.4, -4.08), (7, -1.4, -4.08), (8.75, -1.4, -4.08), (10.5, -1.4, -4.08), (12.25, -1.4, -4.08), (14, -1.4, -4.08), (15.75, -1.4, -4.08), (17.5, -1.4, -4.08), (19.25, -1.4, -4.08), (21, -1.4, -4.08), (22.75, -1.4, -4.08), (24.5, -1.4, -4.08), (26.25, -1.4, -4.08), (28, -1.4, -4.08), (29.75, -1.4, -4.08), (31.5, -1.4, -4.08), (33.25, -1.4, -4.08), (35, -1.4, -4.08), (-35, -1.4, -3.5), (-33.25, -1.4, -3.5), (-31.5, -1.4, -3.5), (-29.75, -1.4, -3.5), (-28, -1.4, -3.5), (-26.25, -1.4, -3.5), (-24.5, -1.4, -3.5), (-22.75, -1.4, -3.5), (-21, -1.4, -3.5), (-19.25, -1.4, -3.5), (-17.5, -1.4, -3.5), (-15.75, -1.4, -3.5), (-14, -1.4, -3.5), (-12.25, -1.4, -3.5), (-10.5, -1.4, -3.5), (-8.75, -1.4, -3.5), (-7, -1.4, -3.5), (-5.25, -1.4, -3.5), (-3.5, -1.4, -3.5), (-1.75, -1.4, -3.5), (0, -1.4, -3.5), (1.75, -1.4, -3.5), (3.5, -1.4, -3.5), (5.25, -1.4, -3.5), (7, -1.4, -3.5), (8.75, -1.4, -3.5), (10.5, -1.4, -3.5), (12.25, -1.4, -3.5), (14, -1.4, -3.5), (15.75, -1.4, -3.5), (17.5, -1.4, -3.5), (19.25, -1.4, -3.5), (21, -1.4, -3.5), (22.75, -1.4, -3.5), (24.5, -1.4, -3.5), (26.25, -1.4, -3.5), (28, -1.4, -3.5), (29.75, -1.4, -3.5), (31.5, -1.4, -3.5), (33.25, -1.4, -3.5), (35, -1.4, -3.5), (-35, -1.4, -2.92), (-33.25, -1.4, -2.92), (-31.5, -1.4, -2.92), (-29.75, -1.4, -2.92), (-28, -1.4, -2.92), (-26.25, -1.4, -2.92), (-24.5, -1.4, -2.92), (-22.75, -1.4, -2.92), (-21, -1.4, -2.92), (-19.25, -1.4, -2.92), (-17.5, -1.4, -2.92), (-15.75, -1.4, -2.92), (-14, -1.4, -2.92), (-12.25, -1.4, -2.92), (-10.5, -1.4, -2.92), (-8.75, -1.4, -2.92), (-7, -1.4, -2.92), (-5.25, -1.4, -2.92), (-3.5, -1.4, -2.92), (-1.75, -1.4, -2.92), (0, -1.4, -2.92), (1.75, -1.4, -2.92), (3.5, -1.4, -2.92), (5.25, -1.4, -2.92), (7, -1.4, -2.92), (8.75, -1.4, -2.92), (10.5, -1.4, -2.92), (12.25, -1.4, -2.92), (14, -1.4, -2.92), (15.75, -1.4, -2.92), (17.5, -1.4, -2.92), (19.25, -1.4, -2.92), (21, -1.4, -2.92), (22.75, -1.4, -2.92), (24.5, -1.4, -2.92), (26.25, -1.4, -2.92), (28, -1.4, -2.92), (29.75, -1.4, -2.92), (31.5, -1.4, -2.92), (33.25, -1.4, -2.92), (35, -1.4, -2.92), (-35, -1.4, -2.3400002), (-33.25, -1.4, -2.3400002), (-31.5, -1.4, -2.3400002), (-29.75, -1.4, -2.3400002), (-28, -1.4, -2.3400002), (-26.25, -1.4, -2.3400002), (-24.5, -1.4, -2.3400002), (-22.75, -1.4, -2.3400002), (-21, -1.4, -2.3400002), (-19.25, -1.4, -2.3400002), (-17.5, -1.4, -2.3400002), (-15.75, -1.4, -2.3400002), (-14, -1.4, -2.3400002), (-12.25, -1.4, -2.3400002), (-10.5, -1.4, -2.3400002), (-8.75, -1.4, -2.3400002), (-7, -1.4, -2.3400002), (-5.25, -1.4, -2.3400002), (-3.5, -1.4, -2.3400002), (-1.75, -1.4, -2.3400002), (0, -1.4, -2.3400002), (1.75, -1.4, -2.3400002), (3.5, -1.4, -2.3400002), (5.25, -1.4, -2.3400002), (7, -1.4, -2.3400002), (8.75, -1.4, -2.3400002), (10.5, -1.4, -2.3400002), (12.25, -1.4, -2.3400002), (14, -1.4, -2.3400002), (15.75, -1.4, -2.3400002), (17.5, -1.4, -2.3400002), (19.25, -1.4, -2.3400002), (21, -1.4, -2.3400002), (22.75, -1.4, -2.3400002), (24.5, -1.4, -2.3400002), (26.25, -1.4, -2.3400002), (28, -1.4, -2.3400002), (29.75, -1.4, -2.3400002), (31.5, -1.4, -2.3400002), (33.25, -1.4, -2.3400002), (35, -1.4, -2.3400002), (-35, -1.4, -1.76), (-33.25, -1.4, -1.76), (-31.5, -1.4, -1.76), (-29.75, -1.4, -1.76), (-28, -1.4, -1.76), (-26.25, -1.4, -1.76), (-24.5, -1.4, -1.76), (-22.75, -1.4, -1.76), (-21, -1.4, -1.76), (-19.25, -1.4, -1.76), (-17.5, -1.4, -1.76), (-15.75, -1.4, -1.76), (-14, -1.4, -1.76), (-12.25, -1.4, -1.76), (-10.5, -1.4, -1.76), (-8.75, -1.4, -1.76), (-7, -1.4, -1.76), (-5.25, -1.4, -1.76), (-3.5, -1.4, -1.76), (-1.75, -1.4, -1.76), (0, -1.4, -1.76), (1.75, -1.4, -1.76), (3.5, -1.4, -1.76), (5.25, -1.4, -1.76), (7, -1.4, -1.76), (8.75, -1.4, -1.76), (10.5, -1.4, -1.76), (12.25, -1.4, -1.76), (14, -1.4, -1.76), (15.75, -1.4, -1.76), (17.5, -1.4, -1.76), (19.25, -1.4, -1.76), (21, -1.4, -1.76), (22.75, -1.4, -1.76), (24.5, -1.4, -1.76), (26.25, -1.4, -1.76), (28, -1.4, -1.76), (29.75, -1.4, -1.76), (31.5, -1.4, -1.76), (33.25, -1.4, -1.76), (35, -1.4, -1.76), (-35, -1.4, -1.1800001), (-33.25, -1.4, -1.1800001), (-31.5, -1.4, -1.1800001), (-29.75, -1.4, -1.1800001), (-28, -1.4, -1.1800001), (-26.25, -1.4, -1.1800001), (-24.5, -1.4, -1.1800001), (-22.75, -1.4, -1.1800001), (-21, -1.4, -1.1800001), (-19.25, -1.4, -1.1800001), (-17.5, -1.4, -1.1800001), (-15.75, -1.4, -1.1800001), (-14, -1.4, -1.1800001), (-12.25, -1.4, -1.1800001), (-10.5, -1.4, -1.1800001), (-8.75, -1.4, -1.1800001), (-7, -1.4, -1.1800001), (-5.25, -1.4, -1.1800001), (-3.5, -1.4, -1.1800001), (-1.75, -1.4, -1.1800001), (0, -1.4, -1.1800001), (1.75, -1.4, -1.1800001), (3.5, -1.4, -1.1800001), (5.25, -1.4, -1.1800001), (7, -1.4, -1.1800001), (8.75, -1.4, -1.1800001), (10.5, -1.4, -1.1800001), (12.25, -1.4, -1.1800001), (14, -1.4, -1.1800001), (15.75, -1.4, -1.1800001), (17.5, -1.4, -1.1800001), (19.25, -1.4, -1.1800001), (21, -1.4, -1.1800001), (22.75, -1.4, -1.1800001), (24.5, -1.4, -1.1800001), (26.25, -1.4, -1.1800001), (28, -1.4, -1.1800001), (29.75, -1.4, -1.1800001), (31.5, -1.4, -1.1800001), (33.25, -1.4, -1.1800001), (35, -1.4, -1.1800001), (-35, -1.4, -0.6), (-33.25, -1.4, -0.6), (-31.5, -1.4, -0.6), (-29.75, -1.4, -0.6), (-28, -1.4, -0.6), (-26.25, -1.4, -0.6), (-24.5, -1.4, -0.6), (-22.75, -1.4, -0.6), (-21, -1.4, -0.6), (-19.25, -1.4, -0.6), (-17.5, -1.4, -0.6), (-15.75, -1.4, -0.6), (-14, -1.4, -0.6), (-12.25, -1.4, -0.6), (-10.5, -1.4, -0.6), (-8.75, -1.4, -0.6), (-7, -1.4, -0.6), (-5.25, -1.4, -0.6), (-3.5, -1.4, -0.6), (-1.75, -1.4, -0.6), (0, -1.4, -0.6), (1.75, -1.4, -0.6), (3.5, -1.4, -0.6), (5.25, -1.4, -0.6), (7, -1.4, -0.6), (8.75, -1.4, -0.6), (10.5, -1.4, -0.6), (12.25, -1.4, -0.6), (14, -1.4, -0.6), (15.75, -1.4, -0.6), (17.5, -1.4, -0.6), (19.25, -1.4, -0.6), (21, -1.4, -0.6), (22.75, -1.4, -0.6), (24.5, -1.4, -0.6), (26.25, -1.4, -0.6), (28, -1.4, -0.6), (29.75, -1.4, -0.6), (31.5, -1.4, -0.6), (33.25, -1.4, -0.6), (35, -1.4, -0.6), (-35, -1.4, -0.02000004), (-33.25, -1.4, -0.02000004), (-31.5, -1.4, -0.02000004), (-29.75, -1.4, -0.02000004), (-28, -1.4, -0.02000004), (-26.25, -1.4, -0.02000004), (-24.5, -1.4, -0.02000004), (-22.75, -1.4, -0.02000004), (-21, -1.4, -0.02000004), (-19.25, -1.4, -0.02000004), (-17.5, -1.4, -0.02000004), (-15.75, -1.4, -0.02000004), (-14, -1.4, -0.02000004), (-12.25, -1.4, -0.02000004), (-10.5, -1.4, -0.02000004), (-8.75, -1.4, -0.02000004), (-7, -1.4, -0.02000004), (-5.25, -1.4, -0.02000004), (-3.5, -1.4, -0.02000004), (-1.75, -1.4, -0.02000004), (0, -1.4, -0.02000004), (1.75, -1.4, -0.02000004), (3.5, -1.4, -0.02000004), (5.25, -1.4, -0.02000004), (7, -1.4, -0.02000004), (8.75, -1.4, -0.02000004), (10.5, -1.4, -0.02000004), (12.25, -1.4, -0.02000004), (14, -1.4, -0.02000004), (15.75, -1.4, -0.02000004), (17.5, -1.4, -0.02000004), (19.25, -1.4, -0.02000004), (21, -1.4, -0.02000004), (22.75, -1.4, -0.02000004), (24.5, -1.4, -0.02000004), (26.25, -1.4, -0.02000004), (28, -1.4, -0.02000004), (29.75, -1.4, -0.02000004), (31.5, -1.4, -0.02000004), (33.25, -1.4, -0.02000004), (35, -1.4, -0.02000004), (-35, -1.4, 0.55999994), (-33.25, -1.4, 0.55999994), (-31.5, -1.4, 0.55999994), (-29.75, -1.4, 0.55999994), (-28, -1.4, 0.55999994), (-26.25, -1.4, 0.55999994), (-24.5, -1.4, 0.55999994), (-22.75, -1.4, 0.55999994), (-21, -1.4, 0.55999994), (-19.25, -1.4, 0.55999994), (-17.5, -1.4, 0.55999994), (-15.75, -1.4, 0.55999994), (-14, -1.4, 0.55999994), (-12.25, -1.4, 0.55999994), (-10.5, -1.4, 0.55999994), (-8.75, -1.4, 0.55999994), (-7, -1.4, 0.55999994), (-5.25, -1.4, 0.55999994), (-3.5, -1.4, 0.55999994), (-1.75, -1.4, 0.55999994), (0, -1.4, 0.55999994), (1.75, -1.4, 0.55999994), (3.5, -1.4, 0.55999994), (5.25, -1.4, 0.55999994), (7, -1.4, 0.55999994), (8.75, -1.4, 0.55999994), (10.5, -1.4, 0.55999994), (12.25, -1.4, 0.55999994), (14, -1.4, 0.55999994), (15.75, -1.4, 0.55999994), (17.5, -1.4, 0.55999994), (19.25, -1.4, 0.55999994), (21, -1.4, 0.55999994), (22.75, -1.4, 0.55999994), (24.5, -1.4, 0.55999994), (26.25, -1.4, 0.55999994), (28, -1.4, 0.55999994), (29.75, -1.4, 0.55999994), (31.5, -1.4, 0.55999994), (33.25, -1.4, 0.55999994), (35, -1.4, 0.55999994), (-35, -1.4, 1.14), (-33.25, -1.4, 1.14), (-31.5, -1.4, 1.14), (-29.75, -1.4, 1.14), (-28, -1.4, 1.14), (-26.25, -1.4, 1.14), (-24.5, -1.4, 1.14), (-22.75, -1.4, 1.14), (-21, -1.4, 1.14), (-19.25, -1.4, 1.14), (-17.5, -1.4, 1.14), (-15.75, -1.4, 1.14), (-14, -1.4, 1.14), (-12.25, -1.4, 1.14), (-10.5, -1.4, 1.14), (-8.75, -1.4, 1.14), (-7, -1.4, 1.14), (-5.25, -1.4, 1.14), (-3.5, -1.4, 1.14), (-1.75, -1.4, 1.14), (0, -1.4, 1.14), (1.75, -1.4, 1.14), (3.5, -1.4, 1.14), (5.25, -1.4, 1.14), (7, -1.4, 1.14), (8.75, -1.4, 1.14), (10.5, -1.4, 1.14), (12.25, -1.4, 1.14), (14, -1.4, 1.14), (15.75, -1.4, 1.14), (17.5, -1.4, 1.14), (19.25, -1.4, 1.14), (21, -1.4, 1.14), (22.75, -1.4, 1.14), (24.5, -1.4, 1.14), (26.25, -1.4, 1.14), (28, -1.4, 1.14), (29.75, -1.4, 1.14), (31.5, -1.4, 1.14), (33.25, -1.4, 1.14), (35, -1.4, 1.14), (-35, -1.4, 1.7199999), (-33.25, -1.4, 1.7199999), (-31.5, -1.4, 1.7199999), (-29.75, -1.4, 1.7199999), (-28, -1.4, 1.7199999), (-26.25, -1.4, 1.7199999), (-24.5, -1.4, 1.7199999), (-22.75, -1.4, 1.7199999), (-21, -1.4, 1.7199999), (-19.25, -1.4, 1.7199999), (-17.5, -1.4, 1.7199999), (-15.75, -1.4, 1.7199999), (-14, -1.4, 1.7199999), (-12.25, -1.4, 1.7199999), (-10.5, -1.4, 1.7199999), (-8.75, -1.4, 1.7199999), (-7, -1.4, 1.7199999), (-5.25, -1.4, 1.7199999), (-3.5, -1.4, 1.7199999), (-1.75, -1.4, 1.7199999), (0, -1.4, 1.7199999), (1.75, -1.4, 1.7199999), (3.5, -1.4, 1.7199999), (5.25, -1.4, 1.7199999), (7, -1.4, 1.7199999), (8.75, -1.4, 1.7199999), (10.5, -1.4, 1.7199999), (12.25, -1.4, 1.7199999), (14, -1.4, 1.7199999), (15.75, -1.4, 1.7199999), (17.5, -1.4, 1.7199999), (19.25, -1.4, 1.7199999), (21, -1.4, 1.7199999), (22.75, -1.4, 1.7199999), (24.5, -1.4, 1.7199999), (26.25, -1.4, 1.7199999), (28, -1.4, 1.7199999), (29.75, -1.4, 1.7199999), (31.5, -1.4, 1.7199999), (33.25, -1.4, 1.7199999), (35, -1.4, 1.7199999), (-35, -1.4, 2.3000002), (-33.25, -1.4, 2.3000002), (-31.5, -1.4, 2.3000002), (-29.75, -1.4, 2.3000002), (-28, -1.4, 2.3000002), (-26.25, -1.4, 2.3000002), (-24.5, -1.4, 2.3000002), (-22.75, -1.4, 2.3000002), (-21, -1.4, 2.3000002), (-19.25, -1.4, 2.3000002), (-17.5, -1.4, 2.3000002), (-15.75, -1.4, 2.3000002), (-14, -1.4, 2.3000002), (-12.25, -1.4, 2.3000002), (-10.5, -1.4, 2.3000002), (-8.75, -1.4, 2.3000002), (-7, -1.4, 2.3000002), (-5.25, -1.4, 2.3000002), (-3.5, -1.4, 2.3000002), (-1.75, -1.4, 2.3000002), (0, -1.4, 2.3000002), (1.75, -1.4, 2.3000002), (3.5, -1.4, 2.3000002), (5.25, -1.4, 2.3000002), (7, -1.4, 2.3000002), (8.75, -1.4, 2.3000002), (10.5, -1.4, 2.3000002), (12.25, -1.4, 2.3000002), (14, -1.4, 2.3000002), (15.75, -1.4, 2.3000002), (17.5, -1.4, 2.3000002), (19.25, -1.4, 2.3000002), (21, -1.4, 2.3000002), (22.75, -1.4, 2.3000002), (24.5, -1.4, 2.3000002), (26.25, -1.4, 2.3000002), (28, -1.4, 2.3000002), (29.75, -1.4, 2.3000002), (31.5, -1.4, 2.3000002), (33.25, -1.4, 2.3000002), (35, -1.4, 2.3000002), (-35, -1.4, 2.88), (-33.25, -1.4, 2.88), (-31.5, -1.4, 2.88), (-29.75, -1.4, 2.88), (-28, -1.4, 2.88), (-26.25, -1.4, 2.88), (-24.5, -1.4, 2.88), (-22.75, -1.4, 2.88), (-21, -1.4, 2.88), (-19.25, -1.4, 2.88), (-17.5, -1.4, 2.88), (-15.75, -1.4, 2.88), (-14, -1.4, 2.88), (-12.25, -1.4, 2.88), (-10.5, -1.4, 2.88), (-8.75, -1.4, 2.88), (-7, -1.4, 2.88), (-5.25, -1.4, 2.88), (-3.5, -1.4, 2.88), (-1.75, -1.4, 2.88), (0, -1.4, 2.88), (1.75, -1.4, 2.88), (3.5, -1.4, 2.88), (5.25, -1.4, 2.88), (7, -1.4, 2.88), (8.75, -1.4, 2.88), (10.5, -1.4, 2.88), (12.25, -1.4, 2.88), (14, -1.4, 2.88), (15.75, -1.4, 2.88), (17.5, -1.4, 2.88), (19.25, -1.4, 2.88), (21, -1.4, 2.88), (22.75, -1.4, 2.88), (24.5, -1.4, 2.88), (26.25, -1.4, 2.88), (28, -1.4, 2.88), (29.75, -1.4, 2.88), (31.5, -1.4, 2.88), (33.25, -1.4, 2.88), (35, -1.4, 2.88), (-35, -1.4, 3.46), (-33.25, -1.4, 3.46), (-31.5, -1.4, 3.46), (-29.75, -1.4, 3.46), (-28, -1.4, 3.46), (-26.25, -1.4, 3.46), (-24.5, -1.4, 3.46), (-22.75, -1.4, 3.46), (-21, -1.4, 3.46), (-19.25, -1.4, 3.46), (-17.5, -1.4, 3.46), (-15.75, -1.4, 3.46), (-14, -1.4, 3.46), (-12.25, -1.4, 3.46), (-10.5, -1.4, 3.46), (-8.75, -1.4, 3.46), (-7, -1.4, 3.46), (-5.25, -1.4, 3.46), (-3.5, -1.4, 3.46), (-1.75, -1.4, 3.46), (0, -1.4, 3.46), (1.75, -1.4, 3.46), (3.5, -1.4, 3.46), (5.25, -1.4, 3.46), (7, -1.4, 3.46), (8.75, -1.4, 3.46), (10.5, -1.4, 3.46), (12.25, -1.4, 3.46), (14, -1.4, 3.46), (15.75, -1.4, 3.46), (17.5, -1.4, 3.46), (19.25, -1.4, 3.46), (21, -1.4, 3.46), (22.75, -1.4, 3.46), (24.5, -1.4, 3.46), (26.25, -1.4, 3.46), (28, -1.4, 3.46), (29.75, -1.4, 3.46), (31.5, -1.4, 3.46), (33.25, -1.4, 3.46), (35, -1.4, 3.46), (-35, -1.4, 4.04), (-33.25, -1.4, 4.04), (-31.5, -1.4, 4.04), (-29.75, -1.4, 4.04), (-28, -1.4, 4.04), (-26.25, -1.4, 4.04), (-24.5, -1.4, 4.04), (-22.75, -1.4, 4.04), (-21, -1.4, 4.04), (-19.25, -1.4, 4.04), (-17.5, -1.4, 4.04), (-15.75, -1.4, 4.04), (-14, -1.4, 4.04), (-12.25, -1.4, 4.04), (-10.5, -1.4, 4.04), (-8.75, -1.4, 4.04), (-7, -1.4, 4.04), (-5.25, -1.4, 4.04), (-3.5, -1.4, 4.04), (-1.75, -1.4, 4.04), (0, -1.4, 4.04), (1.75, -1.4, 4.04), (3.5, -1.4, 4.04), (5.25, -1.4, 4.04), (7, -1.4, 4.04), (8.75, -1.4, 4.04), (10.5, -1.4, 4.04), (12.25, -1.4, 4.04), (14, -1.4, 4.04), (15.75, -1.4, 4.04), (17.5, -1.4, 4.04), (19.25, -1.4, 4.04), (21, -1.4, 4.04), (22.75, -1.4, 4.04), (24.5, -1.4, 4.04), (26.25, -1.4, 4.04), (28, -1.4, 4.04), (29.75, -1.4, 4.04), (31.5, -1.4, 4.04), (33.25, -1.4, 4.04), (35, -1.4, 4.04), (-35, -1.4, 4.62), (-33.25, -1.4, 4.62), (-31.5, -1.4, 4.62), (-29.75, -1.4, 4.62), (-28, -1.4, 4.62), (-26.25, -1.4, 4.62), (-24.5, -1.4, 4.62), (-22.75, -1.4, 4.62), (-21, -1.4, 4.62), (-19.25, -1.4, 4.62), (-17.5, -1.4, 4.62), (-15.75, -1.4, 4.62), (-14, -1.4, 4.62), (-12.25, -1.4, 4.62), (-10.5, -1.4, 4.62), (-8.75, -1.4, 4.62), (-7, -1.4, 4.62), (-5.25, -1.4, 4.62), (-3.5, -1.4, 4.62), (-1.75, -1.4, 4.62), (0, -1.4, 4.62), (1.75, -1.4, 4.62), (3.5, -1.4, 4.62), (5.25, -1.4, 4.62), (7, -1.4, 4.62), (8.75, -1.4, 4.62), (10.5, -1.4, 4.62), (12.25, -1.4, 4.62), (14, -1.4, 4.62), (15.75, -1.4, 4.62), (17.5, -1.4, 4.62), (19.25, -1.4, 4.62), (21, -1.4, 4.62), (22.75, -1.4, 4.62), (24.5, -1.4, 4.62), (26.25, -1.4, 4.62), (28, -1.4, 4.62), (29.75, -1.4, 4.62), (31.5, -1.4, 4.62), (33.25, -1.4, 4.62), (35, -1.4, 4.62), (-35, -1.4, 5.2000003), (-33.25, -1.4, 5.2000003), (-31.5, -1.4, 5.2000003), (-29.75, -1.4, 5.2000003), (-28, -1.4, 5.2000003), (-26.25, -1.4, 5.2000003), (-24.5, -1.4, 5.2000003), (-22.75, -1.4, 5.2000003), (-21, -1.4, 5.2000003), (-19.25, -1.4, 5.2000003), (-17.5, -1.4, 5.2000003), (-15.75, -1.4, 5.2000003), (-14, -1.4, 5.2000003), (-12.25, -1.4, 5.2000003), (-10.5, -1.4, 5.2000003), (-8.75, -1.4, 5.2000003), (-7, -1.4, 5.2000003), (-5.25, -1.4, 5.2000003), (-3.5, -1.4, 5.2000003), (-1.75, -1.4, 5.2000003), (0, -1.4, 5.2000003), (1.75, -1.4, 5.2000003), (3.5, -1.4, 5.2000003), (5.25, -1.4, 5.2000003), (7, -1.4, 5.2000003), (8.75, -1.4, 5.2000003), (10.5, -1.4, 5.2000003), (12.25, -1.4, 5.2000003), (14, -1.4, 5.2000003), (15.75, -1.4, 5.2000003), (17.5, -1.4, 5.2000003), (19.25, -1.4, 5.2000003), (21, -1.4, 5.2000003), (22.75, -1.4, 5.2000003), (24.5, -1.4, 5.2000003), (26.25, -1.4, 5.2000003), (28, -1.4, 5.2000003), (29.75, -1.4, 5.2000003), (31.5, -1.4, 5.2000003), (33.25, -1.4, 5.2000003), (35, -1.4, 5.2000003), (-35, -1.4, 5.78), (-33.25, -1.4, 5.78), (-31.5, -1.4, 5.78), (-29.75, -1.4, 5.78), (-28, -1.4, 5.78), (-26.25, -1.4, 5.78), (-24.5, -1.4, 5.78), (-22.75, -1.4, 5.78), (-21, -1.4, 5.78), (-19.25, -1.4, 5.78), (-17.5, -1.4, 5.78), (-15.75, -1.4, 5.78), (-14, -1.4, 5.78), (-12.25, -1.4, 5.78), (-10.5, -1.4, 5.78), (-8.75, -1.4, 5.78), (-7, -1.4, 5.78), (-5.25, -1.4, 5.78), (-3.5, -1.4, 5.78), (-1.75, -1.4, 5.78), (0, -1.4, 5.78), (1.75, -1.4, 5.78), (3.5, -1.4, 5.78), (5.25, -1.4, 5.78), (7, -1.4, 5.78), (8.75, -1.4, 5.78), (10.5, -1.4, 5.78), (12.25, -1.4, 5.78), (14, -1.4, 5.78), (15.75, -1.4, 5.78), (17.5, -1.4, 5.78), (19.25, -1.4, 5.78), (21, -1.4, 5.78), (22.75, -1.4, 5.78), (24.5, -1.4, 5.78), (26.25, -1.4, 5.78), (28, -1.4, 5.78), (29.75, -1.4, 5.78), (31.5, -1.4, 5.78), (33.25, -1.4, 5.78), (35, -1.4, 5.78), (-35, -1.4, 6.36), (-33.25, -1.4, 6.36), (-31.5, -1.4, 6.36), (-29.75, -1.4, 6.36), (-28, -1.4, 6.36), (-26.25, -1.4, 6.36), (-24.5, -1.4, 6.36), (-22.75, -1.4, 6.36), (-21, -1.4, 6.36), (-19.25, -1.4, 6.36), (-17.5, -1.4, 6.36), (-15.75, -1.4, 6.36), (-14, -1.4, 6.36), (-12.25, -1.4, 6.36), (-10.5, -1.4, 6.36), (-8.75, -1.4, 6.36), (-7, -1.4, 6.36), (-5.25, -1.4, 6.36), (-3.5, -1.4, 6.36), (-1.75, -1.4, 6.36), (0, -1.4, 6.36), (1.75, -1.4, 6.36), (3.5, -1.4, 6.36), (5.25, -1.4, 6.36), (7, -1.4, 6.36), (8.75, -1.4, 6.36), (10.5, -1.4, 6.36), (12.25, -1.4, 6.36), (14, -1.4, 6.36), (15.75, -1.4, 6.36), (17.5, -1.4, 6.36), (19.25, -1.4, 6.36), (21, -1.4, 6.36), (22.75, -1.4, 6.36), (24.5, -1.4, 6.36), (26.25, -1.4, 6.36), (28, -1.4, 6.36), (29.75, -1.4, 6.36), (31.5, -1.4, 6.36), (33.25, -1.4, 6.36), (35, -1.4, 6.36), (-35, -1.4, 6.94), (-33.25, -1.4, 6.94), (-31.5, -1.4, 6.94), (-29.75, -1.4, 6.94), (-28, -1.4, 6.94), (-26.25, -1.4, 6.94), (-24.5, -1.4, 6.94), (-22.75, -1.4, 6.94), (-21, -1.4, 6.94), (-19.25, -1.4, 6.94), (-17.5, -1.4, 6.94), (-15.75, -1.4, 6.94), (-14, -1.4, 6.94), (-12.25, -1.4, 6.94), (-10.5, -1.4, 6.94), (-8.75, -1.4, 6.94), (-7, -1.4, 6.94), (-5.25, -1.4, 6.94), (-3.5, -1.4, 6.94), (-1.75, -1.4, 6.94), (0, -1.4, 6.94), (1.75, -1.4, 6.94), (3.5, -1.4, 6.94), (5.25, -1.4, 6.94), (7, -1.4, 6.94), (8.75, -1.4, 6.94), (10.5, -1.4, 6.94), (12.25, -1.4, 6.94), (14, -1.4, 6.94), (15.75, -1.4, 6.94), (17.5, -1.4, 6.94), (19.25, -1.4, 6.94), (21, -1.4, 6.94), (22.75, -1.4, 6.94), (24.5, -1.4, 6.94), (26.25, -1.4, 6.94), (28, -1.4, 6.94), (29.75, -1.4, 6.94), (31.5, -1.4, 6.94), (33.25, -1.4, 6.94), (35, -1.4, 6.94), (-35, -1.4, 7.52), (-33.25, -1.4, 7.52), (-31.5, -1.4, 7.52), (-29.75, -1.4, 7.52), (-28, -1.4, 7.52), (-26.25, -1.4, 7.52), (-24.5, -1.4, 7.52), (-22.75, -1.4, 7.52), (-21, -1.4, 7.52), (-19.25, -1.4, 7.52), (-17.5, -1.4, 7.52), (-15.75, -1.4, 7.52), (-14, -1.4, 7.52), (-12.25, -1.4, 7.52), (-10.5, -1.4, 7.52), (-8.75, -1.4, 7.52), (-7, -1.4, 7.52), (-5.25, -1.4, 7.52), (-3.5, -1.4, 7.52), (-1.75, -1.4, 7.52), (0, -1.4, 7.52), (1.75, -1.4, 7.52), (3.5, -1.4, 7.52), (5.25, -1.4, 7.52), (7, -1.4, 7.52), (8.75, -1.4, 7.52), (10.5, -1.4, 7.52), (12.25, -1.4, 7.52), (14, -1.4, 7.52), (15.75, -1.4, 7.52), (17.5, -1.4, 7.52), (19.25, -1.4, 7.52), (21, -1.4, 7.52), (22.75, -1.4, 7.52), (24.5, -1.4, 7.52), (26.25, -1.4, 7.52), (28, -1.4, 7.52), (29.75, -1.4, 7.52), (31.5, -1.4, 7.52), (33.25, -1.4, 7.52), (35, -1.4, 7.52), (-35, -1.4, 8.099999), (-33.25, -1.4, 8.099999), (-31.5, -1.4, 8.099999), (-29.75, -1.4, 8.099999), (-28, -1.4, 8.099999), (-26.25, -1.4, 8.099999), (-24.5, -1.4, 8.099999), (-22.75, -1.4, 8.099999), (-21, -1.4, 8.099999), (-19.25, -1.4, 8.099999), (-17.5, -1.4, 8.099999), (-15.75, -1.4, 8.099999), (-14, -1.4, 8.099999), (-12.25, -1.4, 8.099999), (-10.5, -1.4, 8.099999), (-8.75, -1.4, 8.099999), (-7, -1.4, 8.099999), (-5.25, -1.4, 8.099999), (-3.5, -1.4, 8.099999), (-1.75, -1.4, 8.099999), (0, -1.4, 8.099999), (1.75, -1.4, 8.099999), (3.5, -1.4, 8.099999), (5.25, -1.4, 8.099999), (7, -1.4, 8.099999), (8.75, -1.4, 8.099999), (10.5, -1.4, 8.099999), (12.25, -1.4, 8.099999), (14, -1.4, 8.099999), (15.75, -1.4, 8.099999), (17.5, -1.4, 8.099999), (19.25, -1.4, 8.099999), (21, -1.4, 8.099999), (22.75, -1.4, 8.099999), (24.5, -1.4, 8.099999), (26.25, -1.4, 8.099999), (28, -1.4, 8.099999), (29.75, -1.4, 8.099999), (31.5, -1.4, 8.099999), (33.25, -1.4, 8.099999), (35, -1.4, 8.099999), (-35, -1.4, 8.679999), (-33.25, -1.4, 8.679999), (-31.5, -1.4, 8.679999), (-29.75, -1.4, 8.679999), (-28, -1.4, 8.679999), (-26.25, -1.4, 8.679999), (-24.5, -1.4, 8.679999), (-22.75, -1.4, 8.679999), (-21, -1.4, 8.679999), (-19.25, -1.4, 8.679999), (-17.5, -1.4, 8.679999), (-15.75, -1.4, 8.679999), (-14, -1.4, 8.679999), (-12.25, -1.4, 8.679999), (-10.5, -1.4, 8.679999), (-8.75, -1.4, 8.679999), (-7, -1.4, 8.679999), (-5.25, -1.4, 8.679999), (-3.5, -1.4, 8.679999), (-1.75, -1.4, 8.679999), (0, -1.4, 8.679999), (1.75, -1.4, 8.679999), (3.5, -1.4, 8.679999), (5.25, -1.4, 8.679999), (7, -1.4, 8.679999), (8.75, -1.4, 8.679999), (10.5, -1.4, 8.679999), (12.25, -1.4, 8.679999), (14, -1.4, 8.679999), (15.75, -1.4, 8.679999), (17.5, -1.4, 8.679999), (19.25, -1.4, 8.679999), (21, -1.4, 8.679999), (22.75, -1.4, 8.679999), (24.5, -1.4, 8.679999), (26.25, -1.4, 8.679999), (28, -1.4, 8.679999), (29.75, -1.4, 8.679999), (31.5, -1.4, 8.679999), (33.25, -1.4, 8.679999), (35, -1.4, 8.679999), (-35, -1.4, 9.259999), (-33.25, -1.4, 9.259999), (-31.5, -1.4, 9.259999), (-29.75, -1.4, 9.259999), (-28, -1.4, 9.259999), (-26.25, -1.4, 9.259999), (-24.5, -1.4, 9.259999), (-22.75, -1.4, 9.259999), (-21, -1.4, 9.259999), (-19.25, -1.4, 9.259999), (-17.5, -1.4, 9.259999), (-15.75, -1.4, 9.259999), (-14, -1.4, 9.259999), (-12.25, -1.4, 9.259999), (-10.5, -1.4, 9.259999), (-8.75, -1.4, 9.259999), (-7, -1.4, 9.259999), (-5.25, -1.4, 9.259999), (-3.5, -1.4, 9.259999), (-1.75, -1.4, 9.259999), (0, -1.4, 9.259999), (1.75, -1.4, 9.259999), (3.5, -1.4, 9.259999), (5.25, -1.4, 9.259999), (7, -1.4, 9.259999), (8.75, -1.4, 9.259999), (10.5, -1.4, 9.259999), (12.25, -1.4, 9.259999), (14, -1.4, 9.259999), (15.75, -1.4, 9.259999), (17.5, -1.4, 9.259999), (19.25, -1.4, 9.259999), (21, -1.4, 9.259999), (22.75, -1.4, 9.259999), (24.5, -1.4, 9.259999), (26.25, -1.4, 9.259999), (28, -1.4, 9.259999), (29.75, -1.4, 9.259999), (31.5, -1.4, 9.259999), (33.25, -1.4, 9.259999), (35, -1.4, 9.259999), (-35, -1.4, 9.839999), (-33.25, -1.4, 9.839999), (-31.5, -1.4, 9.839999), (-29.75, -1.4, 9.839999), (-28, -1.4, 9.839999), (-26.25, -1.4, 9.839999), (-24.5, -1.4, 9.839999), (-22.75, -1.4, 9.839999), (-21, -1.4, 9.839999), (-19.25, -1.4, 9.839999), (-17.5, -1.4, 9.839999), (-15.75, -1.4, 9.839999), (-14, -1.4, 9.839999), (-12.25, -1.4, 9.839999), (-10.5, -1.4, 9.839999), (-8.75, -1.4, 9.839999), (-7, -1.4, 9.839999), (-5.25, -1.4, 9.839999), (-3.5, -1.4, 9.839999), (-1.75, -1.4, 9.839999), (0, -1.4, 9.839999), (1.75, -1.4, 9.839999), (3.5, -1.4, 9.839999), (5.25, -1.4, 9.839999), (7, -1.4, 9.839999), (8.75, -1.4, 9.839999), (10.5, -1.4, 9.839999), (12.25, -1.4, 9.839999), (14, -1.4, 9.839999), (15.75, -1.4, 9.839999), (17.5, -1.4, 9.839999), (19.25, -1.4, 9.839999), (21, -1.4, 9.839999), (22.75, -1.4, 9.839999), (24.5, -1.4, 9.839999), (26.25, -1.4, 9.839999), (28, -1.4, 9.839999), (29.75, -1.4, 9.839999), (31.5, -1.4, 9.839999), (33.25, -1.4, 9.839999), (35, -1.4, 9.839999), (-35, -1.4, 10.42), (-33.25, -1.4, 10.42), (-31.5, -1.4, 10.42), (-29.75, -1.4, 10.42), (-28, -1.4, 10.42), (-26.25, -1.4, 10.42), (-24.5, -1.4, 10.42), (-22.75, -1.4, 10.42), (-21, -1.4, 10.42), (-19.25, -1.4, 10.42), (-17.5, -1.4, 10.42), (-15.75, -1.4, 10.42), (-14, -1.4, 10.42), (-12.25, -1.4, 10.42), (-10.5, -1.4, 10.42), (-8.75, -1.4, 10.42), (-7, -1.4, 10.42), (-5.25, -1.4, 10.42), (-3.5, -1.4, 10.42), (-1.75, -1.4, 10.42), (0, -1.4, 10.42), (1.75, -1.4, 10.42), (3.5, -1.4, 10.42), (5.25, -1.4, 10.42), (7, -1.4, 10.42), (8.75, -1.4, 10.42), (10.5, -1.4, 10.42), (12.25, -1.4, 10.42), (14, -1.4, 10.42), (15.75, -1.4, 10.42), (17.5, -1.4, 10.42), (19.25, -1.4, 10.42), (21, -1.4, 10.42), (22.75, -1.4, 10.42), (24.5, -1.4, 10.42), (26.25, -1.4, 10.42), (28, -1.4, 10.42), (29.75, -1.4, 10.42), (31.5, -1.4, 10.42), (33.25, -1.4, 10.42), (35, -1.4, 10.42), (-35, -1.4, 11), (-33.25, -1.4, 11), (-31.5, -1.4, 11), (-29.75, -1.4, 11), (-28, -1.4, 11), (-26.25, -1.4, 11), (-24.5, -1.4, 11), (-22.75, -1.4, 11), (-21, -1.4, 11), (-19.25, -1.4, 11), (-17.5, -1.4, 11), (-15.75, -1.4, 11), (-14, -1.4, 11), (-12.25, -1.4, 11), (-10.5, -1.4, 11), (-8.75, -1.4, 11), (-7, -1.4, 11), (-5.25, -1.4, 11), (-3.5, -1.4, 11), (-1.75, -1.4, 11), (0, -1.4, 11), (1.75, -1.4, 11), (3.5, -1.4, 11), (5.25, -1.4, 11), (7, -1.4, 11), (8.75, -1.4, 11), (10.5, -1.4, 11), (12.25, -1.4, 11), (14, -1.4, 11), (15.75, -1.4, 11), (17.5, -1.4, 11), (19.25, -1.4, 11), (21, -1.4, 11), (22.75, -1.4, 11), (24.5, -1.4, 11), (26.25, -1.4, 11), (28, -1.4, 11), (29.75, -1.4, 11), (31.5, -1.4, 11), (33.25, -1.4, 11), (35, -1.4, 11)]
            texCoord2f[] primvars:attenuationUVs = [(-0.02, 0.9943833), (0.006, 0.9943833), (0.032, 0.9943833), (0.058, 0.9943833), (0.084, 0.9943833), (0.11, 0.9943833), (0.136, 0.9943833), (0.162, 0.9943833), (0.188, 0.9943833), (0.214, 0.9943833), (0.24, 0.9943833), (0.266, 0.9943833), (0.292, 0.9943833), (0.318, 0.9943833), (0.344, 0.9943833), (0.37, 0.9943833), (0.396, 0.9943833), (0.422, 0.9943833), (0.448, 0.9943833), (0.474, 0.9943833), (0.5, 0.9943833), (0.526, 0.9943833), (0.552, 0.9943833), (0.578, 0.9943833), (0.604, 0.9943833), (0.63, 0.9943833), (0.656, 0.9943833), (0.682, 0.9943833), (0.708, 0.9943833), (0.734, 0.9943833), (0.76, 0.9943833), (0.786, 0.9943833), (0.812, 0.9943833), (0.838, 0.9943833), (0.864, 0.9943833), (0.89, 0.9943833), (0.916, 0.9943833), (0.942, 0.9943833), (0.968, 0.9943833), (0.994, 0.9943833), (1.02, 0.9943833), (-0.02, 0.9678821), (0.006, 0.9678821), (0.032, 0.9678821), (0.058, 0.9678821), (0.084, 0.9678821), (0.11, 0.9678821), (0.136, 0.9678821), (0.162, 0.9678821), (0.188, 0.9678821), (0.214, 0.9678821), (0.24, 0.9678821), (0.266, 0.9678821), (0.292, 0.9678821), (0.318, 0.9678821), (0.344, 0.9678821), (0.37, 0.9678821), (0.396, 0.9678821), (0.422, 0.9678821), (0.448, 0.9678821), (0.474, 0.9678821), (0.5, 0.9678821), (0.526, 0.9678821), (0.552, 0.9678821), (0.578, 0.9678821), (0.604, 0.9678821), (0.63, 0.9678821), (0.656, 0.9678821), (0.682, 0.9678821), (0.708, 0.9678821), (0.734, 0.9678821), (0.76, 0.9678821), (0.786, 0.9678821), (0.812, 0.9678821), (0.838, 0.9678821), (0.864, 0.9678821), (0.89, 0.9678821), (0.916, 0.9678821), (0.942, 0.9678821), (0.968, 0.9678821), (0.994, 0.9678821), (1.02, 0.9678821), (-0.02, 0.941381), (0.006, 0.941381), (0.032, 0.941381), (0.058, 0.941381), (0.084, 0.941381), (0.11, 0.941381), (0.136, 0.941381), (0.162, 0.941381), (0.188, 0.941381), (0.214, 0.941381), (0.24, 0.941381), (0.266, 0.941381), (0.292, 0.941381), (0.318, 0.941381), (0.344, 0.941381), (0.37, 0.941381), (0.396, 0.941381), (0.422, 0.941381), (0.448, 0.941381), (0.474, 0.941381), (0.5, 0.941381), (0.526, 0.941381), (0.552, 0.941381), (0.578, 0.941381), (0.604, 0.941381), (0.63, 0.941381), (0.656, 0.941381), (0.682, 0.941381), (0.708, 0.941381), (0.734, 0.941381), (0.76, 0.941381), (0.786, 0.941381), (0.812, 0.941381), (0.838, 0.941381), (0.864, 0.941381), (0.89, 0.941381), (0.916, 0.941381), (0.942, 0.941381), (0.968, 0.941381), (0.994, 0.941381), (1.02, 0.941381), (-0.02, 0.9148798), (0.006, 0.9148798), (0.032, 0.9148798), (0.058, 0.9148798), (0.084, 0.9148798), (0.11, 0.9148798), (0.136, 0.9148798), (0.162, 0.9148798), (0.188, 0.9148798), (0.214, 0.9148798), (0.24, 0.9148798), (0.266, 0.9148798), (0.292, 0.9148798), (0.318, 0.9148798), (0.344, 0.9148798), (0.37, 0.9148798), (0.396, 0.9148798), (0.422, 0.9148798), (0.448, 0.9148798), (0.474, 0.9148798), (0.5, 0.9148798), (0.526, 0.9148798), (0.552, 0.9148798), (0.578, 0.9148798), (0.604, 0.9148798), (0.63, 0.9148798), (0.656, 0.9148798), (0.682, 0.9148798), (0.708, 0.9148798), (0.734, 0.9148798), (0.76, 0.9148798), (0.786, 0.9148798), (0.812, 0.9148798), (0.838, 0.9148798), (0.864, 0.9148798), (0.89, 0.9148798), (0.916, 0.9148798), (0.942, 0.9148798), (0.968, 0.9148798), (0.994, 0.9148798), (1.02, 0.9148798), (-0.02, 0.8883787), (0.006, 0.8883787), (0.032, 0.8883787), (0.058, 0.8883787), (0.084, 0.8883787), (0.11, 0.8883787), (0.136, 0.8883787), (0.162, 0.8883787), (0.188, 0.8883787), (0.214, 0.8883787), (0.24, 0.8883787), (0.266, 0.8883787), (0.292, 0.8883787), (0.318, 0.8883787), (0.344, 0.8883787), (0.37, 0.8883787), (0.396, 0.8883787), (0.422, 0.8883787), (0.448, 0.8883787), (0.474, 0.8883787), (0.5, 0.8883787), (0.526, 0.8883787), (0.552, 0.8883787), (0.578, 0.8883787), (0.604, 0.8883787), (0.63, 0.8883787), (0.656, 0.8883787), (0.682, 0.8883787), (0.708, 0.8883787), (0.734, 0.8883787), (0.76, 0.8883787), (0.786, 0.8883787), (0.812, 0.8883787), (0.838, 0.8883787), (0.864, 0.8883787), (0.89, 0.8883787), (0.916, 0.8883787), (0.942, 0.8883787), (0.968, 0.8883787), (0.994, 0.8883787), (1.02, 0.8883787), (-0.02, 0.86187756), (0.006, 0.86187756), (0.032, 0.86187756), (0.058, 0.86187756), (0.084, 0.86187756), (0.11, 0.86187756), (0.136, 0.86187756), (0.162, 0.86187756), (0.188, 0.86187756), (0.214, 0.86187756), (0.24, 0.86187756), (0.266, 0.86187756), (0.292, 0.86187756), (0.318, 0.86187756), (0.344, 0.86187756), (0.37, 0.86187756), (0.396, 0.86187756), (0.422, 0.86187756), (0.448, 0.86187756), (0.474, 0.86187756), (0.5, 0.86187756), (0.526, 0.86187756), (0.552, 0.86187756), (0.578, 0.86187756), (0.604, 0.86187756), (0.63, 0.86187756), (0.656, 0.86187756), (0.682, 0.86187756), (0.708, 0.86187756), (0.734, 0.86187756), (0.76, 0.86187756), (0.786, 0.86187756), (0.812, 0.86187756), (0.838, 0.86187756), (0.864, 0.86187756), (0.89, 0.86187756), (0.916, 0.86187756), (0.942, 0.86187756), (0.968, 0.86187756), (0.994, 0.86187756), (1.02, 0.86187756), (-0.02, 0.83537644), (0.006, 0.83537644), (0.032, 0.83537644), (0.058, 0.83537644), (0.084, 0.83537644), (0.11, 0.83537644), (0.136, 0.83537644), (0.162, 0.83537644), (0.188, 0.83537644), (0.214, 0.83537644), (0.24, 0.83537644), (0.266, 0.83537644), (0.292, 0.83537644), (0.318, 0.83537644), (0.344, 0.83537644), (0.37, 0.83537644), (0.396, 0.83537644), (0.422, 0.83537644), (0.448, 0.83537644), (0.474, 0.83537644), (0.5, 0.83537644), (0.526, 0.83537644), (0.552, 0.83537644), (0.578, 0.83537644), (0.604, 0.83537644), (0.63, 0.83537644), (0.656, 0.83537644), (0.682, 0.83537644), (0.708, 0.83537644), (0.734, 0.83537644), (0.76, 0.83537644), (0.786, 0.83537644), (0.812, 0.83537644), (0.838, 0.83537644), (0.864, 0.83537644), (0.89, 0.83537644), (0.916, 0.83537644), (0.942, 0.83537644), (0.968, 0.83537644), (0.994, 0.83537644), (1.02, 0.83537644), (-0.02, 0.8088753), (0.006, 0.8088753), (0.032, 0.8088753), (0.058, 0.8088753), (0.084, 0.8088753), (0.11, 0.8088753), (0.136, 0.8088753), (0.162, 0.8088753), (0.188, 0.8088753), (0.214, 0.8088753), (0.24, 0.8088753), (0.266, 0.8088753), (0.292, 0.8088753), (0.318, 0.8088753), (0.344, 0.8088753), (0.37, 0.8088753), (0.396, 0.8088753), (0.422, 0.8088753), (0.448, 0.8088753), (0.474, 0.8088753), (0.5, 0.8088753), (0.526, 0.8088753), (0.552, 0.8088753), (0.578, 0.8088753), (0.604, 0.8088753), (0.63, 0.8088753), (0.656, 0.8088753), (0.682, 0.8088753), (0.708, 0.8088753), (0.734, 0.8088753), (0.76, 0.8088753), (0.786, 0.8088753), (0.812, 0.8088753), (0.838, 0.8088753), (0.864, 0.8088753), (0.89, 0.8088753), (0.916, 0.8088753), (0.942, 0.8088753), (0.968, 0.8088753), (0.994, 0.8088753), (1.02, 0.8088753), (-0.02, 0.78237414), (0.006, 0.78237414), (0.032, 0.78237414), (0.058, 0.78237414), (0.084, 0.78237414), (0.11, 0.78237414), (0.136, 0.78237414), (0.162, 0.78237414), (0.188, 0.78237414), (0.214, 0.78237414), (0.24, 0.78237414), (0.266, 0.78237414), (0.292, 0.78237414), (0.318, 0.78237414), (0.344, 0.78237414), (0.37, 0.78237414), (0.396, 0.78237414), (0.422, 0.78237414), (0.448, 0.78237414), (0.474, 0.78237414), (0.5, 0.78237414), (0.526, 0.78237414), (0.552, 0.78237414), (0.578, 0.78237414), (0.604, 0.78237414), (0.63, 0.78237414), (0.656, 0.78237414), (0.682, 0.78237414), (0.708, 0.78237414), (0.734, 0.78237414), (0.76, 0.78237414), (0.786, 0.78237414), (0.812, 0.78237414), (0.838, 0.78237414), (0.864, 0.78237414), (0.89, 0.78237414), (0.916, 0.78237414), (0.942, 0.78237414), (0.968, 0.78237414), (0.994, 0.78237414), (1.02, 0.78237414), (-0.02, 0.755873), (0.006, 0.755873), (0.032, 0.755873), (0.058, 0.755873), (0.084, 0.755873), (0.11, 0.755873), (0.136, 0.755873), (0.162, 0.755873), (0.188, 0.755873), (0.214, 0.755873), (0.24, 0.755873), (0.266, 0.755873), (0.292, 0.755873), (0.318, 0.755873), (0.344, 0.755873), (0.37, 0.755873), (0.396, 0.755873), (0.422, 0.755873), (0.448, 0.755873), (0.474, 0.755873), (0.5, 0.755873), (0.526, 0.755873), (0.552, 0.755873), (0.578, 0.755873), (0.604, 0.755873), (0.63, 0.755873), (0.656, 0.755873), (0.682, 0.755873), (0.708, 0.755873), (0.734, 0.755873), (0.76, 0.755873), (0.786, 0.755873), (0.812, 0.755873), (0.838, 0.755873), (0.864, 0.755873), (0.89, 0.755873), (0.916, 0.755873), (0.942, 0.755873), (0.968, 0.755873), (0.994, 0.755873), (1.02, 0.755873), (-0.02, 0.7293719), (0.006, 0.7293719), (0.032, 0.7293719), (0.058, 0.7293719), (0.084, 0.7293719), (0.11, 0.7293719), (0.136, 0.7293719), (0.162, 0.7293719), (0.188, 0.7293719), (0.214, 0.7293719), (0.24, 0.7293719), (0.266, 0.7293719), (0.292, 0.7293719), (0.318, 0.7293719), (0.344, 0.7293719), (0.37, 0.7293719), (0.396, 0.7293719), (0.422, 0.7293719), (0.448, 0.7293719), (0.474, 0.7293719), (0.5, 0.7293719), (0.526, 0.7293719), (0.552, 0.7293719), (0.578, 0.7293719), (0.604, 0.7293719), (0.63, 0.7293719), (0.656, 0.7293719), (0.682, 0.7293719), (0.708, 0.7293719), (0.734, 0.7293719), (0.76, 0.7293719), (0.786, 0.7293719), (0.812, 0.7293719), (0.838, 0.7293719), (0.864, 0.7293719), (0.89, 0.7293719), (0.916, 0.7293719), (0.942, 0.7293719), (0.968, 0.7293719), (0.994, 0.7293719), (1.02, 0.7293719), (-0.02, 0.7028707), (0.006, 0.7028707), (0.032, 0.7028707), (0.058, 0.7028707), (0.084, 0.7028707), (0.11, 0.7028707), (0.136, 0.7028707), (0.162, 0.7028707), (0.188, 0.7028707), (0.214, 0.7028707), (0.24, 0.7028707), (0.266, 0.7028707), (0.292, 0.7028707), (0.318, 0.7028707), (0.344, 0.7028707), (0.37, 0.7028707), (0.396, 0.7028707), (0.422, 0.7028707), (0.448, 0.7028707), (0.474, 0.7028707), (0.5, 0.7028707), (0.526, 0.7028707), (0.552, 0.7028707), (0.578, 0.7028707), (0.604, 0.7028707), (0.63, 0.7028707), (0.656, 0.7028707), (0.682, 0.7028707), (0.708, 0.7028707), (0.734, 0.7028707), (0.76, 0.7028707), (0.786, 0.7028707), (0.812, 0.7028707), (0.838, 0.7028707), (0.864, 0.7028707), (0.89, 0.7028707), (0.916, 0.7028707), (0.942, 0.7028707), (0.968, 0.7028707), (0.994, 0.7028707), (1.02, 0.7028707), (-0.02, 0.6763696), (0.006, 0.6763696), (0.032, 0.6763696), (0.058, 0.6763696), (0.084, 0.6763696), (0.11, 0.6763696), (0.136, 0.6763696), (0.162, 0.6763696), (0.188, 0.6763696), (0.214, 0.6763696), (0.24, 0.6763696), (0.266, 0.6763696), (0.292, 0.6763696), (0.318, 0.6763696), (0.344, 0.6763696), (0.37, 0.6763696), (0.396, 0.6763696), (0.422, 0.6763696), (0.448, 0.6763696), (0.474, 0.6763696), (0.5, 0.6763696), (0.526, 0.6763696), (0.552, 0.6763696), (0.578, 0.6763696), (0.604, 0.6763696), (0.63, 0.6763696), (0.656, 0.6763696), (0.682, 0.6763696), (0.708, 0.6763696), (0.734, 0.6763696), (0.76, 0.6763696), (0.786, 0.6763696), (0.812, 0.6763696), (0.838, 0.6763696), (0.864, 0.6763696), (0.89, 0.6763696), (0.916, 0.6763696), (0.942, 0.6763696), (0.968, 0.6763696), (0.994, 0.6763696), (1.02, 0.6763696), (-0.02, 0.6498685), (0.006, 0.6498685), (0.032, 0.6498685), (0.058, 0.6498685), (0.084, 0.6498685), (0.11, 0.6498685), (0.136, 0.6498685), (0.162, 0.6498685), (0.188, 0.6498685), (0.214, 0.6498685), (0.24, 0.6498685), (0.266, 0.6498685), (0.292, 0.6498685), (0.318, 0.6498685), (0.344, 0.6498685), (0.37, 0.6498685), (0.396, 0.6498685), (0.422, 0.6498685), (0.448, 0.6498685), (0.474, 0.6498685), (0.5, 0.6498685), (0.526, 0.6498685), (0.552, 0.6498685), (0.578, 0.6498685), (0.604, 0.6498685), (0.63, 0.6498685), (0.656, 0.6498685), (0.682, 0.6498685), (0.708, 0.6498685), (0.734, 0.6498685), (0.76, 0.6498685), (0.786, 0.6498685), (0.812, 0.6498685), (0.838, 0.6498685), (0.864, 0.6498685), (0.89, 0.6498685), (0.916, 0.6498685), (0.942, 0.6498685), (0.968, 0.6498685), (0.994, 0.6498685), (1.02, 0.6498685), (-0.02, 0.62336737), (0.006, 0.62336737), (0.032, 0.62336737), (0.058, 0.62336737), (0.084, 0.62336737), (0.11, 0.62336737), (0.136, 0.62336737), (0.162, 0.62336737), (0.188, 0.62336737), (0.214, 0.62336737), (0.24, 0.62336737), (0.266, 0.62336737), (0.292, 0.62336737), (0.318, 0.62336737), (0.344, 0.62336737), (0.37, 0.62336737), (0.396, 0.62336737), (0.422, 0.62336737), (0.448, 0.62336737), (0.474, 0.62336737), (0.5, 0.62336737), (0.526, 0.62336737), (0.552, 0.62336737), (0.578, 0.62336737), (0.604, 0.62336737), (0.63, 0.62336737), (0.656, 0.62336737), (0.682, 0.62336737), (0.708, 0.62336737), (0.734, 0.62336737), (0.76, 0.62336737), (0.786, 0.62336737), (0.812, 0.62336737), (0.838, 0.62336737), (0.864, 0.62336737), (0.89, 0.62336737), (0.916, 0.62336737), (0.942, 0.62336737), (0.968, 0.62336737), (0.994, 0.62336737), (1.02, 0.62336737), (-0.02, 0.5968662), (0.006, 0.5968662), (0.032, 0.5968662), (0.058, 0.5968662), (0.084, 0.5968662), (0.11, 0.5968662), (0.136, 0.5968662), (0.162, 0.5968662), (0.188, 0.5968662), (0.214, 0.5968662), (0.24, 0.5968662), (0.266, 0.5968662), (0.292, 0.5968662), (0.318, 0.5968662), (0.344, 0.5968662), (0.37, 0.5968662), (0.396, 0.5968662), (0.422, 0.5968662), (0.448, 0.5968662), (0.474, 0.5968662), (0.5, 0.5968662), (0.526, 0.5968662), (0.552, 0.5968662), (0.578, 0.5968662), (0.604, 0.5968662), (0.63, 0.5968662), (0.656, 0.5968662), (0.682, 0.5968662), (0.708, 0.5968662), (0.734, 0.5968662), (0.76, 0.5968662), (0.786, 0.5968662), (0.812, 0.5968662), (0.838, 0.5968662), (0.864, 0.5968662), (0.89, 0.5968662), (0.916, 0.5968662), (0.942, 0.5968662), (0.968, 0.5968662), (0.994, 0.5968662), (1.02, 0.5968662), (-0.02, 0.5703651), (0.006, 0.5703651), (0.032, 0.5703651), (0.058, 0.5703651), (0.084, 0.5703651), (0.11, 0.5703651), (0.136, 0.5703651), (0.162, 0.5703651), (0.188, 0.5703651), (0.214, 0.5703651), (0.24, 0.5703651), (0.266, 0.5703651), (0.292, 0.5703651), (0.318, 0.5703651), (0.344, 0.5703651), (0.37, 0.5703651), (0.396, 0.5703651), (0.422, 0.5703651), (0.448, 0.5703651), (0.474, 0.5703651), (0.5, 0.5703651), (0.526, 0.5703651), (0.552, 0.5703651), (0.578, 0.5703651), (0.604, 0.5703651), (0.63, 0.5703651), (0.656, 0.5703651), (0.682, 0.5703651), (0.708, 0.5703651), (0.734, 0.5703651), (0.76, 0.5703651), (0.786, 0.5703651), (0.812, 0.5703651), (0.838, 0.5703651), (0.864, 0.5703651), (0.89, 0.5703651), (0.916, 0.5703651), (0.942, 0.5703651), (0.968, 0.5703651), (0.994, 0.5703651), (1.02, 0.5703651), (-0.02, 0.54386395), (0.006, 0.54386395), (0.032, 0.54386395), (0.058, 0.54386395), (0.084, 0.54386395), (0.11, 0.54386395), (0.136, 0.54386395), (0.162, 0.54386395), (0.188, 0.54386395), (0.214, 0.54386395), (0.24, 0.54386395), (0.266, 0.54386395), (0.292, 0.54386395), (0.318, 0.54386395), (0.344, 0.54386395), (0.37, 0.54386395), (0.396, 0.54386395), (0.422, 0.54386395), (0.448, 0.54386395), (0.474, 0.54386395), (0.5, 0.54386395), (0.526, 0.54386395), (0.552, 0.54386395), (0.578, 0.54386395), (0.604, 0.54386395), (0.63, 0.54386395), (0.656, 0.54386395), (0.682, 0.54386395), (0.708, 0.54386395), (0.734, 0.54386395), (0.76, 0.54386395), (0.786, 0.54386395), (0.812, 0.54386395), (0.838, 0.54386395), (0.864, 0.54386395), (0.89, 0.54386395), (0.916, 0.54386395), (0.942, 0.54386395), (0.968, 0.54386395), (0.994, 0.54386395), (1.02, 0.54386395), (-0.02, 0.51736283), (0.006, 0.51736283), (0.032, 0.51736283), (0.058, 0.51736283), (0.084, 0.51736283), (0.11, 0.51736283), (0.136, 0.51736283), (0.162, 0.51736283), (0.188, 0.51736283), (0.214, 0.51736283), (0.24, 0.51736283), (0.266, 0.51736283), (0.292, 0.51736283), (0.318, 0.51736283), (0.344, 0.51736283), (0.37, 0.51736283), (0.396, 0.51736283), (0.422, 0.51736283), (0.448, 0.51736283), (0.474, 0.51736283), (0.5, 0.51736283), (0.526, 0.51736283), (0.552, 0.51736283), (0.578, 0.51736283), (0.604, 0.51736283), (0.63, 0.51736283), (0.656, 0.51736283), (0.682, 0.51736283), (0.708, 0.51736283), (0.734, 0.51736283), (0.76, 0.51736283), (0.786, 0.51736283), (0.812, 0.51736283), (0.838, 0.51736283), (0.864, 0.51736283), (0.89, 0.51736283), (0.916, 0.51736283), (0.942, 0.51736283), (0.968, 0.51736283), (0.994, 0.51736283), (1.02, 0.51736283), (-0.02, 0.49086168), (0.006, 0.49086168), (0.032, 0.49086168), (0.058, 0.49086168), (0.084, 0.49086168), (0.11, 0.49086168), (0.136, 0.49086168), (0.162, 0.49086168), (0.188, 0.49086168), (0.214, 0.49086168), (0.24, 0.49086168), (0.266, 0.49086168), (0.292, 0.49086168), (0.318, 0.49086168), (0.344, 0.49086168), (0.37, 0.49086168), (0.396, 0.49086168), (0.422, 0.49086168), (0.448, 0.49086168), (0.474, 0.49086168), (0.5, 0.49086168), (0.526, 0.49086168), (0.552, 0.49086168), (0.578, 0.49086168), (0.604, 0.49086168), (0.63, 0.49086168), (0.656, 0.49086168), (0.682, 0.49086168), (0.708, 0.49086168), (0.734, 0.49086168), (0.76, 0.49086168), (0.786, 0.49086168), (0.812, 0.49086168), (0.838, 0.49086168), (0.864, 0.49086168), (0.89, 0.49086168), (0.916, 0.49086168), (0.942, 0.49086168), (0.968, 0.49086168), (0.994, 0.49086168), (1.02, 0.49086168), (-0.02, 0.46436054), (0.006, 0.46436054), (0.032, 0.46436054), (0.058, 0.46436054), (0.084, 0.46436054), (0.11, 0.46436054), (0.136, 0.46436054), (0.162, 0.46436054), (0.188, 0.46436054), (0.214, 0.46436054), (0.24, 0.46436054), (0.266, 0.46436054), (0.292, 0.46436054), (0.318, 0.46436054), (0.344, 0.46436054), (0.37, 0.46436054), (0.396, 0.46436054), (0.422, 0.46436054), (0.448, 0.46436054), (0.474, 0.46436054), (0.5, 0.46436054), (0.526, 0.46436054), (0.552, 0.46436054), (0.578, 0.46436054), (0.604, 0.46436054), (0.63, 0.46436054), (0.656, 0.46436054), (0.682, 0.46436054), (0.708, 0.46436054), (0.734, 0.46436054), (0.76, 0.46436054), (0.786, 0.46436054), (0.812, 0.46436054), (0.838, 0.46436054), (0.864, 0.46436054), (0.89, 0.46436054), (0.916, 0.46436054), (0.942, 0.46436054), (0.968, 0.46436054), (0.994, 0.46436054), (1.02, 0.46436054), (-0.02, 0.43785942), (0.006, 0.43785942), (0.032, 0.43785942), (0.058, 0.43785942), (0.084, 0.43785942), (0.11, 0.43785942), (0.136, 0.43785942), (0.162, 0.43785942), (0.188, 0.43785942), (0.214, 0.43785942), (0.24, 0.43785942), (0.266, 0.43785942), (0.292, 0.43785942), (0.318, 0.43785942), (0.344, 0.43785942), (0.37, 0.43785942), (0.396, 0.43785942), (0.422, 0.43785942), (0.448, 0.43785942), (0.474, 0.43785942), (0.5, 0.43785942), (0.526, 0.43785942), (0.552, 0.43785942), (0.578, 0.43785942), (0.604, 0.43785942), (0.63, 0.43785942), (0.656, 0.43785942), (0.682, 0.43785942), (0.708, 0.43785942), (0.734, 0.43785942), (0.76, 0.43785942), (0.786, 0.43785942), (0.812, 0.43785942), (0.838, 0.43785942), (0.864, 0.43785942), (0.89, 0.43785942), (0.916, 0.43785942), (0.942, 0.43785942), (0.968, 0.43785942), (0.994, 0.43785942), (1.02, 0.43785942), (-0.02, 0.41135827), (0.006, 0.41135827), (0.032, 0.41135827), (0.058, 0.41135827), (0.084, 0.41135827), (0.11, 0.41135827), (0.136, 0.41135827), (0.162, 0.41135827), (0.188, 0.41135827), (0.214, 0.41135827), (0.24, 0.41135827), (0.266, 0.41135827), (0.292, 0.41135827), (0.318, 0.41135827), (0.344, 0.41135827), (0.37, 0.41135827), (0.396, 0.41135827), (0.422, 0.41135827), (0.448, 0.41135827), (0.474, 0.41135827), (0.5, 0.41135827), (0.526, 0.41135827), (0.552, 0.41135827), (0.578, 0.41135827), (0.604, 0.41135827), (0.63, 0.41135827), (0.656, 0.41135827), (0.682, 0.41135827), (0.708, 0.41135827), (0.734, 0.41135827), (0.76, 0.41135827), (0.786, 0.41135827), (0.812, 0.41135827), (0.838, 0.41135827), (0.864, 0.41135827), (0.89, 0.41135827), (0.916, 0.41135827), (0.942, 0.41135827), (0.968, 0.41135827), (0.994, 0.41135827), (1.02, 0.41135827), (-0.02, 0.38485715), (0.006, 0.38485715), (0.032, 0.38485715), (0.058, 0.38485715), (0.084, 0.38485715), (0.11, 0.38485715), (0.136, 0.38485715), (0.162, 0.38485715), (0.188, 0.38485715), (0.214, 0.38485715), (0.24, 0.38485715), (0.266, 0.38485715), (0.292, 0.38485715), (0.318, 0.38485715), (0.344, 0.38485715), (0.37, 0.38485715), (0.396, 0.38485715), (0.422, 0.38485715), (0.448, 0.38485715), (0.474, 0.38485715), (0.5, 0.38485715), (0.526, 0.38485715), (0.552, 0.38485715), (0.578, 0.38485715), (0.604, 0.38485715), (0.63, 0.38485715), (0.656, 0.38485715), (0.682, 0.38485715), (0.708, 0.38485715), (0.734, 0.38485715), (0.76, 0.38485715), (0.786, 0.38485715), (0.812, 0.38485715), (0.838, 0.38485715), (0.864, 0.38485715), (0.89, 0.38485715), (0.916, 0.38485715), (0.942, 0.38485715), (0.968, 0.38485715), (0.994, 0.38485715), (1.02, 0.38485715), (-0.02, 0.358356), (0.006, 0.358356), (0.032, 0.358356), (0.058, 0.358356), (0.084, 0.358356), (0.11, 0.358356), (0.136, 0.358356), (0.162, 0.358356), (0.188, 0.358356), (0.214, 0.358356), (0.24, 0.358356), (0.266, 0.358356), (0.292, 0.358356), (0.318, 0.358356), (0.344, 0.358356), (0.37, 0.358356), (0.396, 0.358356), (0.422, 0.358356), (0.448, 0.358356), (0.474, 0.358356), (0.5, 0.358356), (0.526, 0.358356), (0.552, 0.358356), (0.578, 0.358356), (0.604, 0.358356), (0.63, 0.358356), (0.656, 0.358356), (0.682, 0.358356), (0.708, 0.358356), (0.734, 0.358356), (0.76, 0.358356), (0.786, 0.358356), (0.812, 0.358356), (0.838, 0.358356), (0.864, 0.358356), (0.89, 0.358356), (0.916, 0.358356), (0.942, 0.358356), (0.968, 0.358356), (0.994, 0.358356), (1.02, 0.358356), (-0.02, 0.33185488), (0.006, 0.33185488), (0.032, 0.33185488), (0.058, 0.33185488), (0.084, 0.33185488), (0.11, 0.33185488), (0.136, 0.33185488), (0.162, 0.33185488), (0.188, 0.33185488), (0.214, 0.33185488), (0.24, 0.33185488), (0.266, 0.33185488), (0.292, 0.33185488), (0.318, 0.33185488), (0.344, 0.33185488), (0.37, 0.33185488), (0.396, 0.33185488), (0.422, 0.33185488), (0.448, 0.33185488), (0.474, 0.33185488), (0.5, 0.33185488), (0.526, 0.33185488), (0.552, 0.33185488), (0.578, 0.33185488), (0.604, 0.33185488), (0.63, 0.33185488), (0.656, 0.33185488), (0.682, 0.33185488), (0.708, 0.33185488), (0.734, 0.33185488), (0.76, 0.33185488), (0.786, 0.33185488), (0.812, 0.33185488), (0.838, 0.33185488), (0.864, 0.33185488), (0.89, 0.33185488), (0.916, 0.33185488), (0.942, 0.33185488), (0.968, 0.33185488), (0.994, 0.33185488), (1.02, 0.33185488), (-0.02, 0.30535373), (0.006, 0.30535373), (0.032, 0.30535373), (0.058, 0.30535373), (0.084, 0.30535373), (0.11, 0.30535373), (0.136, 0.30535373), (0.162, 0.30535373), (0.188, 0.30535373), (0.214, 0.30535373), (0.24, 0.30535373), (0.266, 0.30535373), (0.292, 0.30535373), (0.318, 0.30535373), (0.344, 0.30535373), (0.37, 0.30535373), (0.396, 0.30535373), (0.422, 0.30535373), (0.448, 0.30535373), (0.474, 0.30535373), (0.5, 0.30535373), (0.526, 0.30535373), (0.552, 0.30535373), (0.578, 0.30535373), (0.604, 0.30535373), (0.63, 0.30535373), (0.656, 0.30535373), (0.682, 0.30535373), (0.708, 0.30535373), (0.734, 0.30535373), (0.76, 0.30535373), (0.786, 0.30535373), (0.812, 0.30535373), (0.838, 0.30535373), (0.864, 0.30535373), (0.89, 0.30535373), (0.916, 0.30535373), (0.942, 0.30535373), (0.968, 0.30535373), (0.994, 0.30535373), (1.02, 0.30535373), (-0.02, 0.2788526), (0.006, 0.2788526), (0.032, 0.2788526), (0.058, 0.2788526), (0.084, 0.2788526), (0.11, 0.2788526), (0.136, 0.2788526), (0.162, 0.2788526), (0.188, 0.2788526), (0.214, 0.2788526), (0.24, 0.2788526), (0.266, 0.2788526), (0.292, 0.2788526), (0.318, 0.2788526), (0.344, 0.2788526), (0.37, 0.2788526), (0.396, 0.2788526), (0.422, 0.2788526), (0.448, 0.2788526), (0.474, 0.2788526), (0.5, 0.2788526), (0.526, 0.2788526), (0.552, 0.2788526), (0.578, 0.2788526), (0.604, 0.2788526), (0.63, 0.2788526), (0.656, 0.2788526), (0.682, 0.2788526), (0.708, 0.2788526), (0.734, 0.2788526), (0.76, 0.2788526), (0.786, 0.2788526), (0.812, 0.2788526), (0.838, 0.2788526), (0.864, 0.2788526), (0.89, 0.2788526), (0.916, 0.2788526), (0.942, 0.2788526), (0.968, 0.2788526), (0.994, 0.2788526), (1.02, 0.2788526), (-0.02, 0.25235146), (0.006, 0.25235146), (0.032, 0.25235146), (0.058, 0.25235146), (0.084, 0.25235146), (0.11, 0.25235146), (0.136, 0.25235146), (0.162, 0.25235146), (0.188, 0.25235146), (0.214, 0.25235146), (0.24, 0.25235146), (0.266, 0.25235146), (0.292, 0.25235146), (0.318, 0.25235146), (0.344, 0.25235146), (0.37, 0.25235146), (0.396, 0.25235146), (0.422, 0.25235146), (0.448, 0.25235146), (0.474, 0.25235146), (0.5, 0.25235146), (0.526, 0.25235146), (0.552, 0.25235146), (0.578, 0.25235146), (0.604, 0.25235146), (0.63, 0.25235146), (0.656, 0.25235146), (0.682, 0.25235146), (0.708, 0.25235146), (0.734, 0.25235146), (0.76, 0.25235146), (0.786, 0.25235146), (0.812, 0.25235146), (0.838, 0.25235146), (0.864, 0.25235146), (0.89, 0.25235146), (0.916, 0.25235146), (0.942, 0.25235146), (0.968, 0.25235146), (0.994, 0.25235146), (1.02, 0.25235146), (-0.02, 0.22585034), (0.006, 0.22585034), (0.032, 0.22585034), (0.058, 0.22585034), (0.084, 0.22585034), (0.11, 0.22585034), (0.136, 0.22585034), (0.162, 0.22585034), (0.188, 0.22585034), (0.214, 0.22585034), (0.24, 0.22585034), (0.266, 0.22585034), (0.292, 0.22585034), (0.318, 0.22585034), (0.344, 0.22585034), (0.37, 0.22585034), (0.396, 0.22585034), (0.422, 0.22585034), (0.448, 0.22585034), (0.474, 0.22585034), (0.5, 0.22585034), (0.526, 0.22585034), (0.552, 0.22585034), (0.578, 0.22585034), (0.604, 0.22585034), (0.63, 0.22585034), (0.656, 0.22585034), (0.682, 0.22585034), (0.708, 0.22585034), (0.734, 0.22585034), (0.76, 0.22585034), (0.786, 0.22585034), (0.812, 0.22585034), (0.838, 0.22585034), (0.864, 0.22585034), (0.89, 0.22585034), (0.916, 0.22585034), (0.942, 0.22585034), (0.968, 0.22585034), (0.994, 0.22585034), (1.02, 0.22585034), (-0.02, 0.1993492), (0.006, 0.1993492), (0.032, 0.1993492), (0.058, 0.1993492), (0.084, 0.1993492), (0.11, 0.1993492), (0.136, 0.1993492), (0.162, 0.1993492), (0.188, 0.1993492), (0.214, 0.1993492), (0.24, 0.1993492), (0.266, 0.1993492), (0.292, 0.1993492), (0.318, 0.1993492), (0.344, 0.1993492), (0.37, 0.1993492), (0.396, 0.1993492), (0.422, 0.1993492), (0.448, 0.1993492), (0.474, 0.1993492), (0.5, 0.1993492), (0.526, 0.1993492), (0.552, 0.1993492), (0.578, 0.1993492), (0.604, 0.1993492), (0.63, 0.1993492), (0.656, 0.1993492), (0.682, 0.1993492), (0.708, 0.1993492), (0.734, 0.1993492), (0.76, 0.1993492), (0.786, 0.1993492), (0.812, 0.1993492), (0.838, 0.1993492), (0.864, 0.1993492), (0.89, 0.1993492), (0.916, 0.1993492), (0.942, 0.1993492), (0.968, 0.1993492), (0.994, 0.1993492), (1.02, 0.1993492), (-0.02, 0.17284806), (0.006, 0.17284806), (0.032, 0.17284806), (0.058, 0.17284806), (0.084, 0.17284806), (0.11, 0.17284806), (0.136, 0.17284806), (0.162, 0.17284806), (0.188, 0.17284806), (0.214, 0.17284806), (0.24, 0.17284806), (0.266, 0.17284806), (0.292, 0.17284806), (0.318, 0.17284806), (0.344, 0.17284806), (0.37, 0.17284806), (0.396, 0.17284806), (0.422, 0.17284806), (0.448, 0.17284806), (0.474, 0.17284806), (0.5, 0.17284806), (0.526, 0.17284806), (0.552, 0.17284806), (0.578, 0.17284806), (0.604, 0.17284806), (0.63, 0.17284806), (0.656, 0.17284806), (0.682, 0.17284806), (0.708, 0.17284806), (0.734, 0.17284806), (0.76, 0.17284806), (0.786, 0.17284806), (0.812, 0.17284806), (0.838, 0.17284806), (0.864, 0.17284806), (0.89, 0.17284806), (0.916, 0.17284806), (0.942, 0.17284806), (0.968, 0.17284806), (0.994, 0.17284806), (1.02, 0.17284806), (-0.02, 0.14634693), (0.006, 0.14634693), (0.032, 0.14634693), (0.058, 0.14634693), (0.084, 0.14634693), (0.11, 0.14634693), (0.136, 0.14634693), (0.162, 0.14634693), (0.188, 0.14634693), (0.214, 0.14634693), (0.24, 0.14634693), (0.266, 0.14634693), (0.292, 0.14634693), (0.318, 0.14634693), (0.344, 0.14634693), (0.37, 0.14634693), (0.396, 0.14634693), (0.422, 0.14634693), (0.448, 0.14634693), (0.474, 0.14634693), (0.5, 0.14634693), (0.526, 0.14634693), (0.552, 0.14634693), (0.578, 0.14634693), (0.604, 0.14634693), (0.63, 0.14634693), (0.656, 0.14634693), (0.682, 0.14634693), (0.708, 0.14634693), (0.734, 0.14634693), (0.76, 0.14634693), (0.786, 0.14634693), (0.812, 0.14634693), (0.838, 0.14634693), (0.864, 0.14634693), (0.89, 0.14634693), (0.916, 0.14634693), (0.942, 0.14634693), (0.968, 0.14634693), (0.994, 0.14634693), (1.02, 0.14634693), (-0.02, 0.1198458), (0.006, 0.1198458), (0.032, 0.1198458), (0.058, 0.1198458), (0.084, 0.1198458), (0.11, 0.1198458), (0.136, 0.1198458), (0.162, 0.1198458), (0.188, 0.1198458), (0.214, 0.1198458), (0.24, 0.1198458), (0.266, 0.1198458), (0.292, 0.1198458), (0.318, 0.1198458), (0.344, 0.1198458), (0.37, 0.1198458), (0.396, 0.1198458), (0.422, 0.1198458), (0.448, 0.1198458), (0.474, 0.1198458), (0.5, 0.1198458), (0.526, 0.1198458), (0.552, 0.1198458), (0.578, 0.1198458), (0.604, 0.1198458), (0.63, 0.1198458), (0.656, 0.1198458), (0.682, 0.1198458), (0.708, 0.1198458), (0.734, 0.1198458), (0.76, 0.1198458), (0.786, 0.1198458), (0.812, 0.1198458), (0.838, 0.1198458), (0.864, 0.1198458), (0.89, 0.1198458), (0.916, 0.1198458), (0.942, 0.1198458), (0.968, 0.1198458), (0.994, 0.1198458), (1.02, 0.1198458), (-0.02, 0.09334467), (0.006, 0.09334467), (0.032, 0.09334467), (0.058, 0.09334467), (0.084, 0.09334467), (0.11, 0.09334467), (0.136, 0.09334467), (0.162, 0.09334467), (0.188, 0.09334467), (0.214, 0.09334467), (0.24, 0.09334467), (0.266, 0.09334467), (0.292, 0.09334467), (0.318, 0.09334467), (0.344, 0.09334467), (0.37, 0.09334467), (0.396, 0.09334467), (0.422, 0.09334467), (0.448, 0.09334467), (0.474, 0.09334467), (0.5, 0.09334467), (0.526, 0.09334467), (0.552, 0.09334467), (0.578, 0.09334467), (0.604, 0.09334467), (0.63, 0.09334467), (0.656, 0.09334467), (0.682, 0.09334467), (0.708, 0.09334467), (0.734, 0.09334467), (0.76, 0.09334467), (0.786, 0.09334467), (0.812, 0.09334467), (0.838, 0.09334467), (0.864, 0.09334467), (0.89, 0.09334467), (0.916, 0.09334467), (0.942, 0.09334467), (0.968, 0.09334467), (0.994, 0.09334467), (1.02, 0.09334467), (-0.02, 0.06684356), (0.006, 0.06684356), (0.032, 0.06684356), (0.058, 0.06684356), (0.084, 0.06684356), (0.11, 0.06684356), (0.136, 0.06684356), (0.162, 0.06684356), (0.188, 0.06684356), (0.214, 0.06684356), (0.24, 0.06684356), (0.266, 0.06684356), (0.292, 0.06684356), (0.318, 0.06684356), (0.344, 0.06684356), (0.37, 0.06684356), (0.396, 0.06684356), (0.422, 0.06684356), (0.448, 0.06684356), (0.474, 0.06684356), (0.5, 0.06684356), (0.526, 0.06684356), (0.552, 0.06684356), (0.578, 0.06684356), (0.604, 0.06684356), (0.63, 0.06684356), (0.656, 0.06684356), (0.682, 0.06684356), (0.708, 0.06684356), (0.734, 0.06684356), (0.76, 0.06684356), (0.786, 0.06684356), (0.812, 0.06684356), (0.838, 0.06684356), (0.864, 0.06684356), (0.89, 0.06684356), (0.916, 0.06684356), (0.942, 0.06684356), (0.968, 0.06684356), (0.994, 0.06684356), (1.02, 0.06684356), (-0.02, 0.04034243), (0.006, 0.04034243), (0.032, 0.04034243), (0.058, 0.04034243), (0.084, 0.04034243), (0.11, 0.04034243), (0.136, 0.04034243), (0.162, 0.04034243), (0.188, 0.04034243), (0.214, 0.04034243), (0.24, 0.04034243), (0.266, 0.04034243), (0.292, 0.04034243), (0.318, 0.04034243), (0.344, 0.04034243), (0.37, 0.04034243), (0.396, 0.04034243), (0.422, 0.04034243), (0.448, 0.04034243), (0.474, 0.04034243), (0.5, 0.04034243), (0.526, 0.04034243), (0.552, 0.04034243), (0.578, 0.04034243), (0.604, 0.04034243), (0.63, 0.04034243), (0.656, 0.04034243), (0.682, 0.04034243), (0.708, 0.04034243), (0.734, 0.04034243), (0.76, 0.04034243), (0.786, 0.04034243), (0.812, 0.04034243), (0.838, 0.04034243), (0.864, 0.04034243), (0.89, 0.04034243), (0.916, 0.04034243), (0.942, 0.04034243), (0.968, 0.04034243), (0.994, 0.04034243), (1.02, 0.04034243), (-0.02, 0.013841303), (0.006, 0.013841303), (0.032, 0.013841303), (0.058, 0.013841303), (0.084, 0.013841303), (0.11, 0.013841303), (0.136, 0.013841303), (0.162, 0.013841303), (0.188, 0.013841303), (0.214, 0.013841303), (0.24, 0.013841303), (0.266, 0.013841303), (0.292, 0.013841303), (0.318, 0.013841303), (0.344, 0.013841303), (0.37, 0.013841303), (0.396, 0.013841303), (0.422, 0.013841303), (0.448, 0.013841303), (0.474, 0.013841303), (0.5, 0.013841303), (0.526, 0.013841303), (0.552, 0.013841303), (0.578, 0.013841303), (0.604, 0.013841303), (0.63, 0.013841303), (0.656, 0.013841303), (0.682, 0.013841303), (0.708, 0.013841303), (0.734, 0.013841303), (0.76, 0.013841303), (0.786, 0.013841303), (0.812, 0.013841303), (0.838, 0.013841303), (0.864, 0.013841303), (0.89, 0.013841303), (0.916, 0.013841303), (0.942, 0.013841303), (0.968, 0.013841303), (0.994, 0.013841303), (1.02, 0.013841303), (-0.02, 0), (0.006, 0), (0.032, 0), (0.058, 0), (0.084, 0), (0.11, 0), (0.136, 0), (0.162, 0), (0.188, 0), (0.214, 0), (0.24, 0), (0.266, 0), (0.292, 0), (0.318, 0), (0.344, 0), (0.37, 0), (0.396, 0), (0.422, 0), (0.448, 0), (0.474, 0), (0.5, 0), (0.526, 0), (0.552, 0), (0.578, 0), (0.604, 0), (0.63, 0), (0.656, 0), (0.682, 0), (0.708, 0), (0.734, 0), (0.76, 0), (0.786, 0), (0.812, 0), (0.838, 0), (0.864, 0), (0.89, 0), (0.916, 0), (0.942, 0), (0.968, 0), (0.994, 0), (1.02, 0), (-0.02, 0), (0.006, 0), (0.032, 0), (0.058, 0), (0.084, 0), (0.11, 0), (0.136, 0), (0.162, 0), (0.188, 0), (0.214, 0), (0.24, 0), (0.266, 0), (0.292, 0), (0.318, 0), (0.344, 0), (0.37, 0), (0.396, 0), (0.422, 0), (0.448, 0), (0.474, 0), (0.5, 0), (0.526, 0), (0.552, 0), (0.578, 0), (0.604, 0), (0.63, 0), (0.656, 0), (0.682, 0), (0.708, 0), (0.734, 0), (0.76, 0), (0.786, 0), (0.812, 0), (0.838, 0), (0.864, 0), (0.89, 0), (0.916, 0), (0.942, 0), (0.968, 0), (0.994, 0), (1.02, 0), (-0.02, 0), (0.006, 0), (0.032, 0), (0.058, 0), (0.084, 0), (0.11, 0), (0.136, 0), (0.162, 0), (0.188, 0), (0.214, 0), (0.24, 0), (0.266, 0), (0.292, 0), (0.318, 0), (0.344, 0), (0.37, 0), (0.396, 0), (0.422, 0), (0.448, 0), (0.474, 0), (0.5, 0), (0.526, 0), (0.552, 0), (0.578, 0), (0.604, 0), (0.63, 0), (0.656, 0), (0.682, 0), (0.708, 0), (0.734, 0), (0.76, 0), (0.786, 0), (0.812, 0), (0.838, 0), (0.864, 0), (0.89, 0), (0.916, 0), (0.942, 0), (0.968, 0), (0.994, 0), (1.02, 0)] (
                interpolation = "varying"
            )
            texCoord2f[] primvars:emitterUVs = [(0.30640772, 0.47708878), (0.29826963, 0.47550127), (0.2894488, 0.47363198), (0.27986854, 0.47140378), (0.26944387, 0.46871036), (0.25808173, 0.4654021), (0.24568221, 0.46126306), (0.2321415, 0.45597377), (0.21735716, 0.44904783), (0.20123692, 0.4397234), (0.18371087, 0.42677435), (0.16474411, 0.40818727), (0.14433938, 0.38065898), (0.12252262, 0.33908647), (0.099508174, 0.27753657), (0.07819329, 0.1990328), (0.079700164, 0.14712949), (0.14526549, 0.14828864), (0.25348508, 0.14524318), (0.38136292, 0.14522824), (0.49277362, 0.13357724), (0.6206848, 0.1438474), (0.7430973, 0.14106455), (0.85507125, 0.13186787), (0.9163772, 0.13810197), (0.9210613, 0.20392634), (0.90136033, 0.29340824), (0.8788688, 0.36133495), (0.85672283, 0.40531057), (0.83542556, 0.43329883), (0.8152674, 0.45147163), (0.7964287, 0.46361774), (0.77898246, 0.47197875), (0.76292, 0.47789353), (0.74818105, 0.48218077), (0.7346769, 0.48535538), (0.72230715, 0.4877501), (0.71096915, 0.48958603), (0.70056397, 0.49101332), (0.69099945, 0.4921365), (0.68219125, 0.49302977), (0.30613524, 0.477056), (0.2979565, 0.47546086), (0.2890867, 0.47358137), (0.27944693, 0.47133926), (0.26894924, 0.46862635), (0.2574966, 0.46528995), (0.24498358, 0.46110907), (0.23129861, 0.45575503), (0.21632788, 0.44872448), (0.19996178, 0.43922234), (0.1821023, 0.42595345), (0.16266416, 0.4067521), (0.14154662, 0.3779566), (0.118521705, 0.3335692), (0.09306422, 0.26537868), (0.06600907, 0.17188533), (0.05965384, 0.10478409), (0.13648729, 0.112530716), (0.24992901, 0.10121387), (0.3819676, 0.10872203), (0.49285695, 0.09423531), (0.6261928, 0.10899158), (0.7460148, 0.10724758), (0.86552495, 0.09689864), (0.93413657, 0.10047786), (0.9332295, 0.17698023), (0.9078995, 0.280754), (0.8830104, 0.35579777), (0.85967565, 0.4027236), (0.8376591, 0.43199548), (0.8170124, 0.4507705), (0.79782075, 0.46321937), (0.78011006, 0.47174203), (0.7638449, 0.47774762), (0.74894786, 0.48208815), (0.7353188, 0.48529515), (0.7228491, 0.48771027), (0.7114303, 0.4895593), (0.7009593, 0.49099523), (0.6913406, 0.49212426), (0.6824875, 0.4930215), (0.3059547, 0.47703427), (0.29774898, 0.47543406), (0.28884664, 0.47354782), (0.27916735, 0.4712964), (0.26862112, 0.4685705), (0.25710827, 0.46521533), (0.24451967, 0.46100643), (0.23073845, 0.4556089), (0.21564314, 0.4485079), (0.19911234, 0.4388854), (0.18102866, 0.42539835), (0.16127162, 0.40577337), (0.13966608, 0.37608844), (0.11579225, 0.32966354), (0.08850658, 0.25635448), (0.056455556, 0.14943038), (0.040630233, 0.06377561), (0.13118006, 0.08031739), (0.24733208, 0.06014418), (0.38119516, 0.075313956), (0.49378505, 0.059964746), (0.6318018, 0.07486659), (0.747807, 0.07721075), (0.87258893, 0.06606923), (0.9488289, 0.07190475), (0.94276303, 0.15582363), (0.9125196, 0.2713622), (0.8858292, 0.35186875), (0.86166084, 0.4009314), (0.8391532, 0.4311047), (0.8181766, 0.45029527), (0.7987478, 0.4629509), (0.7808601, 0.4715831), (0.76445955, 0.47764993), (0.74945706, 0.48202625), (0.7357448, 0.48525497), (0.72320855, 0.48768368), (0.71173614, 0.4895415), (0.70122135, 0.49098322), (0.6915667, 0.49211612), (0.68268377, 0.49301597), (0.3058667, 0.47702366), (0.2976478, 0.47542098), (0.2887296, 0.47353142), (0.27903098, 0.47127548), (0.26846105, 0.4685432), (0.25691876, 0.46517885), (0.2442932, 0.46095622), (0.23046488, 0.45553735), (0.21530853, 0.44840163), (0.19869693, 0.4387197), (0.180503, 0.42512444), (0.16058853, 0.40528792), (0.13874033, 0.37515405), (0.11443737, 0.3276807), (0.08618848, 0.2516271), (0.051220857, 0.13669086), (0.028652053, 0.038383003), (0.12847315, 0.05935959), (0.2456259, 0.03598338), (0.37903684, 0.052058756), (0.49524376, 0.038964134), (0.63483614, 0.0489878), (0.7497287, 0.05797431), (0.8752589, 0.04477849), (0.9567317, 0.05826335), (0.947983, 0.1443817), (0.9148688, 0.26644465), (0.8872265, 0.34987113), (0.8626372, 0.40003386), (0.83988565, 0.43066227), (0.81874645, 0.45006046), (0.79920113, 0.46281865), (0.78122663, 0.47150502), (0.7647597, 0.47760198), (0.7497057, 0.4819959), (0.7359527, 0.4852353), (0.72338396, 0.48767072), (0.7118853, 0.4895328), (0.7013492, 0.49097735), (0.6916769, 0.49211213), (0.68277943, 0.4930133), (0.3058715, 0.47702423), (0.29765335, 0.4754217), (0.288736, 0.47353232), (0.27903843, 0.47127664), (0.26846978, 0.4685447), (0.2569291, 0.46518084), (0.24430555, 0.46095896), (0.2304798, 0.45554125), (0.21532682, 0.44840744), (0.19871964, 0.43872878), (0.18053174, 0.42513943), (0.16062589, 0.40531456), (0.138791, 0.37520543), (0.11451173, 0.3277903), (0.086316735, 0.2518911), (0.051517874, 0.13742208), (0.029361188, 0.039842714), (0.12864289, 0.060653243), (0.24572955, 0.03734393), (0.3792424, 0.05355841), (0.49513787, 0.04024046), (0.6346929, 0.05070877), (0.7495692, 0.05914194), (0.8751761, 0.04617709), (0.9562937, 0.05897047), (0.9476869, 0.1450264), (0.9147388, 0.2667192), (0.8871499, 0.34998158), (0.86258376, 0.4000832), (0.8398456, 0.43068656), (0.8187153, 0.45007333), (0.79917634, 0.4628259), (0.7812066, 0.47150928), (0.7647433, 0.4776046), (0.7496921, 0.48199755), (0.7359413, 0.48523638), (0.72337437, 0.4876714), (0.71187717, 0.48953328), (0.7013422, 0.49097767), (0.6916709, 0.49211234), (0.68277425, 0.49301344), (0.30596906, 0.477036), (0.2977655, 0.47543618), (0.28886577, 0.47355047), (0.27918962, 0.47129983), (0.26864728, 0.46857494), (0.25713924, 0.4652213), (0.24455668, 0.46101463), (0.23078316, 0.4556206), (0.21569781, 0.44852522), (0.1991802, 0.43891242), (0.18111448, 0.42544293), (0.16138306, 0.40585226), (0.13981691, 0.37623975), (0.11601227, 0.32998276), (0.08887938, 0.25710607), (0.05727209, 0.15138954), (0.042398036, 0.067591876), (0.13158931, 0.083308734), (0.24757215, 0.0638632), (0.38136017, 0.07849354), (0.49363416, 0.06304907), (0.6312901, 0.07826323), (0.7476157, 0.079987794), (0.8720471, 0.06896357), (0.94757175, 0.074213356), (0.94194853, 0.1576214), (0.91214174, 0.2721442), (0.8856022, 0.35219014), (0.8615017, 0.40107664), (0.83903366, 0.43117654), (0.8180836, 0.45033348), (0.79867375, 0.4629724), (0.7808002, 0.47159582), (0.7644105, 0.47765774), (0.7494164, 0.4820312), (0.7357108, 0.4852582), (0.72317994, 0.48768583), (0.71171176, 0.4895429), (0.7012005, 0.49098417), (0.6915487, 0.49211678), (0.68266815, 0.49301642), (0.30615914, 0.47705886), (0.29798397, 0.4754644), (0.28911847, 0.4735858), (0.27948394, 0.47134492), (0.26899272, 0.46863374), (0.25754806, 0.46529984), (0.24504505, 0.46112266), (0.23137279, 0.45577434), (0.21641849, 0.44875306), (0.20007412, 0.4392667), (0.18224415, 0.42602634), (0.1628479, 0.40688017), (0.14179412, 0.37819952), (0.11887874, 0.33407143), (0.09365011, 0.266513), (0.06717493, 0.1745557), (0.061746363, 0.1092575), (0.13723125, 0.116148904), (0.25024027, 0.10581972), (0.38195184, 0.11241558), (0.49282584, 0.09818896), (0.6255888, 0.112590075), (0.7457982, 0.110639274), (0.864585, 0.1003742), (0.9323752, 0.10409263), (0.9320656, 0.17957072), (0.90730536, 0.2819347), (0.88264126, 0.3563025), (0.85941416, 0.4029564), (0.8374619, 0.43211192), (0.8168586, 0.45083284), (0.7976981, 0.4632547), (0.78001076, 0.47176298), (0.76376355, 0.4777605), (0.7488804, 0.4820963), (0.73526233, 0.48530045), (0.72280145, 0.48771378), (0.7113898, 0.48956165), (0.7009246, 0.49099684), (0.69131064, 0.49212533), (0.6824615, 0.4930222), (0.30644113, 0.47709277), (0.298308, 0.47550622), (0.28949317, 0.47363818), (0.2799202, 0.47141168), (0.26950446, 0.46872064), (0.25815338, 0.4654158), (0.24576771, 0.46128187), (0.23224461, 0.45600045), (0.21748298, 0.44908717), (0.20139267, 0.43978423), (0.18390709, 0.4268736), (0.16499731, 0.40835983), (0.14467809, 0.38098103), (0.12300382, 0.3397339), (0.10026637, 0.2789216), (0.07954497, 0.20193961), (0.08172298, 0.1513297), (0.14636047, 0.15202348), (0.2539325, 0.14962278), (0.3812666, 0.14905229), (0.4927721, 0.13769405), (0.62016374, 0.14745454), (0.7426678, 0.1446467), (0.8538318, 0.13561352), (0.91449773, 0.1421943), (0.9197109, 0.20688261), (0.9005902, 0.2948494), (0.8783699, 0.3619837), (0.8563643, 0.4056184), (0.8351535, 0.43345532), (0.8150545, 0.4515563), (0.7962586, 0.463666), (0.7788446, 0.4720075), (0.7628069, 0.4779113), (0.74808717, 0.48219207), (0.73459834, 0.4853627), (0.72224075, 0.487755), (0.71091264, 0.48958927), (0.70051557, 0.49101552), (0.69095767, 0.49213803), (0.68215495, 0.4930308), (0.3068142, 0.4771376), (0.29873654, 0.4755614), (0.2899885, 0.47370723), (0.2804966, 0.47149962), (0.2701802, 0.46883503), (0.25895208, 0.46556816), (0.24672042, 0.46149063), (0.23339266, 0.45629606), (0.21888277, 0.4495223), (0.20312321, 0.44045448), (0.18608366, 0.4279622), (0.16779847, 0.41023862), (0.14840734, 0.384448), (0.128249, 0.3465751), (0.108329125, 0.29307467), (0.093104765, 0.2299079), (0.10064936, 0.18973418), (0.15829822, 0.18749918), (0.25908446, 0.18923295), (0.38044465, 0.18548906), (0.4925724, 0.17662926), (0.61549, 0.18206337), (0.73712325, 0.17933543), (0.84067816, 0.1721865), (0.8964758, 0.18163343), (0.9061537, 0.23584396), (0.8923855, 0.30956513), (0.87292063, 0.36882517), (0.85241205, 0.4089262), (0.83214146, 0.43515563), (0.8126915, 0.45248267), (0.7943688, 0.46419683), (0.77731085, 0.47232485), (0.7615471, 0.47810775), (0.7470415, 0.4823172), (0.73372227, 0.48544428), (0.7215005, 0.4878091), (0.71028227, 0.48962563), (0.6999749, 0.4910401), (0.69049084, 0.49215472), (0.6817494, 0.49304205), (0.30727717, 0.47719312), (0.29926813, 0.47562972), (0.29060254, 0.4737926), (0.28121072, 0.47160825), (0.2710168, 0.46897605), (0.25994006, 0.46575564), (0.24789752, 0.4617468), (0.23480916, 0.4566575), (0.22060677, 0.4500517), (0.20524947, 0.44126433), (0.18874885, 0.42926478), (0.17121048, 0.41245458), (0.15290803, 0.3884477), (0.13446102, 0.35419086), (0.11747445, 0.30790454), (0.10713538, 0.25651222), (0.1185905, 0.22414221), (0.17184179, 0.22072923), (0.26560062, 0.22378743), (0.38033286, 0.21966515), (0.4919769, 0.21280256), (0.6110921, 0.21541393), (0.72932976, 0.21306628), (0.8260406, 0.20804319), (0.8789218, 0.21894902), (0.89208055, 0.26399425), (0.8830381, 0.32495144), (0.8664402, 0.37641096), (0.84762985, 0.41272742), (0.82846713, 0.43715292), (0.8097958, 0.45358643), (0.79204583, 0.46483544), (0.77542156, 0.47270924), (0.75999266, 0.4783469), (0.7457496, 0.48247012), (0.7326387, 0.4855442), (0.72058415, 0.4878755), (0.7095013, 0.4896703), (0.69930464, 0.49107042), (0.68991184, 0.49217528), (0.6812462, 0.49305597), (0.30782872, 0.47725913), (0.299901, 0.4757109), (0.29133317, 0.4738939), (0.28205976, 0.47173694), (0.27201048, 0.4691428), (0.2611122, 0.46597672), (0.24929224, 0.46204787), (0.23648472, 0.4570804), (0.2226417, 0.4506675), (0.20775206, 0.44219884), (0.19187322, 0.4307508), (0.17518607, 0.41494104), (0.15809843, 0.39282602), (0.14148518, 0.3622152), (0.12740254, 0.32263058), (0.12128515, 0.28091586), (0.13575134, 0.25467247), (0.18606116, 0.2508383), (0.27318838, 0.2538208), (0.3812743, 0.25052437), (0.49114352, 0.24537995), (0.60655695, 0.24646081), (0.7199436, 0.24465296), (0.81067455, 0.24165672), (0.86178964, 0.25282985), (0.87778986, 0.29007432), (0.8728283, 0.3401806), (0.8590776, 0.3843667), (0.8420985, 0.41686878), (0.82417876, 0.43938288), (0.80639815, 0.454839), (0.7893106, 0.46556833), (0.77319115, 0.47315395), (0.758154, 0.47862524), (0.744219, 0.48264888), (0.7313533, 0.48566142), (0.7194959, 0.48795363), (0.70857304, 0.489723), (0.6985073, 0.49110618), (0.68922263, 0.4921996), (0.68064684, 0.49307245), (0.30846715, 0.4773354), (0.3006331, 0.4758045), (0.2921777, 0.47401062), (0.28304023, 0.47188485), (0.27315682, 0.46933404), (0.26246274, 0.46622956), (0.25089663, 0.46239093), (0.23840842, 0.45755988), (0.22497222, 0.45136103), (0.21060883, 0.44324172), (0.19542366, 0.4323881), (0.17967354, 0.41763127), (0.16389321, 0.39743915), (0.1491741, 0.37034652), (0.1378775, 0.336746), (0.13537899, 0.30286023), (0.15223478, 0.28151253), (0.20039013, 0.27758977), (0.2815452, 0.27999184), (0.38327494, 0.2777946), (0.49027276, 0.274162), (0.6017179, 0.27456504), (0.70960855, 0.27338424), (0.7950943, 0.27213255), (0.845007, 0.28288075), (0.86341023, 0.31359196), (0.8619759, 0.3547168), (0.8509763, 0.39238557), (0.8359036, 0.42120796), (0.8193295, 0.44178134), (0.8025333, 0.45621058), (0.78618664, 0.46638107), (0.7706363, 0.47365162), (0.75604296, 0.47893882), (0.74245846, 0.48285133), (0.7298725, 0.4857947), (0.7182406, 0.48804274), (0.70750123, 0.48978323), (0.69758594, 0.49114716), (0.6884255, 0.49222752), (0.67995316, 0.49309137), (0.3091907, 0.47742158), (0.30146214, 0.4759102), (0.2931332, 0.4741421), (0.2841484, 0.47205123), (0.27445084, 0.46954852), (0.26398492, 0.46651223), (0.2527018, 0.4627728), (0.24056806, 0.45809066), (0.22758129, 0.45212308), (0.21379542, 0.44437617), (0.19936438, 0.43414462), (0.18461838, 0.4204619), (0.17020658, 0.4021615), (0.1573923, 0.3783553), (0.14871533, 0.34995985), (0.1493161, 0.3223653), (0.16808304, 0.30493942), (0.21451554, 0.3010991), (0.29040256, 0.3028472), (0.38617784, 0.3016295), (0.4894906, 0.29928586), (0.59658515, 0.29951483), (0.6988137, 0.29898006), (0.77962863, 0.2991264), (0.8285735, 0.3091337), (0.8490208, 0.33446172), (0.8506563, 0.3682539), (0.8422708, 0.40023565), (0.82913226, 0.4256213), (0.813976, 0.44428772), (0.7982394, 0.45767155), (0.78270036, 0.46725875), (0.7677756, 0.47419447), (0.753673, 0.47928348), (0.74047786, 0.48307508), (0.72820383, 0.4859427), (0.71682405, 0.488142), (0.7062901, 0.4898505), (0.69654363, 0.49119303), (0.687523, 0.49225882), (0.6791672, 0.4931126), (0.3099971, 0.47751737), (0.3023854, 0.4760275), (0.2941962, 0.47428778), (0.28537986, 0.47223508), (0.27588686, 0.46978492), (0.2656715, 0.46682256), (0.25469786, 0.46319008), (0.24295035, 0.4586672), (0.23045054, 0.45294416), (0.2172859, 0.44558534), (0.20365784, 0.43598953), (0.18996504, 0.42337546), (0.17695501, 0.40688917), (0.16601802, 0.38607982), (0.15977119, 0.36213365), (0.16302761, 0.33958274), (0.18331563, 0.32529658), (0.228271, 0.32164145), (0.29953402, 0.3228284), (0.38977066, 0.32236052), (0.48885024, 0.3210651), (0.591254, 0.32139125), (0.6878995, 0.3214675), (0.7644864, 0.32267323), (0.81253076, 0.33184296), (0.834694, 0.3527972), (0.83901423, 0.3806474), (0.8330849, 0.40775472), (0.8218708, 0.43000716), (0.80817664, 0.44684753), (0.7935564, 0.45919365), (0.7788798, 0.46818656), (0.76462907, 0.47477457), (0.7510589, 0.47965485), (0.7382881, 0.4833177), (0.7263554, 0.4861039), (0.71525234, 0.48825058), (0.7049446, 0.4899243), (0.69538444, 0.49124345), (0.68651825, 0.4922933), (0.6782914, 0.49313605), (0.31088424, 0.4776224), (0.30340004, 0.47615585), (0.29536316, 0.4744469), (0.28673, 0.4724354), (0.2774589, 0.47004166), (0.26751444, 0.46715835), (0.25687435, 0.4636393), (0.24554105, 0.45928377), (0.23356046, 0.45381474), (0.22105305, 0.44685292), (0.20826547, 0.43789423), (0.19565809, 0.42632216), (0.18405896, 0.41154087), (0.17494342, 0.39341554), (0.17092916, 0.37322956), (0.17646085, 0.35472196), (0.19794472, 0.3429513), (0.24156894, 0.33954564), (0.30875447, 0.34030613), (0.3938415, 0.34036636), (0.4883599, 0.3398863), (0.58584315, 0.3404356), (0.6770974, 0.34105387), (0.7498016, 0.343024), (0.79693186, 0.3513697), (0.8205036, 0.36880437), (0.8271736, 0.39185944), (0.8235316, 0.41483918), (0.814203, 0.43428674), (0.80199045, 0.44941396), (0.7885258, 0.46075094), (0.7747546, 0.46915033), (0.76121825, 0.47538412), (0.7482162, 0.48004845), (0.7359009, 0.48357663), (0.72433597, 0.48627687), (0.71353227, 0.48836756), (0.7034699, 0.4900041), (0.6941122, 0.4912981), (0.68541425, 0.49233073), (0.6773282, 0.49316153), (0.31184945, 0.4777363), (0.3045029, 0.47629482), (0.29663008, 0.47461873), (0.28819373, 0.47265118), (0.2791604, 0.47031727), (0.26950532, 0.46751723), (0.25922006, 0.46411684), (0.24832521, 0.45993468), (0.23689081, 0.45472562), (0.2250691, 0.4481635), (0.21314862, 0.439833), (0.20164339, 0.4292602), (0.19144396, 0.41605598), (0.1840737, 0.40030286), (0.18209514, 0.38327205), (0.18957354, 0.36801094), (0.21197975, 0.35826147), (0.25436276, 0.3551421), (0.3179165, 0.35560253), (0.39820415, 0.3560145), (0.48800576, 0.356145), (0.5804629, 0.35695666), (0.666564, 0.35803187), (0.7356608, 0.36052668), (0.781827, 0.36810935), (0.8065218, 0.3827255), (0.8152418, 0.40191865), (0.8137136, 0.42143145), (0.80620885, 0.4384022), (0.7954757, 0.45194814), (0.78318965, 0.46232042), (0.77035505, 0.47013688), (0.75756544, 0.47601554), (0.74516165, 0.48045993), (0.73332864, 0.48384923), (0.7221551, 0.48646003), (0.71167105, 0.48849195), (0.7018715, 0.49008927), (0.6927314, 0.49135664), (0.6842147, 0.4923709), (0.67628056, 0.49318892), (0.31289014, 0.47785866), (0.30569065, 0.47644383), (0.29799274, 0.47480252), (0.28976575, 0.4728813), (0.28098458, 0.47061014), (0.2716353, 0.46789688), (0.26172337, 0.46461916), (0.25128746, 0.4606144), (0.24042091, 0.4556679), (0.229306, 0.44950297), (0.218269, 0.44178334), (0.20786893, 0.43215594), (0.1990413, 0.42039233), (0.19332622, 0.40671563), (0.1931921, 0.3923214), (0.20233145, 0.37967432), (0.22542897, 0.37155655), (0.26662713, 0.3687394), (0.3269059, 0.36900225), (0.4027065, 0.36963794), (0.4877659, 0.37021092), (0.5752022, 0.37127563), (0.65640426, 0.37271917), (0.7221191, 0.37555274), (0.7672582, 0.38244846), (0.7928152, 0.39480913), (0.8033127, 0.41089222), (0.8037231, 0.42750838), (0.7979633, 0.4423142), (0.7886892, 0.45441943), (0.7775899, 0.46388227), (0.7657122, 0.47113422), (0.7536934, 0.4766617), (0.74191225, 0.48088506), (0.7305843, 0.484133), (0.71982265, 0.4866518), (0.70967644, 0.48862287), (0.7001556, 0.4901792), (0.6912468, 0.49141863), (0.68292326, 0.49241358), (0.6751513, 0.49321806), (0.31400347, 0.47798908), (0.3069598, 0.47660226), (0.29944676, 0.4749975), (0.29144043, 0.4731246), (0.2829243, 0.47091863), (0.2738951, 0.4682949), (0.2643723, 0.4651427), (0.254412, 0.4613175), (0.24412985, 0.45663333), (0.23373584, 0.4508585), (0.22358938, 0.44372615), (0.2142855, 0.43498325), (0.20678844, 0.4245227), (0.20262934, 0.41265115), (0.20415677, 0.40045598), (0.21470703, 0.38992175), (0.23829983, 0.383129), (0.2783485, 0.38061458), (0.33563685, 0.38075694), (0.40723082, 0.38152847), (0.48761746, 0.38241252), (0.57012665, 0.38369656), (0.64668655, 0.3854242), (0.7092098, 0.38845694), (0.7532585, 0.3947418), (0.77944255, 0.4052927), (0.7914678, 0.4188677), (0.7936427, 0.4330709), (0.78953636, 0.4459986), (0.7816853, 0.45680466), (0.77176756, 0.46541995), (0.76085675, 0.47213176), (0.7496254, 0.4773161), (0.7384856, 0.48131987), (0.72768134, 0.48442551), (0.71734893, 0.48685074), (0.7075563, 0.4887593), (0.69832826, 0.49027333), (0.68966323, 0.4914837), (0.6815438, 0.49245846), (0.6739437, 0.4932488), (0.3151864, 0.47812703), (0.30830657, 0.4767695), (0.30098748, 0.47520277), (0.293212, 0.47337997), (0.2849721, 0.47124115), (0.27627537, 0.46870896), (0.2671546, 0.46568397), (0.25768298, 0.4620389), (0.24799688, 0.45761424), (0.23833133, 0.45221883), (0.22907396, 0.44564563), (0.22084704, 0.4377227), (0.21462893, 0.42843196), (0.21192148, 0.41812238), (0.21493737, 0.40776107), (0.22667873, 0.3989425), (0.25059965, 0.39323273), (0.28952068, 0.39101085), (0.34404737, 0.39108816), (0.41168976, 0.3919374), (0.48753986, 0.393033), (0.5652804, 0.39449307), (0.63745266, 0.39642924), (0.6969504, 0.39955878), (0.7398511, 0.40530276), (0.7664531, 0.4143941), (0.77977693, 0.42594057), (0.7835454, 0.43813628), (0.7809918, 0.44944325), (0.77451533, 0.45908716), (0.7657624, 0.46692023), (0.7558191, 0.47312036), (0.7453845, 0.4779728), (0.7348993, 0.4817606), (0.7246332, 0.48472434), (0.71474445, 0.48705527), (0.7053189, 0.48890033), (0.69639605, 0.49037102), (0.68798596, 0.49155146), (0.68008053, 0.49250534), (0.672661, 0.49328092), (0.316436, 0.47827214), (0.30972728, 0.476945), (0.30261025, 0.47541755), (0.29507452, 0.47364628), (0.28712055, 0.47157604), (0.27876645, 0.46913677), (0.27005804, 0.46623972), (0.26108453, 0.4627738), (0.25200146, 0.4586037), (0.24306595, 0.45357424), (0.23468876, 0.44752902), (0.22751103, 0.44036067), (0.22251253, 0.432114), (0.22115001, 0.4231521), (0.22549184, 0.41432166), (0.23823032, 0.40690348), (0.26233616, 0.40208492), (0.300143, 0.40013865), (0.35209525, 0.40018925), (0.41602138, 0.401079), (0.48751572, 0.40231246), (0.5606899, 0.40390417), (0.62872404, 0.40598384), (0.6853458, 0.40913653), (0.72705066, 0.41440153), (0.7538862, 0.4223076), (0.7682991, 0.43220672), (0.773495, 0.44273195), (0.77238774, 0.45264527), (0.7672274, 0.46125612), (0.75961256, 0.46837276), (0.7506288, 0.4740924), (0.74099374, 0.4786266), (0.73117113, 0.48220378), (0.7214537, 0.48502734), (0.7120199, 0.48726404), (0.7029727, 0.48904505), (0.6943656, 0.4904717), (0.68622017, 0.49162155), (0.67853767, 0.49255392), (0.6713066, 0.4933143), (0.31774884, 0.47842392), (0.3112178, 0.47712815), (0.30431002, 0.475641), (0.29702184, 0.47392237), (0.28936195, 0.4719218), (0.2813587, 0.46957615), (0.2730704, 0.46680683), (0.26460105, 0.46351776), (0.25612366, 0.4595956), (0.2479143, 0.45491645), (0.24040186, 0.44936636), (0.23423861, 0.44288826), (0.23039478, 0.43556952), (0.23027046, 0.42776856), (0.23578648, 0.42021874), (0.24935044, 0.41394997), (0.2735182, 0.4098696), (0.3102196, 0.40817824), (0.35975438, 0.40822783), (0.42018405, 0.40913478), (0.487531, 0.41045243), (0.5563684, 0.41213495), (0.6205074, 0.41430384), (0.6743917, 0.4174277), (0.7148636, 0.4222676), (0.74177194, 0.42920333), (0.75708294, 0.43775782), (0.7635468, 0.44689107), (0.76377606, 0.45560846), (0.7598659, 0.46330526), (0.75335395, 0.46976998), (0.7453145, 0.47504157), (0.7364753, 0.479273), (0.7273185, 0.48264644), (0.7181566, 0.4853325), (0.70918614, 0.48747566), (0.70052624, 0.48919255), (0.6922438, 0.49057478), (0.6843715, 0.49169356), (0.6769196, 0.492604), (0.66988426, 0.49334878), (0.31912184, 0.47858188), (0.3127743, 0.47731826), (0.306082, 0.47587234), (0.29904783, 0.4742071), (0.29168865, 0.47227684), (0.28404248, 0.4700249), (0.27617943, 0.46738234), (0.26821718, 0.46426675), (0.26034412, 0.46058443), (0.2528522, 0.45623863), (0.24618357, 0.45115018), (0.24099456, 0.44530046), (0.23823687, 0.43880394), (0.2392456, 0.4320026), (0.24579486, 0.42552698), (0.2600322, 0.42020702), (0.28415605, 0.41674215), (0.31975865, 0.41528332), (0.36701146, 0.41534838), (0.42415172, 0.41625828), (0.48757473, 0.41762146), (0.5523188, 0.41935933), (0.61279804, 0.42157343), (0.66407585, 0.42463246), (0.70328903, 0.4290938), (0.7301315, 0.43522814), (0.74616766, 0.4426787), (0.75374764, 0.45064926), (0.7552027, 0.45834133), (0.7524711, 0.46523216), (0.7470203, 0.47110656), (0.7399033, 0.47596294), (0.7318509, 0.47990817), (0.7233587, 0.4830858), (0.71475536, 0.48563784), (0.70625395, 0.48768893), (0.6979881, 0.489342), (0.69003737, 0.49067968), (0.6824452, 0.4917671), (0.6752308, 0.4926553), (0.6683974, 0.49338418), (0.3205515, 0.47874558), (0.3143926, 0.47751477), (0.30792105, 0.47611067), (0.3011463, 0.4744994), (0.29409292, 0.47263968), (0.28680825, 0.4704811), (0.27937326, 0.46796355), (0.2719181, 0.46501714), (0.2646444, 0.46156558), (0.2578569, 0.45753518), (0.25200653, 0.4528751), (0.24774736, 0.44759536), (0.24600527, 0.4418259), (0.24804477, 0.43588558), (0.25549692, 0.43031392), (0.27027273, 0.42578182), (0.29426175, 0.42283309), (0.32877222, 0.42158437), (0.37386325, 0.4216748), (0.42791015, 0.4225791), (0.48763838, 0.42396027), (0.5485371, 0.42572415), (0.6055832, 0.42794856), (0.65438014, 0.43091854), (0.6923199, 0.4350415), (0.7189781, 0.44050798), (0.7355838, 0.44704622), (0.7441367, 0.4540426), (0.7467077, 0.46085548), (0.7450796, 0.4670372), (0.74064267, 0.47237927), (0.73442084, 0.47685277), (0.7271414, 0.48052898), (0.7193083, 0.48351955), (0.7112634, 0.48594183), (0.70323396, 0.48790264), (0.6953668, 0.48949265), (0.6877534, 0.49078593), (0.68044716, 0.49184188), (0.6734758, 0.4927076), (0.6668499, 0.49342033), (0.32203454, 0.47891453), (0.31606856, 0.47771704), (0.3098222, 0.4763552), (0.30331105, 0.47479823), (0.29656717, 0.47300893), (0.2896466, 0.47094283), (0.28264025, 0.46854794), (0.27568936, 0.4657657), (0.26900688, 0.46253502), (0.2629072, 0.4588017), (0.25784576, 0.45453754), (0.25446904, 0.44977328), (0.25367123, 0.44464597), (0.2566431, 0.43944806), (0.264878, 0.43463978), (0.2800728, 0.43076563), (0.30384922, 0.42825225), (0.3372755, 0.42719185), (0.38031405, 0.427313), (0.4314537, 0.4282068), (0.48771548, 0.4295864), (0.54501444, 0.43135276), (0.59884447, 0.43356052), (0.645282, 0.43642586), (0.68194395, 0.44024512), (0.7083178, 0.44514987), (0.725354, 0.4509291), (0.734746, 0.45710605), (0.73832566, 0.4631643), (0.7377238, 0.46872303), (0.73424965, 0.47358647), (0.7288912, 0.47770837), (0.7223665, 0.4811329), (0.71518344, 0.48394564), (0.7076938, 0.48624292), (0.7001368, 0.4881158), (0.69267094, 0.48964372), (0.68539864, 0.49089298), (0.67838275, 0.4919175), (0.6716593, 0.49276066), (0.66524553, 0.49345708), (0.32356745, 0.47908828), (0.31779805, 0.47792447), (0.31178033, 0.47660518), (0.30553597, 0.4751025), (0.2991039, 0.47338322), (0.2925483, 0.4714083), (0.28596917, 0.46913326), (0.27951732, 0.4665096), (0.27341503, 0.46348944), (0.26798347, 0.46003485), (0.2636787, 0.45613542), (0.26113498, 0.45183638), (0.2612105, 0.44727588), (0.26502088, 0.44271907), (0.27392837, 0.43855798), (0.2894364, 0.43523633), (0.3129341, 0.433092), (0.34528637, 0.4321995), (0.38637385, 0.43235365), (0.43478292, 0.43323404), (0.4878011, 0.43459845), (0.54173887, 0.436349), (0.59255964, 0.43851972), (0.63675547, 0.4412711), (0.67214435, 0.44481677), (0.6981508, 0.4492448), (0.7154941, 0.454388), (0.7256012, 0.4598727), (0.73008573, 0.46528214), (0.73043257, 0.4702938), (0.727867, 0.4747278), (0.72333664, 0.4785279), (0.71754485, 0.48171794), (0.7109995, 0.48436242), (0.7040592, 0.48653984), (0.6969726, 0.48832744), (0.68990886, 0.4897946), (0.68298, 0.49100035), (0.6762578, 0.49199364), (0.6697858, 0.49281424), (0.663588, 0.4934943), (0.32514685, 0.47926638), (0.31957692, 0.47813648), (0.31379053, 0.47685984), (0.30781496, 0.47541127), (0.30169573, 0.4737613), (0.29550442, 0.47187597), (0.28934917, 0.46971747), (0.28338897, 0.46724638), (0.27785334, 0.46442607), (0.27306762, 0.4612321), (0.26948512, 0.4576678), (0.2677239, 0.45378798), (0.26860303, 0.4497278), (0.27316293, 0.44572568), (0.28264236, 0.44211537), (0.29837024, 0.43926018), (0.3215336, 0.43743017), (0.35282475, 0.43668675), (0.39205664, 0.43687397), (0.43790263, 0.43773934), (0.48789164, 0.4390792), (0.5386967, 0.44080007), (0.5867041, 0.4429188), (0.6287726, 0.44555143), (0.6629012, 0.44884974), (0.6884722, 0.4528697), (0.70601386, 0.45747602), (0.71672195, 0.46237317), (0.7220123, 0.46722358), (0.72323066, 0.47175476), (0.721518, 0.4758041), (0.71777755, 0.4793104), (0.7126939, 0.48228267), (0.7067711, 0.48476857), (0.7003715, 0.4868315), (0.69375145, 0.48853675), (0.6870888, 0.48994464), (0.6805042, 0.49110767), (0.6740777, 0.49207002), (0.66786, 0.49286816), (0.66188115, 0.49353182), (0.3267693, 0.47944832), (0.32140106, 0.4783525), (0.31584778, 0.47711843), (0.31014204, 0.4757236), (0.30433545, 0.474142), (0.29850635, 0.47234425), (0.29276988, 0.47029877), (0.28729197, 0.4679739), (0.28230745, 0.4653427), (0.2781433, 0.46239176), (0.27524698, 0.45913476), (0.2742174, 0.4556323), (0.27583233, 0.45201397), (0.28105813, 0.44849277), (0.2910178, 0.445353), (0.30688342, 0.44289365), (0.32966614, 0.44133246), (0.359912, 0.44072098), (0.39737904, 0.44094002), (0.44082052, 0.44178954), (0.4879844, 0.44309843), (0.5358733, 0.44477946), (0.5812523, 0.4468357), (0.62130415, 0.44934806), (0.6541921, 0.452422), (0.679273, 0.45608974), (0.69691795, 0.46023962), (0.7081229, 0.46463555), (0.71412516, 0.4690029), (0.71613955, 0.47311178), (0.7152232, 0.4768168), (0.7122326, 0.48005545), (0.70782995, 0.48282608), (0.702512, 0.48516297), (0.69664246, 0.48711696), (0.69048303, 0.48874298), (0.6842187, 0.49009332), (0.677978, 0.4912145), (0.67184806, 0.49214637), (0.6658863, 0.4929222), (0.6601288, 0.4935695), (0.32843137, 0.47963372), (0.32326642, 0.47857195), (0.31794727, 0.4773803), (0.3125114, 0.4760386), (0.30701616, 0.47452414), (0.30154577, 0.47281185), (0.29622152, 0.4708755), (0.29121482, 0.46869034), (0.28676403, 0.46623763), (0.28319556, 0.46351272), (0.2809485, 0.46053702), (0.2806, 0.4573741), (0.28288528, 0.45414627), (0.28869873, 0.45104298), (0.29905552, 0.4483068), (0.314987, 0.446185), (0.3373512, 0.44485465), (0.3665704, 0.44435954), (0.40235937, 0.44460836), (0.44354606, 0.44544145), (0.4880774, 0.44671524), (0.5332538, 0.44834933), (0.5761782, 0.45033604), (0.6143203, 0.45272887), (0.645993, 0.45559862), (0.6705408, 0.45896003), (0.6882066, 0.46271908), (0.699814, 0.46668524), (0.70644015, 0.47063392), (0.70917726, 0.4743712), (0.70900077, 0.4777681), (0.7067185, 0.48076326), (0.7029678, 0.48334756), (0.69823515, 0.48554483), (0.692883, 0.48739547), (0.68717647, 0.4889455), (0.68130636, 0.49024016), (0.6754077, 0.49132052), (0.6695742, 0.4922224), (0.6638694, 0.4929762), (0.65833473, 0.49360725), (0.33012965, 0.4798221), (0.32516897, 0.4787943), (0.32008418, 0.4776447), (0.31491745, 0.4763555), (0.3097311, 0.47490683), (0.30461472, 0.4732775), (0.29969478, 0.47144628), (0.29514676, 0.46939424), (0.29121098, 0.46710953), (0.28821117, 0.46459448), (0.28657588, 0.46187598), (0.28685868, 0.45901844), (0.28975174, 0.45613608), (0.29608002, 0.4533969), (0.30675885, 0.45100814), (0.32269353, 0.44917542), (0.3446089, 0.44804394), (0.37282273, 0.4476514), (0.40701684, 0.44792733), (0.44608977, 0.4487438), (0.48816928, 0.4499799), (0.5308236, 0.4515622), (0.5714563, 0.4534751), (0.6077915, 0.45575088), (0.63827866, 0.4584343), (0.66226095, 0.46152732), (0.6798766, 0.46494937), (0.6918014, 0.46854505), (0.6989693, 0.47212967), (0.70235884, 0.47553936), (0.7028663, 0.4786605), (0.70125043, 0.48143432), (0.69812125, 0.4838468), (0.6939526, 0.48591354), (0.6891035, 0.48766643), (0.6838407, 0.48914385), (0.67835927, 0.49038476), (0.6727997, 0.49142537), (0.6672615, 0.4922979), (0.66181356, 0.49302992), (0.65650266, 0.4936449), (0.33186084, 0.4800131), (0.32710475, 0.4790191), (0.32225385, 0.4779111), (0.31735462, 0.47667342), (0.31247383, 0.47528905), (0.30770573, 0.4737402), (0.3031809, 0.47200987), (0.29907784, 0.47008437), (0.2956372, 0.46795744), (0.29317832, 0.46563694), (0.2921173, 0.46315336), (0.29298282, 0.46057054), (0.29642412, 0.45799416), (0.3031999, 0.455573), (0.31413326, 0.45348442), (0.33001682, 0.45190036), (0.3514597, 0.45094076), (0.3786918, 0.45063832), (0.41137087, 0.45093858), (0.44846264, 0.45173818), (0.48825902, 0.45293525), (0.5285685, 0.4544629), (0.5670618, 0.45629975), (0.6016886, 0.458462), (0.6310237, 0.460975), (0.65441674, 0.46383128), (0.67192173, 0.46696085), (0.6840878, 0.47023544), (0.6917215, 0.47350225), (0.6956965, 0.47662267), (0.6968333, 0.47949684), (0.69584155, 0.4820696), (0.6933025, 0.4843238), (0.6896754, 0.4862688), (0.68531364, 0.48792937), (0.680484, 0.48933753), (0.6753845, 0.4905267), (0.67016006, 0.49152878), (0.66491497, 0.4923726), (0.65972334, 0.4930833), (0.6546363, 0.49368235), (0.33362165, 0.48020628), (0.3290699, 0.47924578), (0.3244518, 0.47817883), (0.3198176, 0.47699174), (0.31523818, 0.47566998), (0.3108116, 0.47419888), (0.30667177, 0.47256526), (0.30299896, 0.47075975), (0.30003273, 0.4687808), (0.29808655, 0.46664032), (0.29756263, 0.46437126), (0.2989639, 0.46203563), (0.30289724, 0.45973065), (0.31005836, 0.4575879), (0.32118577, 0.4557596), (0.33697146, 0.4543902), (0.35792416, 0.45357957), (0.3842001, 0.45335624), (0.4154407, 0.45367786), (0.45067567, 0.45446056), (0.48834598, 0.455618), (0.52647513, 0.45708945), (0.5629709, 0.4588497), (0.59598356, 0.46090272), (0.6242026, 0.46325943), (0.64699036, 0.4659057), (0.6643335, 0.4687797), (0.6766731, 0.47177455), (0.68470275, 0.47476295), (0.6891998, 0.47762728), (0.69091314, 0.4802801), (0.6905036, 0.48267022), (0.68852276, 0.48477873), (0.68541366, 0.4866103), (0.6815225, 0.48818398), (0.67711437, 0.4895262), (0.67238903, 0.4906657), (0.6674946, 0.49163052), (0.6625398, 0.4924464), (0.65760285, 0.49313617), (0.6527393, 0.49371952), (0.3354089, 0.48040128), (0.33106077, 0.4794739), (0.3266737, 0.47844735), (0.32230142, 0.47730976), (0.31801832, 0.47604883), (0.31392568, 0.47465274), (0.3101598, 0.47311154), (0.3069017, 0.4714196), (0.30438864, 0.46957913), (0.30292687, 0.4676052), (0.30290347, 0.4655319), (0.30479527, 0.4634188), (0.30916777, 0.4613549), (0.3166573, 0.45945653), (0.32792482, 0.4578547), (0.34357265, 0.45667127), (0.36402267, 0.45599005), (0.38936964, 0.45583603), (0.41924512, 0.45617616), (0.45273972, 0.45694184), (0.48842975, 0.45805967), (0.52453077, 0.4594746), (0.55916107, 0.4611588), (0.5906494, 0.46310735), (0.6177901, 0.46532047), (0.6399631, 0.4677793), (0.6571017, 0.4704287), (0.6695548, 0.47317854), (0.6779166, 0.47592205), (0.68287635, 0.47855917), (0.68511516, 0.4810133), (0.6852466, 0.48323748), (0.683792, 0.48521203), (0.6811768, 0.48693803), (0.6777385, 0.48842996), (0.6737392, 0.48970962), (0.6693791, 0.49080154), (0.6648089, 0.49173036), (0.66014063, 0.49251908), (0.65545624, 0.49318835), (0.65081507, 0.4937563), (0.3372194, 0.4805977), (0.3330736, 0.47970304), (0.32891524, 0.47871616), (0.32480115, 0.47762686), (0.32080868, 0.47642493), (0.31704167, 0.475101), (0.31363803, 0.473648), (0.3107785, 0.47206342), (0.30869702, 0.4703524), (0.30769137, 0.4685323), (0.30813292, 0.46663764), (0.310472, 0.46472502), (0.3152342, 0.4628756), (0.3230001, 0.46119225), (0.33435977, 0.459788), (0.34983596, 0.45876625), (0.36977527, 0.45819768), (0.39422166, 0.4581043), (0.42280218, 0.45846018), (0.4546653, 0.45920885), (0.48851004, 0.46028757), (0.5227237, 0.46164632), (0.5556112, 0.463256), (0.5856604, 0.46510506), (0.61176175, 0.46718597), (0.633316, 0.4694767), (0.6502146, 0.47192755), (0.66272867, 0.4744617), (0.6713643, 0.476989), (0.6767312, 0.47942397), (0.67944694, 0.4816995), (0.6800792, 0.4837728), (0.6791189, 0.4856242), (0.67697304, 0.48725206), (0.67396927, 0.48866722), (0.67036545, 0.48988754), (0.6663611, 0.49093398), (0.6621084, 0.4918281), (0.6577222, 0.4925905), (0.6532876, 0.49323976), (0.6488672, 0.4937926), (0.3390501, 0.48079523), (0.33510494, 0.47993279), (0.33117247, 0.47898474), (0.3273122, 0.4779425), (0.32360402, 0.47679767), (0.3201537, 0.47554305), (0.3171, 0.47417408), (0.31462246, 0.47269073), (0.3129508, 0.47110063), (0.31237343, 0.4694226), (0.31324533, 0.4676909), (0.31599066, 0.46595904), (0.32109654, 0.46430075), (0.32909134, 0.46280706), (0.34050083, 0.46157572), (0.35577697, 0.4606949), (0.37520146, 0.4602246), (0.39877653, 0.46018422), (0.42612904, 0.46055323), (0.45646232, 0.46128488), (0.48858672, 0.46232522), (0.5210428, 0.46362886), (0.55230147, 0.4651661), (0.5809924, 0.46692073), (0.6060939, 0.46887973), (0.6270299, 0.471019), (0.6436597, 0.47329336), (0.6561886, 0.47563672), (0.6650456, 0.4779724), (0.6707682, 0.48022693), (0.6739146, 0.48234168), (0.6750087, 0.48427778), (0.6745112, 0.48601586), (0.67281, 0.48755258), (0.6702219, 0.4888957), (0.66699946, 0.49005982), (0.66334057, 0.49106285), (0.65939814, 0.49192363), (0.6552889, 0.4926605), (0.65110064, 0.49329033), (0.6468989, 0.49382833), (0.34089813, 0.48099354), (0.33715138, 0.4801627), (0.33344147, 0.47925267), (0.3298302, 0.47825617), (0.32639945, 0.47716647), (0.32325637, 0.47597834), (0.32053983, 0.47468925), (0.31842753, 0.47330132), (0.3171439, 0.47182402), (0.31696746, 0.47027713), (0.31823644, 0.4686942), (0.3213491, 0.4671254), (0.3267559, 0.46563768), (0.33493668, 0.46431163), (0.34635866, 0.46323207), (0.36141124, 0.46247447), (0.38032022, 0.46209), (0.40305373, 0.46209577), (0.429242, 0.46247554), (0.45814028, 0.4631902), (0.48865977, 0.46419314), (0.5194781, 0.46544307), (0.5492136, 0.4669104), (0.5766225, 0.4685757), (0.6007638, 0.4704221), (0.6210859, 0.4724243), (0.6374238, 0.474541), (0.6499275, 0.47671482), (0.6589585, 0.4788799), (0.66498905, 0.48097304), (0.66852266, 0.48294276), (0.6700411, 0.48475388), (0.6699755, 0.4863878), (0.66869444, 0.48783982), (0.6665029, 0.48911542), (0.66364723, 0.49022642), (0.66032296, 0.49118805), (0.65668285, 0.49201682), (0.6528449, 0.492729), (0.6488992, 0.49333993), (0.64491355, 0.49386346), (0.34276056, 0.48119226), (0.3392097, 0.4803925), (0.3357186, 0.47951955), (0.332351, 0.47856742), (0.32919037, 0.4775309), (0.32634467, 0.47640637), (0.32395223, 0.47519314), (0.32218817, 0.47389507), (0.32127103, 0.4725229), (0.3214689, 0.47109702), (0.32310295, 0.4696499), (0.32654637, 0.46822834), (0.3322146, 0.46689314), (0.3405425, 0.4657156), (0.35194436, 0.46476957), (0.3667541, 0.4641199), (0.38514966, 0.4638105), (0.4070716, 0.4638565), (0.43215635, 0.4642448), (0.45970795, 0.46494254), (0.48872924, 0.4659092), (0.5180202, 0.46710718), (0.54633045, 0.46850732), (0.57252944, 0.47008827), (0.59574986, 0.47183052), (0.6154654, 0.47370827), (0.63149345, 0.47568348), (0.64393735, 0.47770587), (0.65309983, 0.4797186), (0.65939456, 0.4816669), (0.6632743, 0.4835055), (0.6651812, 0.48520267), (0.6655175, 0.48674074), (0.6646322, 0.48811415), (0.66281796, 0.48932648), (0.66031426, 0.49038726), (0.6573133, 0.49130946), (0.65396714, 0.49210754), (0.6503944, 0.49279594), (0.64668673, 0.4933885), (0.64291424, 0.4938979), (0.34463465, 0.48139116), (0.3412768, 0.48062178), (0.33800036, 0.47978497), (0.33487076, 0.47887582), (0.33197254, 0.4778905), (0.329414, 0.4768268), (0.3273324, 0.4756855), (0.3258996, 0.47447193), (0.32532775, 0.47319776), (0.325874, 0.47188348), (0.32784265, 0.4705604), (0.33158243, 0.46927196), (0.3374757, 0.46807328), (0.3459158, 0.46702757), (0.35726905, 0.4661993), (0.37182057, 0.46564448), (0.3897072, 0.4654008), (0.4108475, 0.46548167), (0.4348863, 0.46587652), (0.4611736, 0.46655747), (0.48879516, 0.46748903), (0.51666063, 0.46863696), (0.5436364, 0.46997288), (0.56869334, 0.4714743), (0.5910316, 0.4731201), (0.6101505, 0.47488436), (0.62585485, 0.47673208), (0.63820934, 0.47861865), (0.6474654, 0.48049477), (0.65398407, 0.48231268), (0.6581717, 0.48403254), (0.66043293, 0.48562568), (0.661142, 0.4870755), (0.6606284, 0.4883759), (0.65917224, 0.48952895), (0.6570054, 0.49054235), (0.6543162, 0.49142706), (0.65125513, 0.49219573), (0.64794105, 0.4928612), (0.6444667, 0.49343598), (0.64090383, 0.49393162), (0.3465178, 0.48158994), (0.34334967, 0.48085028), (0.34028345, 0.48004857), (0.33738577, 0.47918105), (0.334742, 0.4782449), (0.3324602, 0.47723925), (0.33067605, 0.47616616), (0.32955763, 0.47503194), (0.32931024, 0.47384906), (0.3301799, 0.47263777), (0.33245412, 0.47142798), (0.33645812, 0.47026), (0.34254307, 0.4691837), (0.35106397, 0.4682553), (0.362344, 0.46753114), (0.37662524, 0.46705973), (0.39400938, 0.46687365), (0.41439778, 0.46698472), (0.43744525, 0.46738434), (0.46254483, 0.4680486), (0.48885766, 0.46894634), (0.51539147, 0.47004622), (0.5411169, 0.471321), (0.5650957, 0.4727475), (0.58658975, 0.4743038), (0.60512376, 0.47596437), (0.6204944, 0.47769663), (0.6327343, 0.47946098), (0.64205015, 0.4812141), (0.6487562, 0.48291433), (0.653216, 0.4845264), (0.6557991, 0.48602447), (0.65685284, 0.48739296), (0.6566876, 0.48862553), (0.6555705, 0.48972306), (0.6537254, 0.49069172), (0.65133595, 0.49154085), (0.64855087, 0.49228138), (0.6454885, 0.49292478), (0.6422423, 0.49348232), (0.6388853, 0.49396458), (0.34840745, 0.48178834), (0.34542552, 0.48107767), (0.34256473, 0.48031008), (0.33989272, 0.47948274), (0.3374951, 0.47859383), (0.33547944, 0.47764355), (0.33397928, 0.476635), (0.33315858, 0.47557533), (0.33321542, 0.47447738), (0.33438444, 0.4733611), (0.3369368, 0.4722549), (0.34117502, 0.47119603), (0.3474211, 0.47022966), (0.3559948, 0.46940577), (0.3671804, 0.4687738), (0.38118213, 0.4683759), (0.3980719, 0.4682403), (0.4177377, 0.46837747), (0.43984553, 0.46878025), (0.46382877, 0.46942803), (0.4889169, 0.4702932), (0.51420563, 0.47134715), (0.5387586, 0.47256368), (0.5617193, 0.47391978), (0.582406, 0.47539303), (0.6003685, 0.47695845), (0.6153987, 0.47858584), (0.6275027, 0.4802397), (0.63684845, 0.48188177), (0.64370847, 0.48347545), (0.64840734, 0.4849894), (0.6512817, 0.48640043), (0.6526533, 0.48769394), (0.6528136, 0.4888634), (0.65201676, 0.489909), (0.6504781, 0.4908355), (0.6483765, 0.49165076), (0.645858, 0.49236438), (0.6430401, 0.4929866), (0.6400166, 0.49352747), (0.63686144, 0.49399674), (0.35030118, 0.4819861), (0.3475017, 0.4813037), (0.34484133, 0.48056924), (0.3423884, 0.4797806), (0.34022853, 0.478937), (0.33846828, 0.4780395), (0.3372388, 0.47709197), (0.33669943, 0.47610223), (0.33704075, 0.47508335), (0.33848616, 0.47405475), (0.3412907, 0.47304326), (0.3457353, 0.47208333), (0.35211465, 0.4712158), (0.36071616, 0.47048524), (0.37178922, 0.46993506), (0.3855048, 0.46960205), (0.4019096, 0.46951073), (0.42088154, 0.46967036), (0.44209862, 0.47007486), (0.46503192, 0.47070634), (0.488973, 0.47154024), (0.51309645, 0.47255033), (0.53654927, 0.47371167), (0.5585483, 0.47500148), (0.57846344, 0.4763975), (0.59586877, 0.4778755), (0.6105545, 0.4794073), (0.6225047, 0.48096088), (0.6318541, 0.48250234), (0.63883793, 0.48399928), (0.64374524, 0.48542383), (0.64688206, 0.48675498), (0.6485458, 0.4879792), (0.6490096, 0.48909009), (0.6485145, 0.490087), (0.64726734, 0.4909737), (0.6454415, 0.49175686), (0.6431799, 0.4924448), (0.6405991, 0.49304658), (0.63779247, 0.4935714), (0.63483477, 0.49402803), (0.35219672, 0.48218304), (0.34957564, 0.48152813), (0.34711048, 0.48082572), (0.34486988, 0.48007444), (0.3429392, 0.4792742), (0.34142366, 0.4784269), (0.3404516, 0.47753707), (0.3401775, 0.47661296), (0.3407843, 0.47566766), (0.34248418, 0.47471994), (0.34551647, 0.47379515), (0.35014167, 0.47292498), (0.35662892, 0.47214648), (0.36523607, 0.47149935), (0.37618124, 0.4710219), (0.38960627, 0.47074622), (0.40553647, 0.47069377), (0.4238426, 0.47087258), (0.44421515, 0.47127756), (0.46616033, 0.47189298), (0.4890261, 0.47269693), (0.51205796, 0.47366518), (0.5344776, 0.47477424), (0.55556786, 0.47600177), (0.57474595, 0.47732595), (0.59160954, 0.47872335), (0.60594904, 0.48016772), (0.61773074, 0.48163003), (0.6270607, 0.48308), (0.63414097, 0.48448884), (0.63922846, 0.48583165), (0.6426008, 0.48708946), (0.64453226, 0.48824966), (0.6452782, 0.489306), (0.6450669, 0.49025732), (0.64409626, 0.4911065), (0.64253396, 0.49185917), (0.64051974, 0.4925226), (0.6381683, 0.49310482), (0.6355727, 0.4936141), (0.6328078, 0.4940585)] (
                interpolation = "varying"
            )
            texCoord2f[] primvars:st = [(0, 0), (0.025, 0), (0.05, 0), (0.075, 0), (0.1, 0), (0.125, 0), (0.15, 0), (0.175, 0), (0.2, 0), (0.225, 0), (0.25, 0), (0.275, 0), (0.3, 0), (0.325, 0), (0.35, 0), (0.375, 0), (0.4, 0), (0.425, 0), (0.45, 0), (0.475, 0), (0.5, 0), (0.525, 0), (0.55, 0), (0.575, 0), (0.6, 0), (0.625, 0), (0.65, 0), (0.675, 0), (0.7, 0), (0.725, 0), (0.75, 0), (0.775, 0), (0.8, 0), (0.825, 0), (0.85, 0), (0.875, 0), (0.9, 0), (0.925, 0), (0.95, 0), (0.975, 0), (1, 0), (0, 0.025), (0.025, 0.025), (0.05, 0.025), (0.075, 0.025), (0.1, 0.025), (0.125, 0.025), (0.15, 0.025), (0.175, 0.025), (0.2, 0.025), (0.225, 0.025), (0.25, 0.025), (0.275, 0.025), (0.3, 0.025), (0.325, 0.025), (0.35, 0.025), (0.375, 0.025), (0.4, 0.025), (0.425, 0.025), (0.45, 0.025), (0.475, 0.025), (0.5, 0.025), (0.525, 0.025), (0.55, 0.025), (0.575, 0.025), (0.6, 0.025), (0.625, 0.025), (0.65, 0.025), (0.675, 0.025), (0.7, 0.025), (0.725, 0.025), (0.75, 0.025), (0.775, 0.025), (0.8, 0.025), (0.825, 0.025), (0.85, 0.025), (0.875, 0.025), (0.9, 0.025), (0.925, 0.025), (0.95, 0.025), (0.975, 0.025), (1, 0.025), (0, 0.05), (0.025, 0.05), (0.05, 0.05), (0.075, 0.05), (0.1, 0.05), (0.125, 0.05), (0.15, 0.05), (0.175, 0.05), (0.2, 0.05), (0.225, 0.05), (0.25, 0.05), (0.275, 0.05), (0.3, 0.05), (0.325, 0.05), (0.35, 0.05), (0.375, 0.05), (0.4, 0.05), (0.425, 0.05), (0.45, 0.05), (0.475, 0.05), (0.5, 0.05), (0.525, 0.05), (0.55, 0.05), (0.575, 0.05), (0.6, 0.05), (0.625, 0.05), (0.65, 0.05), (0.675, 0.05), (0.7, 0.05), (0.725, 0.05), (0.75, 0.05), (0.775, 0.05), (0.8, 0.05), (0.825, 0.05), (0.85, 0.05), (0.875, 0.05), (0.9, 0.05), (0.925, 0.05), (0.95, 0.05), (0.975, 0.05), (1, 0.05), (0, 0.075), (0.025, 0.075), (0.05, 0.075), (0.075, 0.075), (0.1, 0.075), (0.125, 0.075), (0.15, 0.075), (0.175, 0.075), (0.2, 0.075), (0.225, 0.075), (0.25, 0.075), (0.275, 0.075), (0.3, 0.075), (0.325, 0.075), (0.35, 0.075), (0.375, 0.075), (0.4, 0.075), (0.425, 0.075), (0.45, 0.075), (0.475, 0.075), (0.5, 0.075), (0.525, 0.075), (0.55, 0.075), (0.575, 0.075), (0.6, 0.075), (0.625, 0.075), (0.65, 0.075), (0.675, 0.075), (0.7, 0.075), (0.725, 0.075), (0.75, 0.075), (0.775, 0.075), (0.8, 0.075), (0.825, 0.075), (0.85, 0.075), (0.875, 0.075), (0.9, 0.075), (0.925, 0.075), (0.95, 0.075), (0.975, 0.075), (1, 0.075), (0, 0.1), (0.025, 0.1), (0.05, 0.1), (0.075, 0.1), (0.1, 0.1), (0.125, 0.1), (0.15, 0.1), (0.175, 0.1), (0.2, 0.1), (0.225, 0.1), (0.25, 0.1), (0.275, 0.1), (0.3, 0.1), (0.325, 0.1), (0.35, 0.1), (0.375, 0.1), (0.4, 0.1), (0.425, 0.1), (0.45, 0.1), (0.475, 0.1), (0.5, 0.1), (0.525, 0.1), (0.55, 0.1), (0.575, 0.1), (0.6, 0.1), (0.625, 0.1), (0.65, 0.1), (0.675, 0.1), (0.7, 0.1), (0.725, 0.1), (0.75, 0.1), (0.775, 0.1), (0.8, 0.1), (0.825, 0.1), (0.85, 0.1), (0.875, 0.1), (0.9, 0.1), (0.925, 0.1), (0.95, 0.1), (0.975, 0.1), (1, 0.1), (0, 0.125), (0.025, 0.125), (0.05, 0.125), (0.075, 0.125), (0.1, 0.125), (0.125, 0.125), (0.15, 0.125), (0.175, 0.125), (0.2, 0.125), (0.225, 0.125), (0.25, 0.125), (0.275, 0.125), (0.3, 0.125), (0.325, 0.125), (0.35, 0.125), (0.375, 0.125), (0.4, 0.125), (0.425, 0.125), (0.45, 0.125), (0.475, 0.125), (0.5, 0.125), (0.525, 0.125), (0.55, 0.125), (0.575, 0.125), (0.6, 0.125), (0.625, 0.125), (0.65, 0.125), (0.675, 0.125), (0.7, 0.125), (0.725, 0.125), (0.75, 0.125), (0.775, 0.125), (0.8, 0.125), (0.825, 0.125), (0.85, 0.125), (0.875, 0.125), (0.9, 0.125), (0.925, 0.125), (0.95, 0.125), (0.975, 0.125), (1, 0.125), (0, 0.15), (0.025, 0.15), (0.05, 0.15), (0.075, 0.15), (0.1, 0.15), (0.125, 0.15), (0.15, 0.15), (0.175, 0.15), (0.2, 0.15), (0.225, 0.15), (0.25, 0.15), (0.275, 0.15), (0.3, 0.15), (0.325, 0.15), (0.35, 0.15), (0.375, 0.15), (0.4, 0.15), (0.425, 0.15), (0.45, 0.15), (0.475, 0.15), (0.5, 0.15), (0.525, 0.15), (0.55, 0.15), (0.575, 0.15), (0.6, 0.15), (0.625, 0.15), (0.65, 0.15), (0.675, 0.15), (0.7, 0.15), (0.725, 0.15), (0.75, 0.15), (0.775, 0.15), (0.8, 0.15), (0.825, 0.15), (0.85, 0.15), (0.875, 0.15), (0.9, 0.15), (0.925, 0.15), (0.95, 0.15), (0.975, 0.15), (1, 0.15), (0, 0.175), (0.025, 0.175), (0.05, 0.175), (0.075, 0.175), (0.1, 0.175), (0.125, 0.175), (0.15, 0.175), (0.175, 0.175), (0.2, 0.175), (0.225, 0.175), (0.25, 0.175), (0.275, 0.175), (0.3, 0.175), (0.325, 0.175), (0.35, 0.175), (0.375, 0.175), (0.4, 0.175), (0.425, 0.175), (0.45, 0.175), (0.475, 0.175), (0.5, 0.175), (0.525, 0.175), (0.55, 0.175), (0.575, 0.175), (0.6, 0.175), (0.625, 0.175), (0.65, 0.175), (0.675, 0.175), (0.7, 0.175), (0.725, 0.175), (0.75, 0.175), (0.775, 0.175), (0.8, 0.175), (0.825, 0.175), (0.85, 0.175), (0.875, 0.175), (0.9, 0.175), (0.925, 0.175), (0.95, 0.175), (0.975, 0.175), (1, 0.175), (0, 0.2), (0.025, 0.2), (0.05, 0.2), (0.075, 0.2), (0.1, 0.2), (0.125, 0.2), (0.15, 0.2), (0.175, 0.2), (0.2, 0.2), (0.225, 0.2), (0.25, 0.2), (0.275, 0.2), (0.3, 0.2), (0.325, 0.2), (0.35, 0.2), (0.375, 0.2), (0.4, 0.2), (0.425, 0.2), (0.45, 0.2), (0.475, 0.2), (0.5, 0.2), (0.525, 0.2), (0.55, 0.2), (0.575, 0.2), (0.6, 0.2), (0.625, 0.2), (0.65, 0.2), (0.675, 0.2), (0.7, 0.2), (0.725, 0.2), (0.75, 0.2), (0.775, 0.2), (0.8, 0.2), (0.825, 0.2), (0.85, 0.2), (0.875, 0.2), (0.9, 0.2), (0.925, 0.2), (0.95, 0.2), (0.975, 0.2), (1, 0.2), (0, 0.225), (0.025, 0.225), (0.05, 0.225), (0.075, 0.225), (0.1, 0.225), (0.125, 0.225), (0.15, 0.225), (0.175, 0.225), (0.2, 0.225), (0.225, 0.225), (0.25, 0.225), (0.275, 0.225), (0.3, 0.225), (0.325, 0.225), (0.35, 0.225), (0.375, 0.225), (0.4, 0.225), (0.425, 0.225), (0.45, 0.225), (0.475, 0.225), (0.5, 0.225), (0.525, 0.225), (0.55, 0.225), (0.575, 0.225), (0.6, 0.225), (0.625, 0.225), (0.65, 0.225), (0.675, 0.225), (0.7, 0.225), (0.725, 0.225), (0.75, 0.225), (0.775, 0.225), (0.8, 0.225), (0.825, 0.225), (0.85, 0.225), (0.875, 0.225), (0.9, 0.225), (0.925, 0.225), (0.95, 0.225), (0.975, 0.225), (1, 0.225), (0, 0.25), (0.025, 0.25), (0.05, 0.25), (0.075, 0.25), (0.1, 0.25), (0.125, 0.25), (0.15, 0.25), (0.175, 0.25), (0.2, 0.25), (0.225, 0.25), (0.25, 0.25), (0.275, 0.25), (0.3, 0.25), (0.325, 0.25), (0.35, 0.25), (0.375, 0.25), (0.4, 0.25), (0.425, 0.25), (0.45, 0.25), (0.475, 0.25), (0.5, 0.25), (0.525, 0.25), (0.55, 0.25), (0.575, 0.25), (0.6, 0.25), (0.625, 0.25), (0.65, 0.25), (0.675, 0.25), (0.7, 0.25), (0.725, 0.25), (0.75, 0.25), (0.775, 0.25), (0.8, 0.25), (0.825, 0.25), (0.85, 0.25), (0.875, 0.25), (0.9, 0.25), (0.925, 0.25), (0.95, 0.25), (0.975, 0.25), (1, 0.25), (0, 0.275), (0.025, 0.275), (0.05, 0.275), (0.075, 0.275), (0.1, 0.275), (0.125, 0.275), (0.15, 0.275), (0.175, 0.275), (0.2, 0.275), (0.225, 0.275), (0.25, 0.275), (0.275, 0.275), (0.3, 0.275), (0.325, 0.275), (0.35, 0.275), (0.375, 0.275), (0.4, 0.275), (0.425, 0.275), (0.45, 0.275), (0.475, 0.275), (0.5, 0.275), (0.525, 0.275), (0.55, 0.275), (0.575, 0.275), (0.6, 0.275), (0.625, 0.275), (0.65, 0.275), (0.675, 0.275), (0.7, 0.275), (0.725, 0.275), (0.75, 0.275), (0.775, 0.275), (0.8, 0.275), (0.825, 0.275), (0.85, 0.275), (0.875, 0.275), (0.9, 0.275), (0.925, 0.275), (0.95, 0.275), (0.975, 0.275), (1, 0.275), (0, 0.3), (0.025, 0.3), (0.05, 0.3), (0.075, 0.3), (0.1, 0.3), (0.125, 0.3), (0.15, 0.3), (0.175, 0.3), (0.2, 0.3), (0.225, 0.3), (0.25, 0.3), (0.275, 0.3), (0.3, 0.3), (0.325, 0.3), (0.35, 0.3), (0.375, 0.3), (0.4, 0.3), (0.425, 0.3), (0.45, 0.3), (0.475, 0.3), (0.5, 0.3), (0.525, 0.3), (0.55, 0.3), (0.575, 0.3), (0.6, 0.3), (0.625, 0.3), (0.65, 0.3), (0.675, 0.3), (0.7, 0.3), (0.725, 0.3), (0.75, 0.3), (0.775, 0.3), (0.8, 0.3), (0.825, 0.3), (0.85, 0.3), (0.875, 0.3), (0.9, 0.3), (0.925, 0.3), (0.95, 0.3), (0.975, 0.3), (1, 0.3), (0, 0.325), (0.025, 0.325), (0.05, 0.325), (0.075, 0.325), (0.1, 0.325), (0.125, 0.325), (0.15, 0.325), (0.175, 0.325), (0.2, 0.325), (0.225, 0.325), (0.25, 0.325), (0.275, 0.325), (0.3, 0.325), (0.325, 0.325), (0.35, 0.325), (0.375, 0.325), (0.4, 0.325), (0.425, 0.325), (0.45, 0.325), (0.475, 0.325), (0.5, 0.325), (0.525, 0.325), (0.55, 0.325), (0.575, 0.325), (0.6, 0.325), (0.625, 0.325), (0.65, 0.325), (0.675, 0.325), (0.7, 0.325), (0.725, 0.325), (0.75, 0.325), (0.775, 0.325), (0.8, 0.325), (0.825, 0.325), (0.85, 0.325), (0.875, 0.325), (0.9, 0.325), (0.925, 0.325), (0.95, 0.325), (0.975, 0.325), (1, 0.325), (0, 0.35), (0.025, 0.35), (0.05, 0.35), (0.075, 0.35), (0.1, 0.35), (0.125, 0.35), (0.15, 0.35), (0.175, 0.35), (0.2, 0.35), (0.225, 0.35), (0.25, 0.35), (0.275, 0.35), (0.3, 0.35), (0.325, 0.35), (0.35, 0.35), (0.375, 0.35), (0.4, 0.35), (0.425, 0.35), (0.45, 0.35), (0.475, 0.35), (0.5, 0.35), (0.525, 0.35), (0.55, 0.35), (0.575, 0.35), (0.6, 0.35), (0.625, 0.35), (0.65, 0.35), (0.675, 0.35), (0.7, 0.35), (0.725, 0.35), (0.75, 0.35), (0.775, 0.35), (0.8, 0.35), (0.825, 0.35), (0.85, 0.35), (0.875, 0.35), (0.9, 0.35), (0.925, 0.35), (0.95, 0.35), (0.975, 0.35), (1, 0.35), (0, 0.375), (0.025, 0.375), (0.05, 0.375), (0.075, 0.375), (0.1, 0.375), (0.125, 0.375), (0.15, 0.375), (0.175, 0.375), (0.2, 0.375), (0.225, 0.375), (0.25, 0.375), (0.275, 0.375), (0.3, 0.375), (0.325, 0.375), (0.35, 0.375), (0.375, 0.375), (0.4, 0.375), (0.425, 0.375), (0.45, 0.375), (0.475, 0.375), (0.5, 0.375), (0.525, 0.375), (0.55, 0.375), (0.575, 0.375), (0.6, 0.375), (0.625, 0.375), (0.65, 0.375), (0.675, 0.375), (0.7, 0.375), (0.725, 0.375), (0.75, 0.375), (0.775, 0.375), (0.8, 0.375), (0.825, 0.375), (0.85, 0.375), (0.875, 0.375), (0.9, 0.375), (0.925, 0.375), (0.95, 0.375), (0.975, 0.375), (1, 0.375), (0, 0.4), (0.025, 0.4), (0.05, 0.4), (0.075, 0.4), (0.1, 0.4), (0.125, 0.4), (0.15, 0.4), (0.175, 0.4), (0.2, 0.4), (0.225, 0.4), (0.25, 0.4), (0.275, 0.4), (0.3, 0.4), (0.325, 0.4), (0.35, 0.4), (0.375, 0.4), (0.4, 0.4), (0.425, 0.4), (0.45, 0.4), (0.475, 0.4), (0.5, 0.4), (0.525, 0.4), (0.55, 0.4), (0.575, 0.4), (0.6, 0.4), (0.625, 0.4), (0.65, 0.4), (0.675, 0.4), (0.7, 0.4), (0.725, 0.4), (0.75, 0.4), (0.775, 0.4), (0.8, 0.4), (0.825, 0.4), (0.85, 0.4), (0.875, 0.4), (0.9, 0.4), (0.925, 0.4), (0.95, 0.4), (0.975, 0.4), (1, 0.4), (0, 0.425), (0.025, 0.425), (0.05, 0.425), (0.075, 0.425), (0.1, 0.425), (0.125, 0.425), (0.15, 0.425), (0.175, 0.425), (0.2, 0.425), (0.225, 0.425), (0.25, 0.425), (0.275, 0.425), (0.3, 0.425), (0.325, 0.425), (0.35, 0.425), (0.375, 0.425), (0.4, 0.425), (0.425, 0.425), (0.45, 0.425), (0.475, 0.425), (0.5, 0.425), (0.525, 0.425), (0.55, 0.425), (0.575, 0.425), (0.6, 0.425), (0.625, 0.425), (0.65, 0.425), (0.675, 0.425), (0.7, 0.425), (0.725, 0.425), (0.75, 0.425), (0.775, 0.425), (0.8, 0.425), (0.825, 0.425), (0.85, 0.425), (0.875, 0.425), (0.9, 0.425), (0.925, 0.425), (0.95, 0.425), (0.975, 0.425), (1, 0.425), (0, 0.45), (0.025, 0.45), (0.05, 0.45), (0.075, 0.45), (0.1, 0.45), (0.125, 0.45), (0.15, 0.45), (0.175, 0.45), (0.2, 0.45), (0.225, 0.45), (0.25, 0.45), (0.275, 0.45), (0.3, 0.45), (0.325, 0.45), (0.35, 0.45), (0.375, 0.45), (0.4, 0.45), (0.425, 0.45), (0.45, 0.45), (0.475, 0.45), (0.5, 0.45), (0.525, 0.45), (0.55, 0.45), (0.575, 0.45), (0.6, 0.45), (0.625, 0.45), (0.65, 0.45), (0.675, 0.45), (0.7, 0.45), (0.725, 0.45), (0.75, 0.45), (0.775, 0.45), (0.8, 0.45), (0.825, 0.45), (0.85, 0.45), (0.875, 0.45), (0.9, 0.45), (0.925, 0.45), (0.95, 0.45), (0.975, 0.45), (1, 0.45), (0, 0.475), (0.025, 0.475), (0.05, 0.475), (0.075, 0.475), (0.1, 0.475), (0.125, 0.475), (0.15, 0.475), (0.175, 0.475), (0.2, 0.475), (0.225, 0.475), (0.25, 0.475), (0.275, 0.475), (0.3, 0.475), (0.325, 0.475), (0.35, 0.475), (0.375, 0.475), (0.4, 0.475), (0.425, 0.475), (0.45, 0.475), (0.475, 0.475), (0.5, 0.475), (0.525, 0.475), (0.55, 0.475), (0.575, 0.475), (0.6, 0.475), (0.625, 0.475), (0.65, 0.475), (0.675, 0.475), (0.7, 0.475), (0.725, 0.475), (0.75, 0.475), (0.775, 0.475), (0.8, 0.475), (0.825, 0.475), (0.85, 0.475), (0.875, 0.475), (0.9, 0.475), (0.925, 0.475), (0.95, 0.475), (0.975, 0.475), (1, 0.475), (0, 0.5), (0.025, 0.5), (0.05, 0.5), (0.075, 0.5), (0.1, 0.5), (0.125, 0.5), (0.15, 0.5), (0.175, 0.5), (0.2, 0.5), (0.225, 0.5), (0.25, 0.5), (0.275, 0.5), (0.3, 0.5), (0.325, 0.5), (0.35, 0.5), (0.375, 0.5), (0.4, 0.5), (0.425, 0.5), (0.45, 0.5), (0.475, 0.5), (0.5, 0.5), (0.525, 0.5), (0.55, 0.5), (0.575, 0.5), (0.6, 0.5), (0.625, 0.5), (0.65, 0.5), (0.675, 0.5), (0.7, 0.5), (0.725, 0.5), (0.75, 0.5), (0.775, 0.5), (0.8, 0.5), (0.825, 0.5), (0.85, 0.5), (0.875, 0.5), (0.9, 0.5), (0.925, 0.5), (0.95, 0.5), (0.975, 0.5), (1, 0.5), (0, 0.525), (0.025, 0.525), (0.05, 0.525), (0.075, 0.525), (0.1, 0.525), (0.125, 0.525), (0.15, 0.525), (0.175, 0.525), (0.2, 0.525), (0.225, 0.525), (0.25, 0.525), (0.275, 0.525), (0.3, 0.525), (0.325, 0.525), (0.35, 0.525), (0.375, 0.525), (0.4, 0.525), (0.425, 0.525), (0.45, 0.525), (0.475, 0.525), (0.5, 0.525), (0.525, 0.525), (0.55, 0.525), (0.575, 0.525), (0.6, 0.525), (0.625, 0.525), (0.65, 0.525), (0.675, 0.525), (0.7, 0.525), (0.725, 0.525), (0.75, 0.525), (0.775, 0.525), (0.8, 0.525), (0.825, 0.525), (0.85, 0.525), (0.875, 0.525), (0.9, 0.525), (0.925, 0.525), (0.95, 0.525), (0.975, 0.525), (1, 0.525), (0, 0.55), (0.025, 0.55), (0.05, 0.55), (0.075, 0.55), (0.1, 0.55), (0.125, 0.55), (0.15, 0.55), (0.175, 0.55), (0.2, 0.55), (0.225, 0.55), (0.25, 0.55), (0.275, 0.55), (0.3, 0.55), (0.325, 0.55), (0.35, 0.55), (0.375, 0.55), (0.4, 0.55), (0.425, 0.55), (0.45, 0.55), (0.475, 0.55), (0.5, 0.55), (0.525, 0.55), (0.55, 0.55), (0.575, 0.55), (0.6, 0.55), (0.625, 0.55), (0.65, 0.55), (0.675, 0.55), (0.7, 0.55), (0.725, 0.55), (0.75, 0.55), (0.775, 0.55), (0.8, 0.55), (0.825, 0.55), (0.85, 0.55), (0.875, 0.55), (0.9, 0.55), (0.925, 0.55), (0.95, 0.55), (0.975, 0.55), (1, 0.55), (0, 0.575), (0.025, 0.575), (0.05, 0.575), (0.075, 0.575), (0.1, 0.575), (0.125, 0.575), (0.15, 0.575), (0.175, 0.575), (0.2, 0.575), (0.225, 0.575), (0.25, 0.575), (0.275, 0.575), (0.3, 0.575), (0.325, 0.575), (0.35, 0.575), (0.375, 0.575), (0.4, 0.575), (0.425, 0.575), (0.45, 0.575), (0.475, 0.575), (0.5, 0.575), (0.525, 0.575), (0.55, 0.575), (0.575, 0.575), (0.6, 0.575), (0.625, 0.575), (0.65, 0.575), (0.675, 0.575), (0.7, 0.575), (0.725, 0.575), (0.75, 0.575), (0.775, 0.575), (0.8, 0.575), (0.825, 0.575), (0.85, 0.575), (0.875, 0.575), (0.9, 0.575), (0.925, 0.575), (0.95, 0.575), (0.975, 0.575), (1, 0.575), (0, 0.6), (0.025, 0.6), (0.05, 0.6), (0.075, 0.6), (0.1, 0.6), (0.125, 0.6), (0.15, 0.6), (0.175, 0.6), (0.2, 0.6), (0.225, 0.6), (0.25, 0.6), (0.275, 0.6), (0.3, 0.6), (0.325, 0.6), (0.35, 0.6), (0.375, 0.6), (0.4, 0.6), (0.425, 0.6), (0.45, 0.6), (0.475, 0.6), (0.5, 0.6), (0.525, 0.6), (0.55, 0.6), (0.575, 0.6), (0.6, 0.6), (0.625, 0.6), (0.65, 0.6), (0.675, 0.6), (0.7, 0.6), (0.725, 0.6), (0.75, 0.6), (0.775, 0.6), (0.8, 0.6), (0.825, 0.6), (0.85, 0.6), (0.875, 0.6), (0.9, 0.6), (0.925, 0.6), (0.95, 0.6), (0.975, 0.6), (1, 0.6), (0, 0.625), (0.025, 0.625), (0.05, 0.625), (0.075, 0.625), (0.1, 0.625), (0.125, 0.625), (0.15, 0.625), (0.175, 0.625), (0.2, 0.625), (0.225, 0.625), (0.25, 0.625), (0.275, 0.625), (0.3, 0.625), (0.325, 0.625), (0.35, 0.625), (0.375, 0.625), (0.4, 0.625), (0.425, 0.625), (0.45, 0.625), (0.475, 0.625), (0.5, 0.625), (0.525, 0.625), (0.55, 0.625), (0.575, 0.625), (0.6, 0.625), (0.625, 0.625), (0.65, 0.625), (0.675, 0.625), (0.7, 0.625), (0.725, 0.625), (0.75, 0.625), (0.775, 0.625), (0.8, 0.625), (0.825, 0.625), (0.85, 0.625), (0.875, 0.625), (0.9, 0.625), (0.925, 0.625), (0.95, 0.625), (0.975, 0.625), (1, 0.625), (0, 0.65), (0.025, 0.65), (0.05, 0.65), (0.075, 0.65), (0.1, 0.65), (0.125, 0.65), (0.15, 0.65), (0.175, 0.65), (0.2, 0.65), (0.225, 0.65), (0.25, 0.65), (0.275, 0.65), (0.3, 0.65), (0.325, 0.65), (0.35, 0.65), (0.375, 0.65), (0.4, 0.65), (0.425, 0.65), (0.45, 0.65), (0.475, 0.65), (0.5, 0.65), (0.525, 0.65), (0.55, 0.65), (0.575, 0.65), (0.6, 0.65), (0.625, 0.65), (0.65, 0.65), (0.675, 0.65), (0.7, 0.65), (0.725, 0.65), (0.75, 0.65), (0.775, 0.65), (0.8, 0.65), (0.825, 0.65), (0.85, 0.65), (0.875, 0.65), (0.9, 0.65), (0.925, 0.65), (0.95, 0.65), (0.975, 0.65), (1, 0.65), (0, 0.675), (0.025, 0.675), (0.05, 0.675), (0.075, 0.675), (0.1, 0.675), (0.125, 0.675), (0.15, 0.675), (0.175, 0.675), (0.2, 0.675), (0.225, 0.675), (0.25, 0.675), (0.275, 0.675), (0.3, 0.675), (0.325, 0.675), (0.35, 0.675), (0.375, 0.675), (0.4, 0.675), (0.425, 0.675), (0.45, 0.675), (0.475, 0.675), (0.5, 0.675), (0.525, 0.675), (0.55, 0.675), (0.575, 0.675), (0.6, 0.675), (0.625, 0.675), (0.65, 0.675), (0.675, 0.675), (0.7, 0.675), (0.725, 0.675), (0.75, 0.675), (0.775, 0.675), (0.8, 0.675), (0.825, 0.675), (0.85, 0.675), (0.875, 0.675), (0.9, 0.675), (0.925, 0.675), (0.95, 0.675), (0.975, 0.675), (1, 0.675), (0, 0.7), (0.025, 0.7), (0.05, 0.7), (0.075, 0.7), (0.1, 0.7), (0.125, 0.7), (0.15, 0.7), (0.175, 0.7), (0.2, 0.7), (0.225, 0.7), (0.25, 0.7), (0.275, 0.7), (0.3, 0.7), (0.325, 0.7), (0.35, 0.7), (0.375, 0.7), (0.4, 0.7), (0.425, 0.7), (0.45, 0.7), (0.475, 0.7), (0.5, 0.7), (0.525, 0.7), (0.55, 0.7), (0.575, 0.7), (0.6, 0.7), (0.625, 0.7), (0.65, 0.7), (0.675, 0.7), (0.7, 0.7), (0.725, 0.7), (0.75, 0.7), (0.775, 0.7), (0.8, 0.7), (0.825, 0.7), (0.85, 0.7), (0.875, 0.7), (0.9, 0.7), (0.925, 0.7), (0.95, 0.7), (0.975, 0.7), (1, 0.7), (0, 0.725), (0.025, 0.725), (0.05, 0.725), (0.075, 0.725), (0.1, 0.725), (0.125, 0.725), (0.15, 0.725), (0.175, 0.725), (0.2, 0.725), (0.225, 0.725), (0.25, 0.725), (0.275, 0.725), (0.3, 0.725), (0.325, 0.725), (0.35, 0.725), (0.375, 0.725), (0.4, 0.725), (0.425, 0.725), (0.45, 0.725), (0.475, 0.725), (0.5, 0.725), (0.525, 0.725), (0.55, 0.725), (0.575, 0.725), (0.6, 0.725), (0.625, 0.725), (0.65, 0.725), (0.675, 0.725), (0.7, 0.725), (0.725, 0.725), (0.75, 0.725), (0.775, 0.725), (0.8, 0.725), (0.825, 0.725), (0.85, 0.725), (0.875, 0.725), (0.9, 0.725), (0.925, 0.725), (0.95, 0.725), (0.975, 0.725), (1, 0.725), (0, 0.75), (0.025, 0.75), (0.05, 0.75), (0.075, 0.75), (0.1, 0.75), (0.125, 0.75), (0.15, 0.75), (0.175, 0.75), (0.2, 0.75), (0.225, 0.75), (0.25, 0.75), (0.275, 0.75), (0.3, 0.75), (0.325, 0.75), (0.35, 0.75), (0.375, 0.75), (0.4, 0.75), (0.425, 0.75), (0.45, 0.75), (0.475, 0.75), (0.5, 0.75), (0.525, 0.75), (0.55, 0.75), (0.575, 0.75), (0.6, 0.75), (0.625, 0.75), (0.65, 0.75), (0.675, 0.75), (0.7, 0.75), (0.725, 0.75), (0.75, 0.75), (0.775, 0.75), (0.8, 0.75), (0.825, 0.75), (0.85, 0.75), (0.875, 0.75), (0.9, 0.75), (0.925, 0.75), (0.95, 0.75), (0.975, 0.75), (1, 0.75), (0, 0.775), (0.025, 0.775), (0.05, 0.775), (0.075, 0.775), (0.1, 0.775), (0.125, 0.775), (0.15, 0.775), (0.175, 0.775), (0.2, 0.775), (0.225, 0.775), (0.25, 0.775), (0.275, 0.775), (0.3, 0.775), (0.325, 0.775), (0.35, 0.775), (0.375, 0.775), (0.4, 0.775), (0.425, 0.775), (0.45, 0.775), (0.475, 0.775), (0.5, 0.775), (0.525, 0.775), (0.55, 0.775), (0.575, 0.775), (0.6, 0.775), (0.625, 0.775), (0.65, 0.775), (0.675, 0.775), (0.7, 0.775), (0.725, 0.775), (0.75, 0.775), (0.775, 0.775), (0.8, 0.775), (0.825, 0.775), (0.85, 0.775), (0.875, 0.775), (0.9, 0.775), (0.925, 0.775), (0.95, 0.775), (0.975, 0.775), (1, 0.775), (0, 0.8), (0.025, 0.8), (0.05, 0.8), (0.075, 0.8), (0.1, 0.8), (0.125, 0.8), (0.15, 0.8), (0.175, 0.8), (0.2, 0.8), (0.225, 0.8), (0.25, 0.8), (0.275, 0.8), (0.3, 0.8), (0.325, 0.8), (0.35, 0.8), (0.375, 0.8), (0.4, 0.8), (0.425, 0.8), (0.45, 0.8), (0.475, 0.8), (0.5, 0.8), (0.525, 0.8), (0.55, 0.8), (0.575, 0.8), (0.6, 0.8), (0.625, 0.8), (0.65, 0.8), (0.675, 0.8), (0.7, 0.8), (0.725, 0.8), (0.75, 0.8), (0.775, 0.8), (0.8, 0.8), (0.825, 0.8), (0.85, 0.8), (0.875, 0.8), (0.9, 0.8), (0.925, 0.8), (0.95, 0.8), (0.975, 0.8), (1, 0.8), (0, 0.825), (0.025, 0.825), (0.05, 0.825), (0.075, 0.825), (0.1, 0.825), (0.125, 0.825), (0.15, 0.825), (0.175, 0.825), (0.2, 0.825), (0.225, 0.825), (0.25, 0.825), (0.275, 0.825), (0.3, 0.825), (0.325, 0.825), (0.35, 0.825), (0.375, 0.825), (0.4, 0.825), (0.425, 0.825), (0.45, 0.825), (0.475, 0.825), (0.5, 0.825), (0.525, 0.825), (0.55, 0.825), (0.575, 0.825), (0.6, 0.825), (0.625, 0.825), (0.65, 0.825), (0.675, 0.825), (0.7, 0.825), (0.725, 0.825), (0.75, 0.825), (0.775, 0.825), (0.8, 0.825), (0.825, 0.825), (0.85, 0.825), (0.875, 0.825), (0.9, 0.825), (0.925, 0.825), (0.95, 0.825), (0.975, 0.825), (1, 0.825), (0, 0.85), (0.025, 0.85), (0.05, 0.85), (0.075, 0.85), (0.1, 0.85), (0.125, 0.85), (0.15, 0.85), (0.175, 0.85), (0.2, 0.85), (0.225, 0.85), (0.25, 0.85), (0.275, 0.85), (0.3, 0.85), (0.325, 0.85), (0.35, 0.85), (0.375, 0.85), (0.4, 0.85), (0.425, 0.85), (0.45, 0.85), (0.475, 0.85), (0.5, 0.85), (0.525, 0.85), (0.55, 0.85), (0.575, 0.85), (0.6, 0.85), (0.625, 0.85), (0.65, 0.85), (0.675, 0.85), (0.7, 0.85), (0.725, 0.85), (0.75, 0.85), (0.775, 0.85), (0.8, 0.85), (0.825, 0.85), (0.85, 0.85), (0.875, 0.85), (0.9, 0.85), (0.925, 0.85), (0.95, 0.85), (0.975, 0.85), (1, 0.85), (0, 0.875), (0.025, 0.875), (0.05, 0.875), (0.075, 0.875), (0.1, 0.875), (0.125, 0.875), (0.15, 0.875), (0.175, 0.875), (0.2, 0.875), (0.225, 0.875), (0.25, 0.875), (0.275, 0.875), (0.3, 0.875), (0.325, 0.875), (0.35, 0.875), (0.375, 0.875), (0.4, 0.875), (0.425, 0.875), (0.45, 0.875), (0.475, 0.875), (0.5, 0.875), (0.525, 0.875), (0.55, 0.875), (0.575, 0.875), (0.6, 0.875), (0.625, 0.875), (0.65, 0.875), (0.675, 0.875), (0.7, 0.875), (0.725, 0.875), (0.75, 0.875), (0.775, 0.875), (0.8, 0.875), (0.825, 0.875), (0.85, 0.875), (0.875, 0.875), (0.9, 0.875), (0.925, 0.875), (0.95, 0.875), (0.975, 0.875), (1, 0.875), (0, 0.9), (0.025, 0.9), (0.05, 0.9), (0.075, 0.9), (0.1, 0.9), (0.125, 0.9), (0.15, 0.9), (0.175, 0.9), (0.2, 0.9), (0.225, 0.9), (0.25, 0.9), (0.275, 0.9), (0.3, 0.9), (0.325, 0.9), (0.35, 0.9), (0.375, 0.9), (0.4, 0.9), (0.425, 0.9), (0.45, 0.9), (0.475, 0.9), (0.5, 0.9), (0.525, 0.9), (0.55, 0.9), (0.575, 0.9), (0.6, 0.9), (0.625, 0.9), (0.65, 0.9), (0.675, 0.9), (0.7, 0.9), (0.725, 0.9), (0.75, 0.9), (0.775, 0.9), (0.8, 0.9), (0.825, 0.9), (0.85, 0.9), (0.875, 0.9), (0.9, 0.9), (0.925, 0.9), (0.95, 0.9), (0.975, 0.9), (1, 0.9), (0, 0.925), (0.025, 0.925), (0.05, 0.925), (0.075, 0.925), (0.1, 0.925), (0.125, 0.925), (0.15, 0.925), (0.175, 0.925), (0.2, 0.925), (0.225, 0.925), (0.25, 0.925), (0.275, 0.925), (0.3, 0.925), (0.325, 0.925), (0.35, 0.925), (0.375, 0.925), (0.4, 0.925), (0.425, 0.925), (0.45, 0.925), (0.475, 0.925), (0.5, 0.925), (0.525, 0.925), (0.55, 0.925), (0.575, 0.925), (0.6, 0.925), (0.625, 0.925), (0.65, 0.925), (0.675, 0.925), (0.7, 0.925), (0.725, 0.925), (0.75, 0.925), (0.775, 0.925), (0.8, 0.925), (0.825, 0.925), (0.85, 0.925), (0.875, 0.925), (0.9, 0.925), (0.925, 0.925), (0.95, 0.925), (0.975, 0.925), (1, 0.925), (0, 0.95), (0.025, 0.95), (0.05, 0.95), (0.075, 0.95), (0.1, 0.95), (0.125, 0.95), (0.15, 0.95), (0.175, 0.95), (0.2, 0.95), (0.225, 0.95), (0.25, 0.95), (0.275, 0.95), (0.3, 0.95), (0.325, 0.95), (0.35, 0.95), (0.375, 0.95), (0.4, 0.95), (0.425, 0.95), (0.45, 0.95), (0.475, 0.95), (0.5, 0.95), (0.525, 0.95), (0.55, 0.95), (0.575, 0.95), (0.6, 0.95), (0.625, 0.95), (0.65, 0.95), (0.675, 0.95), (0.7, 0.95), (0.725, 0.95), (0.75, 0.95), (0.775, 0.95), (0.8, 0.95), (0.825, 0.95), (0.85, 0.95), (0.875, 0.95), (0.9, 0.95), (0.925, 0.95), (0.95, 0.95), (0.975, 0.95), (1, 0.95), (0, 0.975), (0.025, 0.975), (0.05, 0.975), (0.075, 0.975), (0.1, 0.975), (0.125, 0.975), (0.15, 0.975), (0.175, 0.975), (0.2, 0.975), (0.225, 0.975), (0.25, 0.975), (0.275, 0.975), (0.3, 0.975), (0.325, 0.975), (0.35, 0.975), (0.375, 0.975), (0.4, 0.975), (0.425, 0.975), (0.45, 0.975), (0.475, 0.975), (0.5, 0.975), (0.525, 0.975), (0.55, 0.975), (0.575, 0.975), (0.6, 0.975), (0.625, 0.975), (0.65, 0.975), (0.675, 0.975), (0.7, 0.975), (0.725, 0.975), (0.75, 0.975), (0.775, 0.975), (0.8, 0.975), (0.825, 0.975), (0.85, 0.975), (0.875, 0.975), (0.9, 0.975), (0.925, 0.975), (0.95, 0.975), (0.975, 0.975), (1, 0.975), (0, 1), (0.025, 1), (0.05, 1), (0.075, 1), (0.1, 1), (0.125, 1), (0.15, 1), (0.175, 1), (0.2, 1), (0.225, 1), (0.25, 1), (0.275, 1), (0.3, 1), (0.325, 1), (0.35, 1), (0.375, 1), (0.4, 1), (0.425, 1), (0.45, 1), (0.475, 1), (0.5, 1), (0.525, 1), (0.55, 1), (0.575, 1), (0.6, 1), (0.625, 1), (0.65, 1), (0.675, 1), (0.7, 1), (0.725, 1), (0.75, 1), (0.775, 1), (0.8, 1), (0.825, 1), (0.85, 1), (0.875, 1), (0.9, 1), (0.925, 1), (0.95, 1), (0.975, 1), (1, 1)] (
                interpolation = "vertex"
            )
            texCoord2f[] primvars:UVChannel_1 = [(0, 0), (0.025, 0), (0.05, 0), (0.075, 0), (0.1, 0), (0.125, 0), (0.15, 0), (0.175, 0), (0.2, 0), (0.225, 0), (0.25, 0), (0.275, 0), (0.3, 0), (0.325, 0), (0.35, 0), (0.375, 0), (0.4, 0), (0.425, 0), (0.45, 0), (0.475, 0), (0.5, 0), (0.525, 0), (0.55, 0), (0.575, 0), (0.6, 0), (0.625, 0), (0.65, 0), (0.675, 0), (0.7, 0), (0.725, 0), (0.75, 0), (0.775, 0), (0.8, 0), (0.825, 0), (0.85, 0), (0.875, 0), (0.9, 0), (0.925, 0), (0.95, 0), (0.975, 0), (1, 0), (0, 0.025), (0.025, 0.025), (0.05, 0.025), (0.075, 0.025), (0.1, 0.025), (0.125, 0.025), (0.15, 0.025), (0.175, 0.025), (0.2, 0.025), (0.225, 0.025), (0.25, 0.025), (0.275, 0.025), (0.3, 0.025), (0.325, 0.025), (0.35, 0.025), (0.375, 0.025), (0.4, 0.025), (0.425, 0.025), (0.45, 0.025), (0.475, 0.025), (0.5, 0.025), (0.525, 0.025), (0.55, 0.025), (0.575, 0.025), (0.6, 0.025), (0.625, 0.025), (0.65, 0.025), (0.675, 0.025), (0.7, 0.025), (0.725, 0.025), (0.75, 0.025), (0.775, 0.025), (0.8, 0.025), (0.825, 0.025), (0.85, 0.025), (0.875, 0.025), (0.9, 0.025), (0.925, 0.025), (0.95, 0.025), (0.975, 0.025), (1, 0.025), (0, 0.05), (0.025, 0.05), (0.05, 0.05), (0.075, 0.05), (0.1, 0.05), (0.125, 0.05), (0.15, 0.05), (0.175, 0.05), (0.2, 0.05), (0.225, 0.05), (0.25, 0.05), (0.275, 0.05), (0.3, 0.05), (0.325, 0.05), (0.35, 0.05), (0.375, 0.05), (0.4, 0.05), (0.425, 0.05), (0.45, 0.05), (0.475, 0.05), (0.5, 0.05), (0.525, 0.05), (0.55, 0.05), (0.575, 0.05), (0.6, 0.05), (0.625, 0.05), (0.65, 0.05), (0.675, 0.05), (0.7, 0.05), (0.725, 0.05), (0.75, 0.05), (0.775, 0.05), (0.8, 0.05), (0.825, 0.05), (0.85, 0.05), (0.875, 0.05), (0.9, 0.05), (0.925, 0.05), (0.95, 0.05), (0.975, 0.05), (1, 0.05), (0, 0.075), (0.025, 0.075), (0.05, 0.075), (0.075, 0.075), (0.1, 0.075), (0.125, 0.075), (0.15, 0.075), (0.175, 0.075), (0.2, 0.075), (0.225, 0.075), (0.25, 0.075), (0.275, 0.075), (0.3, 0.075), (0.325, 0.075), (0.35, 0.075), (0.375, 0.075), (0.4, 0.075), (0.425, 0.075), (0.45, 0.075), (0.475, 0.075), (0.5, 0.075), (0.525, 0.075), (0.55, 0.075), (0.575, 0.075), (0.6, 0.075), (0.625, 0.075), (0.65, 0.075), (0.675, 0.075), (0.7, 0.075), (0.725, 0.075), (0.75, 0.075), (0.775, 0.075), (0.8, 0.075), (0.825, 0.075), (0.85, 0.075), (0.875, 0.075), (0.9, 0.075), (0.925, 0.075), (0.95, 0.075), (0.975, 0.075), (1, 0.075), (0, 0.1), (0.025, 0.1), (0.05, 0.1), (0.075, 0.1), (0.1, 0.1), (0.125, 0.1), (0.15, 0.1), (0.175, 0.1), (0.2, 0.1), (0.225, 0.1), (0.25, 0.1), (0.275, 0.1), (0.3, 0.1), (0.325, 0.1), (0.35, 0.1), (0.375, 0.1), (0.4, 0.1), (0.425, 0.1), (0.45, 0.1), (0.475, 0.1), (0.5, 0.1), (0.525, 0.1), (0.55, 0.1), (0.575, 0.1), (0.6, 0.1), (0.625, 0.1), (0.65, 0.1), (0.675, 0.1), (0.7, 0.1), (0.725, 0.1), (0.75, 0.1), (0.775, 0.1), (0.8, 0.1), (0.825, 0.1), (0.85, 0.1), (0.875, 0.1), (0.9, 0.1), (0.925, 0.1), (0.95, 0.1), (0.975, 0.1), (1, 0.1), (0, 0.125), (0.025, 0.125), (0.05, 0.125), (0.075, 0.125), (0.1, 0.125), (0.125, 0.125), (0.15, 0.125), (0.175, 0.125), (0.2, 0.125), (0.225, 0.125), (0.25, 0.125), (0.275, 0.125), (0.3, 0.125), (0.325, 0.125), (0.35, 0.125), (0.375, 0.125), (0.4, 0.125), (0.425, 0.125), (0.45, 0.125), (0.475, 0.125), (0.5, 0.125), (0.525, 0.125), (0.55, 0.125), (0.575, 0.125), (0.6, 0.125), (0.625, 0.125), (0.65, 0.125), (0.675, 0.125), (0.7, 0.125), (0.725, 0.125), (0.75, 0.125), (0.775, 0.125), (0.8, 0.125), (0.825, 0.125), (0.85, 0.125), (0.875, 0.125), (0.9, 0.125), (0.925, 0.125), (0.95, 0.125), (0.975, 0.125), (1, 0.125), (0, 0.15), (0.025, 0.15), (0.05, 0.15), (0.075, 0.15), (0.1, 0.15), (0.125, 0.15), (0.15, 0.15), (0.175, 0.15), (0.2, 0.15), (0.225, 0.15), (0.25, 0.15), (0.275, 0.15), (0.3, 0.15), (0.325, 0.15), (0.35, 0.15), (0.375, 0.15), (0.4, 0.15), (0.425, 0.15), (0.45, 0.15), (0.475, 0.15), (0.5, 0.15), (0.525, 0.15), (0.55, 0.15), (0.575, 0.15), (0.6, 0.15), (0.625, 0.15), (0.65, 0.15), (0.675, 0.15), (0.7, 0.15), (0.725, 0.15), (0.75, 0.15), (0.775, 0.15), (0.8, 0.15), (0.825, 0.15), (0.85, 0.15), (0.875, 0.15), (0.9, 0.15), (0.925, 0.15), (0.95, 0.15), (0.975, 0.15), (1, 0.15), (0, 0.175), (0.025, 0.175), (0.05, 0.175), (0.075, 0.175), (0.1, 0.175), (0.125, 0.175), (0.15, 0.175), (0.175, 0.175), (0.2, 0.175), (0.225, 0.175), (0.25, 0.175), (0.275, 0.175), (0.3, 0.175), (0.325, 0.175), (0.35, 0.175), (0.375, 0.175), (0.4, 0.175), (0.425, 0.175), (0.45, 0.175), (0.475, 0.175), (0.5, 0.175), (0.525, 0.175), (0.55, 0.175), (0.575, 0.175), (0.6, 0.175), (0.625, 0.175), (0.65, 0.175), (0.675, 0.175), (0.7, 0.175), (0.725, 0.175), (0.75, 0.175), (0.775, 0.175), (0.8, 0.175), (0.825, 0.175), (0.85, 0.175), (0.875, 0.175), (0.9, 0.175), (0.925, 0.175), (0.95, 0.175), (0.975, 0.175), (1, 0.175), (0, 0.2), (0.025, 0.2), (0.05, 0.2), (0.075, 0.2), (0.1, 0.2), (0.125, 0.2), (0.15, 0.2), (0.175, 0.2), (0.2, 0.2), (0.225, 0.2), (0.25, 0.2), (0.275, 0.2), (0.3, 0.2), (0.325, 0.2), (0.35, 0.2), (0.375, 0.2), (0.4, 0.2), (0.425, 0.2), (0.45, 0.2), (0.475, 0.2), (0.5, 0.2), (0.525, 0.2), (0.55, 0.2), (0.575, 0.2), (0.6, 0.2), (0.625, 0.2), (0.65, 0.2), (0.675, 0.2), (0.7, 0.2), (0.725, 0.2), (0.75, 0.2), (0.775, 0.2), (0.8, 0.2), (0.825, 0.2), (0.85, 0.2), (0.875, 0.2), (0.9, 0.2), (0.925, 0.2), (0.95, 0.2), (0.975, 0.2), (1, 0.2), (0, 0.225), (0.025, 0.225), (0.05, 0.225), (0.075, 0.225), (0.1, 0.225), (0.125, 0.225), (0.15, 0.225), (0.175, 0.225), (0.2, 0.225), (0.225, 0.225), (0.25, 0.225), (0.275, 0.225), (0.3, 0.225), (0.325, 0.225), (0.35, 0.225), (0.375, 0.225), (0.4, 0.225), (0.425, 0.225), (0.45, 0.225), (0.475, 0.225), (0.5, 0.225), (0.525, 0.225), (0.55, 0.225), (0.575, 0.225), (0.6, 0.225), (0.625, 0.225), (0.65, 0.225), (0.675, 0.225), (0.7, 0.225), (0.725, 0.225), (0.75, 0.225), (0.775, 0.225), (0.8, 0.225), (0.825, 0.225), (0.85, 0.225), (0.875, 0.225), (0.9, 0.225), (0.925, 0.225), (0.95, 0.225), (0.975, 0.225), (1, 0.225), (0, 0.25), (0.025, 0.25), (0.05, 0.25), (0.075, 0.25), (0.1, 0.25), (0.125, 0.25), (0.15, 0.25), (0.175, 0.25), (0.2, 0.25), (0.225, 0.25), (0.25, 0.25), (0.275, 0.25), (0.3, 0.25), (0.325, 0.25), (0.35, 0.25), (0.375, 0.25), (0.4, 0.25), (0.425, 0.25), (0.45, 0.25), (0.475, 0.25), (0.5, 0.25), (0.525, 0.25), (0.55, 0.25), (0.575, 0.25), (0.6, 0.25), (0.625, 0.25), (0.65, 0.25), (0.675, 0.25), (0.7, 0.25), (0.725, 0.25), (0.75, 0.25), (0.775, 0.25), (0.8, 0.25), (0.825, 0.25), (0.85, 0.25), (0.875, 0.25), (0.9, 0.25), (0.925, 0.25), (0.95, 0.25), (0.975, 0.25), (1, 0.25), (0, 0.275), (0.025, 0.275), (0.05, 0.275), (0.075, 0.275), (0.1, 0.275), (0.125, 0.275), (0.15, 0.275), (0.175, 0.275), (0.2, 0.275), (0.225, 0.275), (0.25, 0.275), (0.275, 0.275), (0.3, 0.275), (0.325, 0.275), (0.35, 0.275), (0.375, 0.275), (0.4, 0.275), (0.425, 0.275), (0.45, 0.275), (0.475, 0.275), (0.5, 0.275), (0.525, 0.275), (0.55, 0.275), (0.575, 0.275), (0.6, 0.275), (0.625, 0.275), (0.65, 0.275), (0.675, 0.275), (0.7, 0.275), (0.725, 0.275), (0.75, 0.275), (0.775, 0.275), (0.8, 0.275), (0.825, 0.275), (0.85, 0.275), (0.875, 0.275), (0.9, 0.275), (0.925, 0.275), (0.95, 0.275), (0.975, 0.275), (1, 0.275), (0, 0.3), (0.025, 0.3), (0.05, 0.3), (0.075, 0.3), (0.1, 0.3), (0.125, 0.3), (0.15, 0.3), (0.175, 0.3), (0.2, 0.3), (0.225, 0.3), (0.25, 0.3), (0.275, 0.3), (0.3, 0.3), (0.325, 0.3), (0.35, 0.3), (0.375, 0.3), (0.4, 0.3), (0.425, 0.3), (0.45, 0.3), (0.475, 0.3), (0.5, 0.3), (0.525, 0.3), (0.55, 0.3), (0.575, 0.3), (0.6, 0.3), (0.625, 0.3), (0.65, 0.3), (0.675, 0.3), (0.7, 0.3), (0.725, 0.3), (0.75, 0.3), (0.775, 0.3), (0.8, 0.3), (0.825, 0.3), (0.85, 0.3), (0.875, 0.3), (0.9, 0.3), (0.925, 0.3), (0.95, 0.3), (0.975, 0.3), (1, 0.3), (0, 0.325), (0.025, 0.325), (0.05, 0.325), (0.075, 0.325), (0.1, 0.325), (0.125, 0.325), (0.15, 0.325), (0.175, 0.325), (0.2, 0.325), (0.225, 0.325), (0.25, 0.325), (0.275, 0.325), (0.3, 0.325), (0.325, 0.325), (0.35, 0.325), (0.375, 0.325), (0.4, 0.325), (0.425, 0.325), (0.45, 0.325), (0.475, 0.325), (0.5, 0.325), (0.525, 0.325), (0.55, 0.325), (0.575, 0.325), (0.6, 0.325), (0.625, 0.325), (0.65, 0.325), (0.675, 0.325), (0.7, 0.325), (0.725, 0.325), (0.75, 0.325), (0.775, 0.325), (0.8, 0.325), (0.825, 0.325), (0.85, 0.325), (0.875, 0.325), (0.9, 0.325), (0.925, 0.325), (0.95, 0.325), (0.975, 0.325), (1, 0.325), (0, 0.35), (0.025, 0.35), (0.05, 0.35), (0.075, 0.35), (0.1, 0.35), (0.125, 0.35), (0.15, 0.35), (0.175, 0.35), (0.2, 0.35), (0.225, 0.35), (0.25, 0.35), (0.275, 0.35), (0.3, 0.35), (0.325, 0.35), (0.35, 0.35), (0.375, 0.35), (0.4, 0.35), (0.425, 0.35), (0.45, 0.35), (0.475, 0.35), (0.5, 0.35), (0.525, 0.35), (0.55, 0.35), (0.575, 0.35), (0.6, 0.35), (0.625, 0.35), (0.65, 0.35), (0.675, 0.35), (0.7, 0.35), (0.725, 0.35), (0.75, 0.35), (0.775, 0.35), (0.8, 0.35), (0.825, 0.35), (0.85, 0.35), (0.875, 0.35), (0.9, 0.35), (0.925, 0.35), (0.95, 0.35), (0.975, 0.35), (1, 0.35), (0, 0.375), (0.025, 0.375), (0.05, 0.375), (0.075, 0.375), (0.1, 0.375), (0.125, 0.375), (0.15, 0.375), (0.175, 0.375), (0.2, 0.375), (0.225, 0.375), (0.25, 0.375), (0.275, 0.375), (0.3, 0.375), (0.325, 0.375), (0.35, 0.375), (0.375, 0.375), (0.4, 0.375), (0.425, 0.375), (0.45, 0.375), (0.475, 0.375), (0.5, 0.375), (0.525, 0.375), (0.55, 0.375), (0.575, 0.375), (0.6, 0.375), (0.625, 0.375), (0.65, 0.375), (0.675, 0.375), (0.7, 0.375), (0.725, 0.375), (0.75, 0.375), (0.775, 0.375), (0.8, 0.375), (0.825, 0.375), (0.85, 0.375), (0.875, 0.375), (0.9, 0.375), (0.925, 0.375), (0.95, 0.375), (0.975, 0.375), (1, 0.375), (0, 0.4), (0.025, 0.4), (0.05, 0.4), (0.075, 0.4), (0.1, 0.4), (0.125, 0.4), (0.15, 0.4), (0.175, 0.4), (0.2, 0.4), (0.225, 0.4), (0.25, 0.4), (0.275, 0.4), (0.3, 0.4), (0.325, 0.4), (0.35, 0.4), (0.375, 0.4), (0.4, 0.4), (0.425, 0.4), (0.45, 0.4), (0.475, 0.4), (0.5, 0.4), (0.525, 0.4), (0.55, 0.4), (0.575, 0.4), (0.6, 0.4), (0.625, 0.4), (0.65, 0.4), (0.675, 0.4), (0.7, 0.4), (0.725, 0.4), (0.75, 0.4), (0.775, 0.4), (0.8, 0.4), (0.825, 0.4), (0.85, 0.4), (0.875, 0.4), (0.9, 0.4), (0.925, 0.4), (0.95, 0.4), (0.975, 0.4), (1, 0.4), (0, 0.425), (0.025, 0.425), (0.05, 0.425), (0.075, 0.425), (0.1, 0.425), (0.125, 0.425), (0.15, 0.425), (0.175, 0.425), (0.2, 0.425), (0.225, 0.425), (0.25, 0.425), (0.275, 0.425), (0.3, 0.425), (0.325, 0.425), (0.35, 0.425), (0.375, 0.425), (0.4, 0.425), (0.425, 0.425), (0.45, 0.425), (0.475, 0.425), (0.5, 0.425), (0.525, 0.425), (0.55, 0.425), (0.575, 0.425), (0.6, 0.425), (0.625, 0.425), (0.65, 0.425), (0.675, 0.425), (0.7, 0.425), (0.725, 0.425), (0.75, 0.425), (0.775, 0.425), (0.8, 0.425), (0.825, 0.425), (0.85, 0.425), (0.875, 0.425), (0.9, 0.425), (0.925, 0.425), (0.95, 0.425), (0.975, 0.425), (1, 0.425), (0, 0.45), (0.025, 0.45), (0.05, 0.45), (0.075, 0.45), (0.1, 0.45), (0.125, 0.45), (0.15, 0.45), (0.175, 0.45), (0.2, 0.45), (0.225, 0.45), (0.25, 0.45), (0.275, 0.45), (0.3, 0.45), (0.325, 0.45), (0.35, 0.45), (0.375, 0.45), (0.4, 0.45), (0.425, 0.45), (0.45, 0.45), (0.475, 0.45), (0.5, 0.45), (0.525, 0.45), (0.55, 0.45), (0.575, 0.45), (0.6, 0.45), (0.625, 0.45), (0.65, 0.45), (0.675, 0.45), (0.7, 0.45), (0.725, 0.45), (0.75, 0.45), (0.775, 0.45), (0.8, 0.45), (0.825, 0.45), (0.85, 0.45), (0.875, 0.45), (0.9, 0.45), (0.925, 0.45), (0.95, 0.45), (0.975, 0.45), (1, 0.45), (0, 0.475), (0.025, 0.475), (0.05, 0.475), (0.075, 0.475), (0.1, 0.475), (0.125, 0.475), (0.15, 0.475), (0.175, 0.475), (0.2, 0.475), (0.225, 0.475), (0.25, 0.475), (0.275, 0.475), (0.3, 0.475), (0.325, 0.475), (0.35, 0.475), (0.375, 0.475), (0.4, 0.475), (0.425, 0.475), (0.45, 0.475), (0.475, 0.475), (0.5, 0.475), (0.525, 0.475), (0.55, 0.475), (0.575, 0.475), (0.6, 0.475), (0.625, 0.475), (0.65, 0.475), (0.675, 0.475), (0.7, 0.475), (0.725, 0.475), (0.75, 0.475), (0.775, 0.475), (0.8, 0.475), (0.825, 0.475), (0.85, 0.475), (0.875, 0.475), (0.9, 0.475), (0.925, 0.475), (0.95, 0.475), (0.975, 0.475), (1, 0.475), (0, 0.5), (0.025, 0.5), (0.05, 0.5), (0.075, 0.5), (0.1, 0.5), (0.125, 0.5), (0.15, 0.5), (0.175, 0.5), (0.2, 0.5), (0.225, 0.5), (0.25, 0.5), (0.275, 0.5), (0.3, 0.5), (0.325, 0.5), (0.35, 0.5), (0.375, 0.5), (0.4, 0.5), (0.425, 0.5), (0.45, 0.5), (0.475, 0.5), (0.5, 0.5), (0.525, 0.5), (0.55, 0.5), (0.575, 0.5), (0.6, 0.5), (0.625, 0.5), (0.65, 0.5), (0.675, 0.5), (0.7, 0.5), (0.725, 0.5), (0.75, 0.5), (0.775, 0.5), (0.8, 0.5), (0.825, 0.5), (0.85, 0.5), (0.875, 0.5), (0.9, 0.5), (0.925, 0.5), (0.95, 0.5), (0.975, 0.5), (1, 0.5), (0, 0.525), (0.025, 0.525), (0.05, 0.525), (0.075, 0.525), (0.1, 0.525), (0.125, 0.525), (0.15, 0.525), (0.175, 0.525), (0.2, 0.525), (0.225, 0.525), (0.25, 0.525), (0.275, 0.525), (0.3, 0.525), (0.325, 0.525), (0.35, 0.525), (0.375, 0.525), (0.4, 0.525), (0.425, 0.525), (0.45, 0.525), (0.475, 0.525), (0.5, 0.525), (0.525, 0.525), (0.55, 0.525), (0.575, 0.525), (0.6, 0.525), (0.625, 0.525), (0.65, 0.525), (0.675, 0.525), (0.7, 0.525), (0.725, 0.525), (0.75, 0.525), (0.775, 0.525), (0.8, 0.525), (0.825, 0.525), (0.85, 0.525), (0.875, 0.525), (0.9, 0.525), (0.925, 0.525), (0.95, 0.525), (0.975, 0.525), (1, 0.525), (0, 0.55), (0.025, 0.55), (0.05, 0.55), (0.075, 0.55), (0.1, 0.55), (0.125, 0.55), (0.15, 0.55), (0.175, 0.55), (0.2, 0.55), (0.225, 0.55), (0.25, 0.55), (0.275, 0.55), (0.3, 0.55), (0.325, 0.55), (0.35, 0.55), (0.375, 0.55), (0.4, 0.55), (0.425, 0.55), (0.45, 0.55), (0.475, 0.55), (0.5, 0.55), (0.525, 0.55), (0.55, 0.55), (0.575, 0.55), (0.6, 0.55), (0.625, 0.55), (0.65, 0.55), (0.675, 0.55), (0.7, 0.55), (0.725, 0.55), (0.75, 0.55), (0.775, 0.55), (0.8, 0.55), (0.825, 0.55), (0.85, 0.55), (0.875, 0.55), (0.9, 0.55), (0.925, 0.55), (0.95, 0.55), (0.975, 0.55), (1, 0.55), (0, 0.575), (0.025, 0.575), (0.05, 0.575), (0.075, 0.575), (0.1, 0.575), (0.125, 0.575), (0.15, 0.575), (0.175, 0.575), (0.2, 0.575), (0.225, 0.575), (0.25, 0.575), (0.275, 0.575), (0.3, 0.575), (0.325, 0.575), (0.35, 0.575), (0.375, 0.575), (0.4, 0.575), (0.425, 0.575), (0.45, 0.575), (0.475, 0.575), (0.5, 0.575), (0.525, 0.575), (0.55, 0.575), (0.575, 0.575), (0.6, 0.575), (0.625, 0.575), (0.65, 0.575), (0.675, 0.575), (0.7, 0.575), (0.725, 0.575), (0.75, 0.575), (0.775, 0.575), (0.8, 0.575), (0.825, 0.575), (0.85, 0.575), (0.875, 0.575), (0.9, 0.575), (0.925, 0.575), (0.95, 0.575), (0.975, 0.575), (1, 0.575), (0, 0.6), (0.025, 0.6), (0.05, 0.6), (0.075, 0.6), (0.1, 0.6), (0.125, 0.6), (0.15, 0.6), (0.175, 0.6), (0.2, 0.6), (0.225, 0.6), (0.25, 0.6), (0.275, 0.6), (0.3, 0.6), (0.325, 0.6), (0.35, 0.6), (0.375, 0.6), (0.4, 0.6), (0.425, 0.6), (0.45, 0.6), (0.475, 0.6), (0.5, 0.6), (0.525, 0.6), (0.55, 0.6), (0.575, 0.6), (0.6, 0.6), (0.625, 0.6), (0.65, 0.6), (0.675, 0.6), (0.7, 0.6), (0.725, 0.6), (0.75, 0.6), (0.775, 0.6), (0.8, 0.6), (0.825, 0.6), (0.85, 0.6), (0.875, 0.6), (0.9, 0.6), (0.925, 0.6), (0.95, 0.6), (0.975, 0.6), (1, 0.6), (0, 0.625), (0.025, 0.625), (0.05, 0.625), (0.075, 0.625), (0.1, 0.625), (0.125, 0.625), (0.15, 0.625), (0.175, 0.625), (0.2, 0.625), (0.225, 0.625), (0.25, 0.625), (0.275, 0.625), (0.3, 0.625), (0.325, 0.625), (0.35, 0.625), (0.375, 0.625), (0.4, 0.625), (0.425, 0.625), (0.45, 0.625), (0.475, 0.625), (0.5, 0.625), (0.525, 0.625), (0.55, 0.625), (0.575, 0.625), (0.6, 0.625), (0.625, 0.625), (0.65, 0.625), (0.675, 0.625), (0.7, 0.625), (0.725, 0.625), (0.75, 0.625), (0.775, 0.625), (0.8, 0.625), (0.825, 0.625), (0.85, 0.625), (0.875, 0.625), (0.9, 0.625), (0.925, 0.625), (0.95, 0.625), (0.975, 0.625), (1, 0.625), (0, 0.65), (0.025, 0.65), (0.05, 0.65), (0.075, 0.65), (0.1, 0.65), (0.125, 0.65), (0.15, 0.65), (0.175, 0.65), (0.2, 0.65), (0.225, 0.65), (0.25, 0.65), (0.275, 0.65), (0.3, 0.65), (0.325, 0.65), (0.35, 0.65), (0.375, 0.65), (0.4, 0.65), (0.425, 0.65), (0.45, 0.65), (0.475, 0.65), (0.5, 0.65), (0.525, 0.65), (0.55, 0.65), (0.575, 0.65), (0.6, 0.65), (0.625, 0.65), (0.65, 0.65), (0.675, 0.65), (0.7, 0.65), (0.725, 0.65), (0.75, 0.65), (0.775, 0.65), (0.8, 0.65), (0.825, 0.65), (0.85, 0.65), (0.875, 0.65), (0.9, 0.65), (0.925, 0.65), (0.95, 0.65), (0.975, 0.65), (1, 0.65), (0, 0.675), (0.025, 0.675), (0.05, 0.675), (0.075, 0.675), (0.1, 0.675), (0.125, 0.675), (0.15, 0.675), (0.175, 0.675), (0.2, 0.675), (0.225, 0.675), (0.25, 0.675), (0.275, 0.675), (0.3, 0.675), (0.325, 0.675), (0.35, 0.675), (0.375, 0.675), (0.4, 0.675), (0.425, 0.675), (0.45, 0.675), (0.475, 0.675), (0.5, 0.675), (0.525, 0.675), (0.55, 0.675), (0.575, 0.675), (0.6, 0.675), (0.625, 0.675), (0.65, 0.675), (0.675, 0.675), (0.7, 0.675), (0.725, 0.675), (0.75, 0.675), (0.775, 0.675), (0.8, 0.675), (0.825, 0.675), (0.85, 0.675), (0.875, 0.675), (0.9, 0.675), (0.925, 0.675), (0.95, 0.675), (0.975, 0.675), (1, 0.675), (0, 0.7), (0.025, 0.7), (0.05, 0.7), (0.075, 0.7), (0.1, 0.7), (0.125, 0.7), (0.15, 0.7), (0.175, 0.7), (0.2, 0.7), (0.225, 0.7), (0.25, 0.7), (0.275, 0.7), (0.3, 0.7), (0.325, 0.7), (0.35, 0.7), (0.375, 0.7), (0.4, 0.7), (0.425, 0.7), (0.45, 0.7), (0.475, 0.7), (0.5, 0.7), (0.525, 0.7), (0.55, 0.7), (0.575, 0.7), (0.6, 0.7), (0.625, 0.7), (0.65, 0.7), (0.675, 0.7), (0.7, 0.7), (0.725, 0.7), (0.75, 0.7), (0.775, 0.7), (0.8, 0.7), (0.825, 0.7), (0.85, 0.7), (0.875, 0.7), (0.9, 0.7), (0.925, 0.7), (0.95, 0.7), (0.975, 0.7), (1, 0.7), (0, 0.725), (0.025, 0.725), (0.05, 0.725), (0.075, 0.725), (0.1, 0.725), (0.125, 0.725), (0.15, 0.725), (0.175, 0.725), (0.2, 0.725), (0.225, 0.725), (0.25, 0.725), (0.275, 0.725), (0.3, 0.725), (0.325, 0.725), (0.35, 0.725), (0.375, 0.725), (0.4, 0.725), (0.425, 0.725), (0.45, 0.725), (0.475, 0.725), (0.5, 0.725), (0.525, 0.725), (0.55, 0.725), (0.575, 0.725), (0.6, 0.725), (0.625, 0.725), (0.65, 0.725), (0.675, 0.725), (0.7, 0.725), (0.725, 0.725), (0.75, 0.725), (0.775, 0.725), (0.8, 0.725), (0.825, 0.725), (0.85, 0.725), (0.875, 0.725), (0.9, 0.725), (0.925, 0.725), (0.95, 0.725), (0.975, 0.725), (1, 0.725), (0, 0.75), (0.025, 0.75), (0.05, 0.75), (0.075, 0.75), (0.1, 0.75), (0.125, 0.75), (0.15, 0.75), (0.175, 0.75), (0.2, 0.75), (0.225, 0.75), (0.25, 0.75), (0.275, 0.75), (0.3, 0.75), (0.325, 0.75), (0.35, 0.75), (0.375, 0.75), (0.4, 0.75), (0.425, 0.75), (0.45, 0.75), (0.475, 0.75), (0.5, 0.75), (0.525, 0.75), (0.55, 0.75), (0.575, 0.75), (0.6, 0.75), (0.625, 0.75), (0.65, 0.75), (0.675, 0.75), (0.7, 0.75), (0.725, 0.75), (0.75, 0.75), (0.775, 0.75), (0.8, 0.75), (0.825, 0.75), (0.85, 0.75), (0.875, 0.75), (0.9, 0.75), (0.925, 0.75), (0.95, 0.75), (0.975, 0.75), (1, 0.75), (0, 0.775), (0.025, 0.775), (0.05, 0.775), (0.075, 0.775), (0.1, 0.775), (0.125, 0.775), (0.15, 0.775), (0.175, 0.775), (0.2, 0.775), (0.225, 0.775), (0.25, 0.775), (0.275, 0.775), (0.3, 0.775), (0.325, 0.775), (0.35, 0.775), (0.375, 0.775), (0.4, 0.775), (0.425, 0.775), (0.45, 0.775), (0.475, 0.775), (0.5, 0.775), (0.525, 0.775), (0.55, 0.775), (0.575, 0.775), (0.6, 0.775), (0.625, 0.775), (0.65, 0.775), (0.675, 0.775), (0.7, 0.775), (0.725, 0.775), (0.75, 0.775), (0.775, 0.775), (0.8, 0.775), (0.825, 0.775), (0.85, 0.775), (0.875, 0.775), (0.9, 0.775), (0.925, 0.775), (0.95, 0.775), (0.975, 0.775), (1, 0.775), (0, 0.8), (0.025, 0.8), (0.05, 0.8), (0.075, 0.8), (0.1, 0.8), (0.125, 0.8), (0.15, 0.8), (0.175, 0.8), (0.2, 0.8), (0.225, 0.8), (0.25, 0.8), (0.275, 0.8), (0.3, 0.8), (0.325, 0.8), (0.35, 0.8), (0.375, 0.8), (0.4, 0.8), (0.425, 0.8), (0.45, 0.8), (0.475, 0.8), (0.5, 0.8), (0.525, 0.8), (0.55, 0.8), (0.575, 0.8), (0.6, 0.8), (0.625, 0.8), (0.65, 0.8), (0.675, 0.8), (0.7, 0.8), (0.725, 0.8), (0.75, 0.8), (0.775, 0.8), (0.8, 0.8), (0.825, 0.8), (0.85, 0.8), (0.875, 0.8), (0.9, 0.8), (0.925, 0.8), (0.95, 0.8), (0.975, 0.8), (1, 0.8), (0, 0.825), (0.025, 0.825), (0.05, 0.825), (0.075, 0.825), (0.1, 0.825), (0.125, 0.825), (0.15, 0.825), (0.175, 0.825), (0.2, 0.825), (0.225, 0.825), (0.25, 0.825), (0.275, 0.825), (0.3, 0.825), (0.325, 0.825), (0.35, 0.825), (0.375, 0.825), (0.4, 0.825), (0.425, 0.825), (0.45, 0.825), (0.475, 0.825), (0.5, 0.825), (0.525, 0.825), (0.55, 0.825), (0.575, 0.825), (0.6, 0.825), (0.625, 0.825), (0.65, 0.825), (0.675, 0.825), (0.7, 0.825), (0.725, 0.825), (0.75, 0.825), (0.775, 0.825), (0.8, 0.825), (0.825, 0.825), (0.85, 0.825), (0.875, 0.825), (0.9, 0.825), (0.925, 0.825), (0.95, 0.825), (0.975, 0.825), (1, 0.825), (0, 0.85), (0.025, 0.85), (0.05, 0.85), (0.075, 0.85), (0.1, 0.85), (0.125, 0.85), (0.15, 0.85), (0.175, 0.85), (0.2, 0.85), (0.225, 0.85), (0.25, 0.85), (0.275, 0.85), (0.3, 0.85), (0.325, 0.85), (0.35, 0.85), (0.375, 0.85), (0.4, 0.85), (0.425, 0.85), (0.45, 0.85), (0.475, 0.85), (0.5, 0.85), (0.525, 0.85), (0.55, 0.85), (0.575, 0.85), (0.6, 0.85), (0.625, 0.85), (0.65, 0.85), (0.675, 0.85), (0.7, 0.85), (0.725, 0.85), (0.75, 0.85), (0.775, 0.85), (0.8, 0.85), (0.825, 0.85), (0.85, 0.85), (0.875, 0.85), (0.9, 0.85), (0.925, 0.85), (0.95, 0.85), (0.975, 0.85), (1, 0.85), (0, 0.875), (0.025, 0.875), (0.05, 0.875), (0.075, 0.875), (0.1, 0.875), (0.125, 0.875), (0.15, 0.875), (0.175, 0.875), (0.2, 0.875), (0.225, 0.875), (0.25, 0.875), (0.275, 0.875), (0.3, 0.875), (0.325, 0.875), (0.35, 0.875), (0.375, 0.875), (0.4, 0.875), (0.425, 0.875), (0.45, 0.875), (0.475, 0.875), (0.5, 0.875), (0.525, 0.875), (0.55, 0.875), (0.575, 0.875), (0.6, 0.875), (0.625, 0.875), (0.65, 0.875), (0.675, 0.875), (0.7, 0.875), (0.725, 0.875), (0.75, 0.875), (0.775, 0.875), (0.8, 0.875), (0.825, 0.875), (0.85, 0.875), (0.875, 0.875), (0.9, 0.875), (0.925, 0.875), (0.95, 0.875), (0.975, 0.875), (1, 0.875), (0, 0.9), (0.025, 0.9), (0.05, 0.9), (0.075, 0.9), (0.1, 0.9), (0.125, 0.9), (0.15, 0.9), (0.175, 0.9), (0.2, 0.9), (0.225, 0.9), (0.25, 0.9), (0.275, 0.9), (0.3, 0.9), (0.325, 0.9), (0.35, 0.9), (0.375, 0.9), (0.4, 0.9), (0.425, 0.9), (0.45, 0.9), (0.475, 0.9), (0.5, 0.9), (0.525, 0.9), (0.55, 0.9), (0.575, 0.9), (0.6, 0.9), (0.625, 0.9), (0.65, 0.9), (0.675, 0.9), (0.7, 0.9), (0.725, 0.9), (0.75, 0.9), (0.775, 0.9), (0.8, 0.9), (0.825, 0.9), (0.85, 0.9), (0.875, 0.9), (0.9, 0.9), (0.925, 0.9), (0.95, 0.9), (0.975, 0.9), (1, 0.9), (0, 0.925), (0.025, 0.925), (0.05, 0.925), (0.075, 0.925), (0.1, 0.925), (0.125, 0.925), (0.15, 0.925), (0.175, 0.925), (0.2, 0.925), (0.225, 0.925), (0.25, 0.925), (0.275, 0.925), (0.3, 0.925), (0.325, 0.925), (0.35, 0.925), (0.375, 0.925), (0.4, 0.925), (0.425, 0.925), (0.45, 0.925), (0.475, 0.925), (0.5, 0.925), (0.525, 0.925), (0.55, 0.925), (0.575, 0.925), (0.6, 0.925), (0.625, 0.925), (0.65, 0.925), (0.675, 0.925), (0.7, 0.925), (0.725, 0.925), (0.75, 0.925), (0.775, 0.925), (0.8, 0.925), (0.825, 0.925), (0.85, 0.925), (0.875, 0.925), (0.9, 0.925), (0.925, 0.925), (0.95, 0.925), (0.975, 0.925), (1, 0.925), (0, 0.95), (0.025, 0.95), (0.05, 0.95), (0.075, 0.95), (0.1, 0.95), (0.125, 0.95), (0.15, 0.95), (0.175, 0.95), (0.2, 0.95), (0.225, 0.95), (0.25, 0.95), (0.275, 0.95), (0.3, 0.95), (0.325, 0.95), (0.35, 0.95), (0.375, 0.95), (0.4, 0.95), (0.425, 0.95), (0.45, 0.95), (0.475, 0.95), (0.5, 0.95), (0.525, 0.95), (0.55, 0.95), (0.575, 0.95), (0.6, 0.95), (0.625, 0.95), (0.65, 0.95), (0.675, 0.95), (0.7, 0.95), (0.725, 0.95), (0.75, 0.95), (0.775, 0.95), (0.8, 0.95), (0.825, 0.95), (0.85, 0.95), (0.875, 0.95), (0.9, 0.95), (0.925, 0.95), (0.95, 0.95), (0.975, 0.95), (1, 0.95), (0, 0.975), (0.025, 0.975), (0.05, 0.975), (0.075, 0.975), (0.1, 0.975), (0.125, 0.975), (0.15, 0.975), (0.175, 0.975), (0.2, 0.975), (0.225, 0.975), (0.25, 0.975), (0.275, 0.975), (0.3, 0.975), (0.325, 0.975), (0.35, 0.975), (0.375, 0.975), (0.4, 0.975), (0.425, 0.975), (0.45, 0.975), (0.475, 0.975), (0.5, 0.975), (0.525, 0.975), (0.55, 0.975), (0.575, 0.975), (0.6, 0.975), (0.625, 0.975), (0.65, 0.975), (0.675, 0.975), (0.7, 0.975), (0.725, 0.975), (0.75, 0.975), (0.775, 0.975), (0.8, 0.975), (0.825, 0.975), (0.85, 0.975), (0.875, 0.975), (0.9, 0.975), (0.925, 0.975), (0.95, 0.975), (0.975, 0.975), (1, 0.975), (0, 1), (0.025, 1), (0.05, 1), (0.075, 1), (0.1, 1), (0.125, 1), (0.15, 1), (0.175, 1), (0.2, 1), (0.225, 1), (0.25, 1), (0.275, 1), (0.3, 1), (0.325, 1), (0.35, 1), (0.375, 1), (0.4, 1), (0.425, 1), (0.45, 1), (0.475, 1), (0.5, 1), (0.525, 1), (0.55, 1), (0.575, 1), (0.6, 1), (0.625, 1), (0.65, 1), (0.675, 1), (0.7, 1), (0.725, 1), (0.75, 1), (0.775, 1), (0.8, 1), (0.825, 1), (0.85, 1), (0.875, 1), (0.9, 1), (0.925, 1), (0.95, 1), (0.975, 1), (1, 1)] (
                interpolation = "vertex"
            )
            uniform token subdivisionScheme = "none"

            def RealityKitComponent "SceneUnderstanding"
            {
                custom token info:id = "RealityKit.SceneUnderstanding"
            }
        }
    }

    def Xform "Player"
    {
        double3 xformOp:translate = (0, 2.35, -10.2)
        uniform token[] xformOpOrder = ["xformOp:translate"]

        def RealityKitComponent "CustomDockingRegion"
        {
            custom token info:id = "RealityKit.CustomDockingRegion"

            def RealityKitStruct "m_bounds"
            {
                custom float3 max = (7, 2.9166667, 0)
                custom float3 min = (-7, -2.9166667, 0)
            }
        }
    }

    def "Reverb"
    {
        def RealityKitComponent "Reverb"
        {
            custom token info:id = "RealityKit.Reverb"
            custom token reverbPreset = "REAudioReverbPresetLargeRoom"
        }
    }
}

